event_id,time,mag,dist_km,depth,snr,location
627217,2024-05-01 00:00:29,1.2,213.77354170529276,6.59,1.0837556604386622,Marmara Denizi - Gemlik Körfezi - [03.10 km] Mudanya (Bursa)
627218,2024-05-01 00:09:30,1.7,218.6267336478066,8.43,1.4644387530879617,Döşemealtı (Antalya)
627224,2024-05-01 02:13:31,1.0,264.70924613354947,7.0,1.0102140881329131,Akşehir (Konya)
627227,2024-05-01 02:52:55,1.6,118.50014596248302,7.0,3.903433309696927,Yunusemre (Manisa)
627231,2024-05-01 03:46:47,1.6,263.1278885863223,7.0,1.0124320196255616,Doğanhisar (Konya)
627232,2024-05-01 03:51:26,1.6,73.25385968153125,6.65,14.9092740428935,Pamukkale (Denizli)
627233,2024-05-01 03:49:12,1.8,158.6266259005578,7.06,2.2334995125819685,Ege Denizi - [20.49 km] Seferihisar (İzmir)
627234,2024-05-01 03:54:53,1.5,269.23150905816993,5.36,1.0812614593337824,Marmara Denizi - [03.43 km] Şarköy (Tekirdağ)
627235,2024-05-01 04:24:50,1.4,158.90163685673002,6.91,1.0044064299645346,Köyceğiz (Muğla)
627239,2024-05-01 05:52:10,1.7,263.0525514288404,7.3,1.0518557978824874,Doğanhisar (Konya)
627241,2024-05-01 05:49:47,2.0,158.54776357019853,7.42,2.7269159933653206,Ege Denizi - [08.70 km] Foça (İzmir)
627245,2024-05-01 07:38:55,1.3,393.1555787470063,7.0,1.0261118701201224,Karatay (Konya)
627248,2024-05-01 08:41:26,1.0,85.17522435532851,10.85,1.262901698175802,Yenipazar (Aydın)
627249,2024-05-01 09:26:52,1.5,160.13854974377355,6.98,0.06690063319062238,Milas (Muğla)
627250,2024-05-01 09:30:15,1.7,224.72474333724935,6.89,0.8853934706090044,Çan (Çanakkale)
627251,2024-05-01 09:49:58,1.2,153.2439962135465,7.0,0.7390577182979887,Tavşanlı (Kütahya)
627254,2024-05-01 10:04:33,1.4,285.3609576530323,6.92,0.9747233958826075,Sivrihisar (Eskişehir)
627256,2024-05-01 12:26:28,2.0,201.33093533429243,7.34,1.3676784913428746,Ege Denizi - [47.21 km] Urla (İzmir)
627262,2024-05-01 15:48:31,1.9,201.01503999181932,8.15,0.7948272775669875,Ege Denizi - [12.55 km] Çeşme (İzmir)
627263,2024-05-01 15:55:34,1.7,204.8838002718603,6.37,0.7241565923687918,Ege Denizi - [26.27 km] Çeşme (İzmir)
627264,2024-05-01 15:48:06,1.5,263.2478175785684,7.61,1.2184433054989101,Akşehir (Konya)
627285,2024-05-01 21:13:57,2.0,393.17033919344277,7.43,1.1833804654230988,Akdeniz - [114.12 km] Demre (Antalya)
627286,2024-05-01 21:15:58,1.1,261.32164785993496,10.62,0.8753474472604486,Tuzlukçu (Konya)
627292,2024-05-01 22:00:24,1.4,235.8967846611923,7.04,1.1411278483338174,Marmara Denizi - [06.71 km] Armutlu (Yalova)
627293,2024-05-01 22:14:06,1.1,108.38714692511141,7.02,1.7722919033066409,Dursunbey (Balıkesir)
627296,2024-05-01 22:17:05,1.5,215.47406934039248,7.0,1.007541233333677,Ege Denizi - [12.82 km] Bodrum (Muğla)
627297,2024-05-01 22:49:50,2.0,224.62076018449048,6.74,1.011563705783337,Ege Denizi - [40.23 km] Karaburun (İzmir)
627298,2024-05-01 22:51:23,1.5,199.32283601807205,9.01,0.9030013077768996,Yenice (Çanakkale)
627300,2024-05-01 23:21:08,3.1,461.48178065049524,9.03,1.5055435436826485,Emirgazi (Konya)
627306,2024-05-02 00:03:33,1.3,152.32366996827034,6.93,0.9427786358289,Yeşilova (Burdur)
627307,2024-05-02 00:29:20,0.9,199.56061558273794,6.9,1.0652606116842094,Eğirdir Gölü - [06.95 km] Yalvaç (Isparta)
627309,2024-05-02 00:40:11,1.0,157.09024225045908,7.0,0.7807073356875297,Ege Denizi - Kuşadası Körfezi - [19.52 km] Kuşadası (Aydın)
627314,2024-05-02 02:17:49,1.4,465.10190882755717,7.0,0.9434821096829521,Emirgazi (Konya)
627317,2024-05-02 03:26:29,1.4,270.7125229187224,10.09,0.9593083347950301,Marmara Denizi - [02.71 km] Şarköy (Tekirdağ)
627320,2024-05-02 04:17:05,1.2,170.44648293475845,7.0,1.1388804295974237,Ege Denizi - Gökova Körfezi - [04.63 km] Marmaris (Muğla)
627328,2024-05-02 05:24:51,1.1,16.484615772837863,7.0,16.0383164240177,Alaşehir (Manisa)
627329,2024-05-02 05:17:21,1.9,386.68732286873166,11.87,0.9278969712653361,Yeniçağa (Bolu)
627330,2024-05-02 05:42:56,0.9,166.73179501764244,7.0,0.8584734658205867,Acıpayam (Denizli)
627336,2024-05-02 06:38:03,1.0,442.4869004121761,7.0,1.0072220307819426,Kalecik (Ankara)
627343,2024-05-02 08:54:49,3.2,357.40584673659686,19.0,1.2991815722444993,Akdeniz - [66.13 km] Kumluca (Antalya)
627344,2024-05-02 08:58:06,1.6,162.07974105969382,6.56,0.8304674140080534,Milas (Muğla)
627347,2024-05-02 08:07:34,1.3,147.6561995296292,6.97,0.9498972055948683,Tavşanlı (Kütahya)
627350,2024-05-02 09:28:41,0.9,363.350177459033,7.14,0.9462364017780004,Yığılca (Düzce)
627352,2024-05-02 09:58:40,1.3,152.10517321440395,7.0,1.1215102098973848,Tavşanlı (Kütahya)
627357,2024-05-02 10:50:51,1.5,309.6618982687132,7.0,0.9433362092137058,Mihalıcçık (Eskişehir)
627358,2024-05-02 10:58:17,1.5,116.77616016444365,5.56,1.214307281655299,Emet (Kütahya)
627359,2024-05-02 11:56:20,1.3,178.72998699903675,19.98,0.6776460634762735,Ege Denizi - [23.02 km] Karaburun (İzmir)
627362,2024-05-02 11:37:52,1.9,275.97186946040654,6.94,1.4277991810884747,Manavgat (Antalya)
627369,2024-05-02 14:46:24,2.2,198.94358218293328,6.96,1.022318112842801,Ege Denizi - [17.56 km] Çeşme (İzmir)
627371,2024-05-02 15:09:09,2.7,497.2881593255839,5.6,0.8495088241996884,Akdeniz
627374,2024-05-02 16:50:52,1.9,219.61585986386504,7.0,1.134951806619446,Marmara Denizi - Gemlik Körfezi - [04.73 km] Armutlu (Yalova)
627375,2024-05-02 17:14:24,1.9,220.52801169306926,5.74,1.1919788096140465,Marmara Denizi - Gemlik Körfezi - [04.55 km] Armutlu (Yalova)
627377,2024-05-02 17:11:30,1.6,138.5306340815458,7.0,0.9470408391065973,Ege Denizi - Kuşadası Körfezi - [06.84 km] Menderes (İzmir)
627378,2024-05-02 17:42:48,1.3,213.94548072891968,7.0,1.1532162573649731,Fethiye (Muğla)
627383,2024-05-02 19:47:57,2.7,273.204539236319,12.34,1.2783373394771211,Akdeniz - [19.12 km] Kaş (Antalya)
627384,2024-05-02 20:08:43,1.3,133.9165628999622,7.04,1.0221843815954006,Tavas (Denizli)
627390,2024-05-02 22:05:50,1.4,256.31028221072836,9.84,1.0633537850156192,Marmara Denizi - [10.98 km] Şarköy (Tekirdağ)
627392,2024-05-02 22:34:55,2.4,214.266698266657,17.52,2.509310174820319,Marmara Denizi - Gemlik Körfezi - [02.76 km] Mudanya (Bursa)
627396,2024-05-02 23:48:27,1.6,133.86833163658622,7.0,2.8159222127341357,Menderes (İzmir)
627401,2024-05-03 00:08:46,1.7,85.4863167698513,7.0,8.006835887530961,Bayındır (İzmir)
627403,2024-05-03 02:02:57,1.2,114.22290617837402,7.0,1.178002383273842,Torbalı (İzmir)
627404,2024-05-03 01:59:46,1.7,261.7450628334664,7.0,1.2441938706992484,Sultandağı (Afyonkarahisar)
627405,2024-05-03 01:49:54,1.3,210.10287845111645,11.12,1.0355645487091105,Ege Denizi - Edremit Körfezi - [09.45 km] Ayvacık (Çanakkale)
627413,2024-05-03 03:54:00,1.0,55.353599068975925,7.0,16.36186249348296,Demirci (Manisa)
627414,2024-05-03 04:19:08,1.5,217.49957027603617,7.0,1.175969078295425,Marmara Denizi - Gemlik Körfezi - [06.07 km] Mudanya (Bursa)
627417,2024-05-03 05:19:08,1.6,328.9250710184842,7.0,0.9452976252313069,Gölyaka (Düzce)
627422,2024-05-03 07:02:40,1.0,404.43957929210904,20.66,1.1129797857231682,Lalapaşa (Edirne)
627424,2024-05-03 07:34:34,1.8,110.53872932890495,7.0,2.920924776818181,Soma (Manisa)
627430,2024-05-03 07:19:51,1.2,200.57782200856457,7.0,1.07448567881938,Seydikemer (Muğla)
627431,2024-05-03 08:22:27,1.4,155.40173649068285,7.0,0.8348235160761992,Orhaneli (Bursa)
627433,2024-05-03 08:58:29,0.8,49.84966378859314,7.0,6.728626089928628,Eşme (Uşak)
627436,2024-05-03 09:51:31,1.6,231.30182109312054,7.16,0.7567251540207112,Ege Denizi - [22.89 km] Datça (Muğla)
627440,2024-05-03 10:29:00,1.8,173.9228633369847,6.98,1.3832390907339145,Ege Denizi - Gökova Körfezi - [06.15 km] Milas (Muğla)
627441,2024-05-03 10:27:00,1.2,395.9732468584376,7.96,1.0419647310787044,Merkez (Kırklareli)
627457,2024-05-03 13:35:51,2.0,325.6839621522914,6.69,0.6978367723952141,Nallıhan (Ankara)
627458,2024-05-03 12:17:49,0.9,257.19735550057845,7.0,0.27255839957847955,Akşehir (Konya)
627459,2024-05-03 12:54:25,1.6,231.53416222402876,7.0,0.8229251804211744,Ege Denizi - [35.52 km] Çeşme (İzmir)
627463,2024-05-03 14:28:09,2.1,78.71268883663828,6.95,1.4111578790490247,Akhisar (Manisa)
627469,2024-05-03 16:10:55,1.6,219.6328525752326,7.0,1.1360126125299832,Ege Denizi - [09.79 km] Ayvacık (Çanakkale)
627470,2024-05-03 16:45:27,1.8,155.19974037727718,7.0,1.0827982398266764,Ege Denizi - Kuşadası Körfezi - [19.63 km] Menderes (İzmir)
627482,2024-05-03 21:18:43,1.2,442.8517217083574,7.26,1.0182600865110805,Karapınar (Konya)
627484,2024-05-03 21:58:37,1.7,270.0981943724589,7.01,1.1327547604353745,Marmara Denizi - [06.24 km] Şarköy (Tekirdağ)
627485,2024-05-03 21:53:05,1.5,88.347846231458,10.69,5.38914426151916,Bayındır (İzmir)
627492,2024-05-03 23:28:20,1.2,323.30662459414464,6.95,1.374608121407426,Seydişehir (Konya)
627493,2024-05-03 23:48:42,1.2,212.879611903864,12.79,1.0810650039292176,Marmara Denizi - Gemlik Körfezi - [01.99 km] Mudanya (Bursa)
627494,2024-05-03 23:39:12,1.8,209.73774807272432,8.16,1.0188929633129091,Ege Denizi - [06.35 km] Bodrum (Muğla)
627495,2024-05-03 23:40:11,1.2,82.94572945213328,6.76,1.6132273061123508,Bayındır (İzmir)
627501,2024-05-04 00:05:48,1.5,203.3121385490838,7.83,1.0374062485175266,Ege Denizi - [03.37 km] Bodrum (Muğla)
627502,2024-05-04 00:49:58,1.5,78.59748776282478,9.32,2.702910547196194,Akhisar (Manisa)
627503,2024-05-04 00:54:24,1.5,184.2118010930164,6.43,1.1815611514744355,Ege Denizi - Ildır Körfezi - [02.76 km] Çeşme (İzmir)
627511,2024-05-04 02:16:47,1.3,73.50989198772842,7.01,4.986087304355489,Sındırgı (Balıkesir)
627515,2024-05-04 03:25:25,2.6,240.0538184048661,15.84,8.396516347312541,Çınarcık (Yalova)
627518,2024-05-04 03:33:55,2.2,215.11204218271322,62.53,4.283880661519689,Ege Denizi - [11.32 km] Marmaris (Muğla)
627519,2024-05-04 03:58:52,1.3,269.1511573444962,11.32,1.2657404485479014,Marmara Denizi - [07.90 km] Şarköy (Tekirdağ)
627528,2024-05-04 08:28:17,1.3,261.74189674965675,6.86,0.9673361089385983,Akşehir (Konya)
627531,2024-05-04 09:31:39,1.3,366.54343500400756,7.03,1.0338283937239947,Selçuklu (Konya)
627533,2024-05-04 10:12:23,0.7,283.3697013459526,11.5,0.9325513847187876,Ilgın (Konya)
627538,2024-05-04 12:13:51,0.9,314.9996017173061,12.0,1.4797836919281593,Söğütlü (Sakarya)
627539,2024-05-04 12:37:39,2.1,291.0918536290907,28.16,0.9024261457350017,Akdeniz - Antalya Körfezi - [21.32 km] Aksu (Antalya)
627540,2024-05-04 12:37:55,1.3,119.58586122351618,12.32,0.7841365134845779,Soma (Manisa)
627543,2024-05-04 14:20:35,1.5,242.54959669211888,7.0,0.6874845003335399,Ayvacık (Çanakkale)
627545,2024-05-04 15:18:43,2.4,88.13675315799772,8.61,12.432038370488788,Bayındır (İzmir)
627551,2024-05-04 17:34:41,1.3,220.11982022774285,6.97,0.9719508154737682,Marmara Denizi - Gemlik Körfezi - [05.43 km] Armutlu (Yalova)
627553,2024-05-04 19:20:15,1.7,55.862678320645706,7.0,55.98190400136151,Merkez (Uşak)
627554,2024-05-04 19:21:15,1.5,113.71456955920642,7.18,0.21906240164226998,Soma (Manisa)
627555,2024-05-04 19:27:50,1.2,106.32987330012962,7.0,1.5274483817820073,Soma (Manisa)
627560,2024-05-04 21:28:35,2.1,116.93183206386672,7.09,8.596950511906213,Soma (Manisa)
627561,2024-05-04 21:33:26,2.4,111.23071450886435,6.87,27.102417828336982,Soma (Manisa)
627562,2024-05-04 21:31:41,1.1,63.92353966498709,5.35,1.6308207593545672,Buldan (Denizli)
627563,2024-05-04 21:03:39,1.7,301.90884922303644,5.98,1.0625408682637845,Akyazı (Sakarya)
627565,2024-05-04 22:25:33,3.4,369.07946068542145,7.5,35.668366191562484,Akdeniz - [158.42 km] Marmaris (Muğla)
627568,2024-05-04 22:46:59,1.4,105.60422331996317,7.0,1.8489622239156172,Germencik (Aydın)
627570,2024-05-04 23:54:21,2.0,328.4224379568091,6.67,0.8915078792683301,Beypazarı (Ankara)
627573,2024-05-05 00:09:47,1.3,106.64982172206726,7.39,1.2023771990395709,Soma (Manisa)
627576,2024-05-05 02:01:21,3.1,195.74971107796247,7.0,6.392370545636336,Seydikemer (Muğla)
627579,2024-05-05 02:38:20,2.8,259.93777103829456,29.34,1.3964168856364882,Ege Denizi - [49.41 km] Marmaris (Muğla)
627583,2024-05-05 03:44:07,1.6,104.76572183800484,7.0,1.1050083264591342,Gediz (Kütahya)
627586,2024-05-05 04:12:17,1.5,115.90451216583546,9.86,1.1481519373949567,Soma (Manisa)
627587,2024-05-05 04:01:39,1.0,335.03292641198334,7.0,0.9958248207493243,Sarayönü (Konya)
627597,2024-05-05 10:22:52,2.5,136.2400822078033,7.98,1.3108750284400672,Ege Denizi - Kuşadası Körfezi - [05.75 km] Menderes (İzmir)
627600,2024-05-05 07:58:59,1.7,151.48889587271393,7.0,0.5123647892405662,Menteşe (Muğla)
627602,2024-05-05 09:21:25,1.3,373.4084787180925,11.95,0.8296001966071328,Kulu (Konya)
627606,2024-05-05 10:49:13,1.9,188.17074306527732,7.06,0.4660257404078435,Ege Denizi - [17.19 km] Karaburun (İzmir)
627607,2024-05-05 11:03:49,1.6,282.685718923215,7.0,1.2272048521463355,Akyazı (Sakarya)
627610,2024-05-05 11:47:37,1.2,391.1216815615911,9.7,1.1349724539935298,Gölbaşı (Ankara)
627612,2024-05-05 12:04:09,2.2,373.17530961660265,6.69,0.775273268146622,Ege Denizi
627614,2024-05-05 14:22:42,2.0,166.63530286753146,7.02,1.672773523681763,Ege Denizi - [13.64 km] Söke (Aydın)
627619,2024-05-05 15:05:50,1.0,366.4528309397387,13.25,0.5969834724411022,Merkez (Bolu)
627620,2024-05-05 15:22:33,1.5,227.67130882546965,7.0,1.9824957876368998,Döşemealtı (Antalya)
627621,2024-05-05 15:19:07,1.3,485.16640583646705,11.11,0.5510561915993826,Sulakyurt (Kırıkkale)
627623,2024-05-05 15:14:43,2.0,332.3754894656981,7.0,0.8159354454867207,Beypazarı (Ankara)
627624,2024-05-05 16:03:23,1.2,153.46864969298147,7.0,0.8551447287789679,Ula (Muğla)
627627,2024-05-05 16:27:59,1.5,76.36427019366025,6.99,1.4080608924845273,Akhisar (Manisa)
627628,2024-05-05 16:39:16,1.9,199.83991065920432,7.01,1.2950102852718408,Ege Denizi - Gökova Körfezi - [16.19 km] Datça (Muğla)
627630,2024-05-05 16:57:33,1.3,201.69402445174669,15.64,0.696053758266792,Osmangazi (Bursa)
627634,2024-05-05 18:45:37,1.7,202.2083982439338,7.05,0.8729714246397238,Osmangazi (Bursa)
627635,2024-05-05 18:48:11,1.6,205.96121046117975,7.4,0.8973428794933763,Osmangazi (Bursa)
627639,2024-05-05 19:32:12,2.3,264.3815637606933,7.19,1.6417736667117457,Ege Denizi - [24.20 km] Ayvacık (Çanakkale)
627644,2024-05-05 21:53:17,1.3,70.09679259130074,8.86,1.5967364490012577,Akhisar (Manisa)
627650,2024-05-05 22:42:53,0.9,72.75857199870819,10.8,1.3718579889699176,Pamukkale (Denizli)
627654,2024-05-05 23:56:28,1.2,193.33545261605724,7.0,0.9612570527352057,Ege Denizi - Gökova Körfezi - [10.57 km] Datça (Muğla)
627655,2024-05-05 23:43:37,1.0,161.96528620052248,7.0,0.9937408315225258,Köyceğiz (Muğla)
627657,2024-05-06 00:26:31,1.9,189.49929549029122,8.28,0.9366996089847881,Ege Denizi - [21.53 km] Karaburun (İzmir)
627663,2024-05-06 03:43:45,1.2,110.17485860515218,7.23,1.3511911285876756,Germencik (Aydın)
627664,2024-05-06 02:58:33,1.9,263.0271560912995,7.01,0.90782497519451,Ege Denizi - [22.98 km] Ayvacık (Çanakkale)
627671,2024-05-06 05:57:27,1.5,178.65524610700763,7.04,1.5970071218250892,Susurluk (Balıkesir)
627676,2024-05-06 06:26:27,1.1,266.48424280570896,7.18,1.0341758651644521,Marmara Denizi - [07.72 km] Şarköy (Tekirdağ)
627679,2024-05-06 08:38:09,1.2,80.7690522830834,7.0,2.353304579090044,Pamukkale (Denizli)
627680,2024-05-06 08:32:55,1.3,249.98368680207003,6.4,1.3748273946292944,Ege Denizi - [09.32 km] Ayvacık (Çanakkale)
627686,2024-05-06 08:16:39,0.9,488.74021121206295,7.2,0.9656583031187673,Merkez (Kırşehir)
627687,2024-05-06 09:22:24,1.2,416.63776838147794,8.41,1.0000861965832175,Gazipaşa (Antalya)
627689,2024-05-06 09:16:44,1.0,51.79800801781559,7.0,15.551009724821267,Ulubey (Uşak)
627691,2024-05-06 08:59:31,1.1,144.0701791368016,7.0,1.0596545544372624,Ege Denizi - Çandarlı Körfezi - [05.16 km] Dikili (İzmir)
627692,2024-05-06 09:41:19,0.7,472.62967575836893,6.7,1.7136376286276458,Merkez (Kırşehir)
627693,2024-05-06 09:33:41,0.9,210.03217073743812,7.0,0.9368398308841133,Söğüt (Bilecik)
627695,2024-05-06 09:54:25,1.3,99.0975899694053,6.99,1.0935996790614888,Hisarcık (Kütahya)
627696,2024-05-06 09:55:38,1.3,99.5936133365178,7.0,0.8345653631783335,Hisarcık (Kütahya)
627697,2024-05-06 09:59:18,1.8,163.0591513954707,7.18,1.2817783373570335,Milas (Muğla)
627700,2024-05-06 11:18:31,1.9,485.65062618101354,11.8,0.5619020708786882,Delice (Kırıkkale)
627704,2024-05-06 12:00:27,0.7,407.64484247002923,7.0,0.635544891114979,Lalapaşa (Edirne)
627705,2024-05-06 12:31:41,1.2,247.4264665377178,7.0,0.7739312409684737,Biga (Çanakkale)
627706,2024-05-06 13:02:16,1.4,156.26010784474255,7.0,0.9079138519203401,Orhaneli (Bursa)
627709,2024-05-06 14:03:10,2.6,266.7831788921804,52.4,0.8828785612952187,Ege Denizi - [60.36 km] Datça (Muğla)
627712,2024-05-06 15:18:00,1.5,159.2755996009353,7.16,0.733442459465296,Ege Denizi - [21.72 km] Seferihisar (İzmir)
627713,2024-05-06 15:26:59,1.6,107.72984230989005,10.29,1.230482193648091,Tavas (Denizli)
627714,2024-05-06 15:30:56,1.5,153.98620143098492,8.92,0.7006592008666253,Ege Denizi - Çandarlı Körfezi - [10.77 km] Dikili (İzmir)
627715,2024-05-06 15:45:19,1.4,243.05333849591108,6.85,1.2993758681829424,Lapseki (Çanakkale)
627720,2024-05-06 16:51:28,1.4,110.68614297564328,6.98,1.496619461709651,Kınık (İzmir)
627721,2024-05-06 16:45:14,1.0,244.9107109814508,6.9,1.1057301343699812,Lapseki (Çanakkale)
627723,2024-05-06 17:44:50,1.6,220.24885697760553,8.39,1.2251522315609782,Ege Denizi - [43.41 km] Karaburun (İzmir)
627726,2024-05-06 20:06:51,1.5,234.9207670483037,6.5,0.8454057921690485,Ege Denizi - [49.91 km] Ayvacık (Çanakkale)
627727,2024-05-06 20:55:05,1.9,331.2138123279743,7.03,0.8030448868130606,Beypazarı (Ankara)
627744,2024-05-07 02:08:00,1.2,243.5156504563249,6.42,0.9920421080208177,Lapseki (Çanakkale)
627748,2024-05-07 06:34:06,1.9,146.82258692220688,7.0,1.607656731162166,Aliağa (İzmir)
627749,2024-05-07 06:57:04,2.1,112.83176725905425,6.02,2.351258692657449,Soma (Manisa)
627751,2024-05-07 08:52:22,1.4,152.16080171988366,7.0,1.3875786983479135,Tavşanlı (Kütahya)
627756,2024-05-07 11:56:37,1.3,139.2049394103687,7.03,0.7556234314331984,Harmancık (Bursa)
627768,2024-05-07 15:55:59,2.0,262.9702342838764,55.23,0.3194840229913467,Kemer (Antalya)
627770,2024-05-07 16:09:32,1.5,274.90969993987306,7.0,0.901070065890165,Şarköy (Tekirdağ)
627776,2024-05-07 18:53:52,2.1,102.63494396987882,7.0,8.858921647859013,Kırkağaç (Manisa)
627777,2024-05-07 18:19:55,1.9,346.05109626988195,7.0,0.8413141679699506,Akdeniz - [132.06 km] Datça (Muğla)
627778,2024-05-07 19:17:11,1.3,142.14082944825793,6.98,1.121048976741533,Acıpayam (Denizli)
627779,2024-05-07 19:08:57,2.2,334.2710932616735,7.0,0.9105047180826845,Beypazarı (Ankara)
627781,2024-05-07 20:33:48,2.0,331.90760956844923,6.98,1.0629446393400295,Beypazarı (Ankara)
627784,2024-05-07 22:00:58,1.6,240.58819448624402,11.1,1.3540026180139486,Biga (Çanakkale)
627786,2024-05-07 22:32:02,2.0,414.09667729512233,25.92,1.082083883353052,Ege Denizi
627792,2024-05-07 23:06:44,1.4,197.18820326738907,65.99,1.295215530006611,Marmaris (Muğla)
627796,2024-05-07 23:53:39,2.0,266.03354727653766,12.44,1.2535551286754183,Ege Denizi - [26.60 km] Ayvacık (Çanakkale)
627799,2024-05-08 00:20:12,1.3,140.37702079889468,7.0,1.4349625651748579,Salda Gölü - [02.97 km] Yeşilova (Burdur)
627800,2024-05-08 00:41:14,1.4,263.5305024836812,7.16,0.9121435861209343,Ege Denizi - [23.79 km] Ayvacık (Çanakkale)
627803,2024-05-08 01:01:04,1.9,267.00933024949455,14.33,1.073507825640779,Ege Denizi - [26.94 km] Ayvacık (Çanakkale)
627814,2024-05-08 04:43:00,1.0,166.99440034368408,11.37,1.0378270582224156,Ege Denizi - [07.18 km] Dikili (İzmir)
627818,2024-05-08 07:09:32,1.7,157.95841617503032,16.6,2.0913116509841188,Köyceğiz (Muğla)
627819,2024-05-08 07:19:03,3.2,263.3376801792045,25.9,3.5621013761808094,Ege Denizi - [22.87 km] Ayvacık (Çanakkale)
627823,2024-05-08 09:43:36,2.7,247.01972473724334,20.6,0.9636799072859474,Ege Denizi - [37.06 km] Datça (Muğla)
627824,2024-05-08 09:45:12,1.2,337.8753339771279,7.11,0.816356423380526,Selçuklu (Konya)
627827,2024-05-08 10:06:33,1.6,244.75968778236353,9.58,1.2692929226194636,Ege Denizi - [04.76 km] Ayvacık (Çanakkale)
627828,2024-05-08 10:00:38,1.3,266.47995226515565,6.62,1.1820273263851586,Ege Denizi - [26.91 km] Ayvacık (Çanakkale)
627830,2024-05-08 11:24:17,0.8,100.8187599668388,15.0,1.151375228397409,Banaz (Uşak)
627831,2024-05-08 11:38:47,1.3,165.22410743321902,7.0,1.0564668896805505,Ege Denizi - Gökova Körfezi - [03.21 km] Marmaris (Muğla)
627833,2024-05-08 13:22:58,1.7,261.5134702146494,20.3,0.7208722222280659,Ege Denizi - [20.54 km] Ayvacık (Çanakkale)
627834,2024-05-08 12:25:02,1.2,88.82042404765829,7.24,2.916152659639244,Sındırgı (Balıkesir)
627835,2024-05-08 12:39:57,1.1,117.94639482323937,10.7,0.8979102696980233,Bornova (İzmir)
627837,2024-05-08 14:21:22,1.4,436.81335238391074,9.56,1.0630279568344205,Çubuk (Ankara)
627839,2024-05-08 16:23:00,2.2,136.93645956563643,10.35,3.211307635710624,Ege Denizi - Kuşadası Körfezi - [05.37 km] Menderes (İzmir)
627840,2024-05-08 16:51:18,1.7,228.059110607521,6.87,1.146553951658188,Ayvacık (Çanakkale)
627841,2024-05-08 17:35:36,1.0,380.4724444905857,6.83,0.5169298028698491,Akdeniz - [58.60 km] Alanya (Antalya)
627846,2024-05-08 19:03:52,1.3,217.14815294739614,5.31,1.0505149411265942,Tepebaşı (Eskişehir)
627854,2024-05-08 21:40:15,1.5,228.92177617203316,6.72,1.0976722433686108,Döşemealtı (Antalya)
627855,2024-05-08 22:05:11,1.8,161.06681799635507,7.0,1.0784165451284196,Köyceğiz (Muğla)
627856,2024-05-08 22:09:28,1.9,161.63002556453816,7.0,0.9668571338205564,Köyceğiz (Muğla)
627860,2024-05-08 22:50:38,1.4,267.37589359187973,6.99,1.3456098441039983,Marmara Denizi - [14.82 km] Marmaraereğlisi (Tekirdağ)
627861,2024-05-08 23:11:20,2.6,161.06747268981823,6.97,2.183382510613387,Köyceğiz (Muğla)
627862,2024-05-08 23:13:26,1.4,159.27074704388002,7.0,0.9589698618922274,Köyceğiz (Muğla)
627865,2024-05-08 23:20:31,1.1,162.24195493703397,7.0,0.7125049860741253,Köyceğiz (Muğla)
627866,2024-05-08 23:22:44,1.3,161.77553978486773,7.0,0.5810773944938199,Köyceğiz (Muğla)
627872,2024-05-09 01:07:31,2.5,131.0589032853485,7.0,18.43357398374833,Dumlupınar (Kütahya)
627874,2024-05-09 01:18:10,0.8,143.35961969935298,7.0,0.7574444711010133,Ege Denizi - İzmir Körfezi - [04.29 km] Çiğli (İzmir)
627879,2024-05-09 02:20:10,0.9,218.34112575994962,7.04,1.0507020157261515,Eğirdir (Isparta)
627883,2024-05-09 05:03:04,1.7,335.6026086918634,6.98,4.752606340679714,Beypazarı (Ankara)
627884,2024-05-09 05:33:23,2.2,186.81075472218436,7.0,1.565775276872388,Ege Denizi - Ildır Körfezi - [04.83 km] Çeşme (İzmir)
627888,2024-05-09 08:21:02,1.0,454.085332993028,8.73,1.0250957097111724,Keskin (Kırıkkale)
627890,2024-05-09 08:38:00,1.3,440.9320074082494,7.0,0.41949059885186063,Çelebi (Kırıkkale)
627892,2024-05-09 08:49:11,2.0,260.36558626472873,7.0,1.2007607369772626,Marmara Denizi - [13.45 km] Adalar (İstanbul)
627893,2024-05-09 09:10:05,1.7,163.9041075926965,6.73,1.3127078351319295,Milas (Muğla)
627894,2024-05-09 09:01:37,1.0,49.79260721731066,7.0,12.8280233411662,Ulubey (Uşak)
627898,2024-05-09 07:11:39,1.5,134.0327636020748,7.0,1.3908711174543953,Dinar (Afyonkarahisar)
627899,2024-05-09 07:13:36,1.1,145.66517949793663,7.0,1.6797885138590367,Tavşanlı (Kütahya)
627900,2024-05-09 09:45:54,1.3,153.7410382857596,7.0,1.1562210910736417,Tavşanlı (Kütahya)
627901,2024-05-09 09:47:37,1.4,151.27961888725892,7.01,1.0958710164624434,Tavşanlı (Kütahya)
627902,2024-05-09 09:49:05,2.1,265.4495418121143,12.53,0.036968259339381894,Ege Denizi - [25.19 km] Ayvacık (Çanakkale)
627903,2024-05-09 09:59:06,1.5,153.59010215471974,7.0,0.7792599994018514,Karesi (Balıkesir)
627906,2024-05-09 07:42:40,2.6,164.82956802581134,6.99,4.126114594053632,Ege Denizi - İzmir Körfezi - [07.85 km] Urla (İzmir)
627909,2024-05-09 10:19:11,0.8,75.33635489652447,7.0,11.155817583785126,Köşk (Aydın)
627910,2024-05-09 10:08:58,1.8,425.4389304701643,7.0,1.072083620529171,Anamur (Mersin)
627911,2024-05-09 12:02:11,1.2,237.30921630022175,7.6,1.0455755816547014,Ayvacık (Çanakkale)
627912,2024-05-09 10:51:53,1.3,220.95299295442766,7.0,0.9609099115418915,Çay (Afyonkarahisar)
627913,2024-05-09 10:47:35,2.1,144.01080069035106,7.0,2.879118343558394,Başmakçı (Afyonkarahisar)
627914,2024-05-09 12:16:32,1.1,450.27508692797227,3.22,1.5859073812834912,Keskin (Kırıkkale)
627921,2024-05-09 12:49:12,2.0,394.17246349208926,8.54,1.0320531018614922,Akdeniz - [98.66 km] Gazipaşa (Antalya)
627922,2024-05-09 12:56:07,1.7,392.0438135887361,6.93,0.9476450044506702,Akdeniz - [85.38 km] Gazipaşa (Antalya)
627925,2024-05-09 15:07:03,2.2,158.94589665038265,7.01,1.510899089248056,Köyceğiz (Muğla)
627926,2024-05-09 15:43:16,0.8,426.3149965868338,7.41,1.0949356245553603,Elmadağ (Ankara)
627927,2024-05-09 15:46:34,1.7,159.4272636251548,7.07,1.2798939938475606,Köyceğiz (Muğla)
627928,2024-05-09 16:39:04,2.5,266.27941439419084,11.77,1.0584910268607042,Ege Denizi - [26.74 km] Ayvacık (Çanakkale)
627930,2024-05-09 17:34:15,1.7,265.4987326885532,7.05,0.9322526493125509,Ege Denizi - [24.49 km] Ayvacık (Çanakkale)
627931,2024-05-09 17:36:56,1.8,264.41068562241526,14.86,1.0358380644680587,Ege Denizi - [23.75 km] Ayvacık (Çanakkale)
627932,2024-05-09 18:10:32,1.9,264.70443241756936,7.06,0.9967303818136768,Ege Denizi - [25.03 km] Ayvacık (Çanakkale)
627942,2024-05-09 20:49:45,1.4,266.8343131398374,7.11,0.8659858753393506,Ege Denizi - [47.25 km] Datça (Muğla)
627946,2024-05-09 21:53:41,2.4,160.16471837019432,7.01,1.0852319093095544,Köyceğiz (Muğla)
627947,2024-05-09 22:20:07,1.5,188.62051678514212,7.02,1.0668440382980537,Ege Denizi - Gökova Körfezi - [08.85 km] Bodrum (Muğla)
627948,2024-05-09 22:26:31,1.2,159.1810080188748,6.87,0.8800396783611788,Köyceğiz (Muğla)
627953,2024-05-09 23:43:19,1.2,72.93603320302385,7.02,1.21512460132816,Saruhanlı (Manisa)
627962,2024-05-10 03:28:53,1.3,263.6697501771555,7.09,0.8573044748047605,Marmara Denizi - [04.04 km] Tuzla (İstanbul)
627968,2024-05-10 04:04:27,2.6,272.03800652874605,34.07,1.695312716668305,Serik (Antalya)
627969,2024-05-10 02:50:51,1.7,160.39279520731407,13.14,1.237992727753466,Köyceğiz (Muğla)
627971,2024-05-10 01:15:27,2.0,342.6584962400765,14.99,0.9815150353868737,Akdeniz - [125.08 km] Datça (Muğla)
627972,2024-05-10 00:41:08,1.3,160.872017282292,7.25,0.9240544399936177,Köyceğiz (Muğla)
627973,2024-05-10 00:44:57,2.1,84.28386653156979,6.71,7.4629377482853165,Akhisar (Manisa)
627978,2024-05-10 05:18:56,1.9,419.8228295939658,6.97,0.9518734303189357,Bala (Ankara)
627980,2024-05-10 06:07:40,2.7,280.70378057261337,5.92,1.2393706158917683,Akdeniz - [40.50 km] Kaş (Antalya)
627981,2024-05-10 06:10:15,1.5,140.6626982307336,9.24,1.208475926627127,Ege Denizi - Kuşadası Körfezi - [05.18 km] Menderes (İzmir)
627982,2024-05-10 06:07:11,0.7,134.4370796796224,11.02,1.1179500785119558,Tavas (Denizli)
627985,2024-05-10 07:15:05,1.5,140.96342397536895,7.0,1.0481116983666565,Menderes (İzmir)
627986,2024-05-10 07:23:29,1.1,391.236359596141,6.96,0.9864644258843185,Merkez (Kırklareli)
627988,2024-05-10 08:05:16,1.4,99.87309820002832,7.18,1.865088551333465,Akhisar (Manisa)
627989,2024-05-10 07:58:35,1.5,149.5801492679131,7.0,1.4266563126588274,Tavşanlı (Kütahya)
627991,2024-05-10 08:16:18,1.3,430.1751970804738,12.54,0.963366354381174,Ermenek (Karaman)
627996,2024-05-10 09:06:43,1.0,50.517650837487714,7.0,9.71729729518669,Ulubey (Uşak)
627998,2024-05-10 09:22:58,1.0,38.614237269121055,7.0,4.951382942559462,Sarıgöl (Manisa)
627999,2024-05-10 09:23:31,1.0,184.57263094389384,7.0,0.40183680413731826,Merkez (Isparta)
628004,2024-05-10 10:06:37,1.5,115.37130649552962,7.0,1.5241670044684312,Bigadiç (Balıkesir)
628005,2024-05-10 10:27:27,1.6,170.58029942221617,6.6,1.2005207080650606,Milas (Muğla)
628008,2024-05-10 10:04:56,1.5,219.20070892911565,4.68,0.8390647874139598,Korkuteli (Antalya)
628009,2024-05-10 10:58:42,1.4,168.68470891088504,7.0,1.042424441597448,Merkez (Kütahya)
628010,2024-05-10 10:45:19,0.7,214.87860880083215,7.0,0.947794023099497,Yalvaç (Isparta)
628012,2024-05-10 11:46:54,1.4,150.9229406935161,7.0,0.8932737627728988,Yeşilova (Burdur)
628013,2024-05-10 11:36:26,2.5,267.75318510746047,7.07,1.4068497174651764,Ege Denizi - [27.59 km] Ayvacık (Çanakkale)
628014,2024-05-10 11:32:56,1.2,108.20150406031502,7.0,1.3329679211394552,Pamukkale (Denizli)
628015,2024-05-10 12:23:00,1.2,394.0699622246481,7.0,0.49234250211394226,Kulu (Konya)
628016,2024-05-10 12:23:26,2.9,266.7372070515546,7.04,1.378659849578277,Ege Denizi - [27.67 km] Ayvacık (Çanakkale)
628017,2024-05-10 12:43:26,2.2,266.6939550208991,7.01,1.2233568193195339,Ege Denizi - [26.86 km] Ayvacık (Çanakkale)
628019,2024-05-10 12:48:14,1.3,375.62715113107413,7.0,1.0585938508187858,Merkez (Bolu)
628021,2024-05-10 13:25:04,1.2,210.3755483111038,6.3,1.1603954551462399,Gelendost (Isparta)
628023,2024-05-10 13:43:13,2.0,281.23289652472505,7.0,0.9953039040683664,Akdeniz - [71.71 km] Marmaris (Muğla)
628032,2024-05-10 15:35:16,1.9,425.20451061899104,19.0,1.5794018815785777,Akdeniz - [133.96 km] Kumluca (Antalya)
628033,2024-05-10 16:46:27,1.5,184.5176601776843,10.93,0.9793478595845564,Ege Denizi - Gökova Körfezi - [05.42 km] Bodrum (Muğla)
628034,2024-05-10 16:46:06,1.2,103.69148014225968,7.0,1.4853025100087767,Torbalı (İzmir)
628040,2024-05-10 18:03:24,4.0,262.55493022144145,12.7,7.629286937276241,Ege Denizi - [22.18 km] Ayvacık (Çanakkale)
628041,2024-05-10 18:17:51,3.4,261.47647627367604,11.18,3.5886144452737474,Ege Denizi - [22.24 km] Ayvacık (Çanakkale)
628045,2024-05-10 18:48:14,1.8,243.33227335532754,7.0,0.7358257561702642,Akdeniz - [45.34 km] Ortaca (Muğla)
628046,2024-05-10 18:59:14,1.5,264.98024089621805,8.38,0.778364284783395,Ege Denizi - [24.60 km] Ayvacık (Çanakkale)
628049,2024-05-10 20:13:15,1.8,264.4499247213443,6.58,1.025345058358352,Ege Denizi - [21.82 km] Ayvacık (Çanakkale)
628050,2024-05-10 20:59:23,1.7,261.9223062919786,7.3,1.0467222414521244,Ege Denizi - [20.08 km] Ayvacık (Çanakkale)
628055,2024-05-10 21:16:32,2.0,263.36714993124656,6.74,0.9962586002934843,Ege Denizi - [22.56 km] Ayvacık (Çanakkale)
628056,2024-05-10 21:09:57,2.1,257.62899390117497,37.94,2.974597649923878,Serik (Antalya)
628057,2024-05-10 21:29:23,1.4,161.3232543396518,9.77,1.059423247455739,Köyceğiz (Muğla)
628058,2024-05-10 21:43:06,1.4,77.8608370955999,7.0,6.759350053118004,Sındırgı (Balıkesir)
628062,2024-05-11 01:10:37,3.4,268.07208002458293,5.03,9.105399711903132,Ege Denizi - [28.38 km] Ayvacık (Çanakkale)
628063,2024-05-11 00:00:45,2.3,263.25287709412083,17.73,1.4228858408339289,Ege Denizi - [22.56 km] Ayvacık (Çanakkale)
628064,2024-05-11 00:07:44,2.5,269.3719672254329,5.46,0.805902803041664,Ege Denizi - [28.83 km] Ayvacık (Çanakkale)
628065,2024-05-11 00:21:16,1.5,333.3579763717968,7.0,1.0779392010876676,Beypazarı (Ankara)
628073,2024-05-11 00:41:13,1.4,158.5585791505949,6.91,1.194302571049152,Köyceğiz (Muğla)
628074,2024-05-11 01:19:56,2.0,461.9749114624916,23.77,1.361290361544939,Akdeniz - [124.11 km] Gazipaşa (Antalya)
628076,2024-05-11 01:54:19,1.8,261.92743191029797,7.53,1.281185058188409,Ege Denizi - [19.55 km] Ayvacık (Çanakkale)
628082,2024-05-10 22:08:30,2.0,231.4302787663863,7.0,0.8409498062194509,Ege Denizi - [64.64 km] Çeşme (İzmir)
628083,2024-05-11 02:03:28,1.7,222.52761443979213,5.03,0.8113604904543383,Ezine (Çanakkale)
628084,2024-05-11 02:14:12,1.8,263.0484235286708,7.53,1.0101436155228676,Ege Denizi - [21.50 km] Ayvacık (Çanakkale)
628088,2024-05-11 02:45:20,1.6,333.7553443991423,7.05,1.05992476119315,Beypazarı (Ankara)
628089,2024-05-11 02:47:07,1.9,262.5490111616775,6.18,0.7987912084562034,Ege Denizi - [22.24 km] Ayvacık (Çanakkale)
628092,2024-05-10 22:39:35,1.8,260.05685501225315,7.22,0.8896845101744838,Ege Denizi - [18.54 km] Ayvacık (Çanakkale)
628093,2024-05-11 03:15:29,1.2,456.76154263763084,10.49,0.9382107518434487,Kalecik (Ankara)
628098,2024-05-11 03:50:36,1.3,248.7185823632436,7.0,1.6826459053622727,Kaş (Antalya)
628099,2024-05-10 23:56:14,2.5,486.0675262972629,8.03,0.9749792712825871,Akdeniz - [167.09 km] Gazipaşa (Antalya)
628109,2024-05-11 04:29:46,1.8,185.47895398068576,7.0,1.2418746279694501,Şuhut (Afyonkarahisar)
628110,2024-05-11 04:30:09,1.9,264.31417045077535,7.45,1.0229735954294117,Ege Denizi - [22.57 km] Ayvacık (Çanakkale)
628111,2024-05-11 04:32:53,2.0,268.60843046962293,5.41,0.9631704328806053,Ege Denizi - [28.06 km] Ayvacık (Çanakkale)
628112,2024-05-11 04:33:34,2.1,263.687618598801,7.1,1.0924422550005044,Ege Denizi - [22.41 km] Ayvacık (Çanakkale)
628113,2024-05-11 04:33:17,1.5,283.9475723866935,8.26,1.0238655600034137,Yunak (Konya)
628114,2024-05-11 05:21:55,2.6,262.5217302863192,7.06,0.9909431627573563,Ege Denizi - [22.19 km] Ayvacık (Çanakkale)
628115,2024-05-11 05:50:51,1.1,259.6435067975126,7.03,1.0568908973676878,Emirdağ (Afyonkarahisar)
628116,2024-05-11 06:03:12,1.7,76.36040395765225,10.22,1.738496264404756,Akhisar (Manisa)
628119,2024-05-11 06:52:45,1.2,151.82428880156087,7.1,0.9381456984716682,Acıpayam (Denizli)
628120,2024-05-11 08:13:02,1.4,253.73530183173006,16.9,0.9822486024840805,Aksu (Isparta)
628123,2024-05-11 08:51:38,1.8,108.39139386266201,10.1,2.385568044555228,Bozkurt (Denizli)
628124,2024-05-11 09:10:04,1.3,266.38496413132344,6.5,6.8225246605465175,Hüyük (Konya)
628125,2024-05-11 09:15:11,2.1,286.50620827703693,6.87,0.7294207412988784,Ege Denizi - [76.14 km] Datça (Muğla)
628127,2024-05-11 09:29:48,1.3,367.0341141844935,10.8,0.489839464023377,Selçuklu (Konya)
628128,2024-05-11 10:07:38,1.6,161.91184790998162,6.93,0.9456527240683108,Milas (Muğla)
628130,2024-05-11 11:28:21,1.7,165.51955568814532,10.7,1.3440251283583835,Didim (Aydın)
628131,2024-05-11 12:19:08,1.3,84.2859898893995,11.8,1.0529691740491354,Yenipazar (Aydın)
628135,2024-05-11 14:40:08,1.5,168.09684304830816,13.41,0.827408808578191,Köyceğiz (Muğla)
628136,2024-05-11 14:55:06,1.0,251.05957315728162,11.12,0.8988944855293107,Sultandağı (Afyonkarahisar)
628140,2024-05-11 16:02:20,1.5,337.11624507734246,6.98,0.7830739811597602,Beypazarı (Ankara)
628145,2024-05-11 17:51:44,1.0,287.73968646004755,6.97,1.1512010913546051,Ilgın (Konya)
628150,2024-05-11 18:58:45,1.4,96.04709301121706,7.0,5.379682915055967,Çal (Denizli)
628153,2024-05-11 21:03:57,2.0,242.21612420796063,14.7,1.1984752717203855,Çınarcık (Yalova)
628155,2024-05-11 21:37:40,1.3,151.28773337709225,7.0,1.0479726150507342,Başmakçı (Afyonkarahisar)
628156,2024-05-11 22:11:07,1.7,261.60091263390785,10.11,0.8819175175488408,Emirdağ (Afyonkarahisar)
628157,2024-05-11 22:00:20,1.0,220.63386915189798,6.94,1.1734627298285412,Gelendost (Isparta)
628164,2024-05-11 23:35:26,1.4,89.75670996826341,6.96,7.090991075214206,Çaygören Barajı - [01.16 km] Sındırgı (Balıkesir)
628165,2024-05-11 23:48:52,1.9,222.4564798177106,9.97,1.2462606935108487,Ayvacık (Çanakkale)
628168,2024-05-12 00:11:40,1.9,223.01386112544873,7.0,1.064317978817642,"Ege Denizi, Sakız Adası (Hiyos) - [33.38 km] Karaburun (İzmir)"
628171,2024-05-12 00:51:25,2.9,231.8596747271748,6.94,0.9549723633380205,Ege Denizi - [52.78 km] Karaburun (İzmir)
628174,2024-05-12 01:15:47,2.3,370.274918461694,15.42,1.1402227615181137,Ege Denizi
628177,2024-05-12 02:36:31,1.3,156.90461526871997,7.0,1.2235984203624481,Merkez (Burdur)
628181,2024-05-12 03:35:46,1.8,438.39734463802114,7.0,0.8951887251133149,Merkez (Karaman)
628182,2024-05-12 05:22:58,2.3,85.35645534773856,16.93,1.7422987490960788,Akhisar (Manisa)
628184,2024-05-12 06:04:50,1.8,194.63971264027063,8.27,0.8799402358811405,Bodrum (Muğla)
628185,2024-05-12 06:27:32,2.3,414.37872295977877,20.0,0.7256518192508252,Ege Denizi
628188,2024-05-12 07:24:12,2.0,129.49992052927558,10.46,1.9153443583541008,Menderes (İzmir)
628189,2024-05-12 09:48:11,2.0,334.4356219605034,6.96,0.8950664489397399,Beypazarı (Ankara)
628190,2024-05-12 09:55:27,2.7,346.43826674664706,16.04,1.2087593393337766,Akdeniz - [135.15 km] Marmaris (Muğla)
628191,2024-05-12 11:13:16,1.4,457.72881713863376,7.04,1.049366649862369,Kalecik (Ankara)
628192,2024-05-12 08:43:10,1.4,85.56269096465834,6.94,1.2593135400217426,Akhisar (Manisa)
628195,2024-05-12 13:43:42,0.9,224.68985961852846,6.98,0.873845703141024,Eber Gölü - [05.96 km] Bolvadin (Afyonkarahisar)
628198,2024-05-12 14:18:36,1.5,376.91805645668745,13.03,1.1253827443917785,Cihanbeyli (Konya)
628202,2024-05-12 16:13:51,1.5,228.64629188913645,7.45,0.9745553280898344,Erdek (Balıkesir)
628204,2024-05-12 17:24:15,1.1,114.20946716094716,7.0,0.7875451891722476,Buca (İzmir)
628206,2024-05-12 17:54:14,1.0,109.78047161211673,11.77,0.9530725607101219,Çavdarhisar (Kütahya)
628209,2024-05-12 18:59:28,2.3,167.12935490492373,6.98,1.3577875305188185,Ege Denizi - [28.70 km] Seferihisar (İzmir)
628214,2024-05-12 23:21:44,2.5,223.21726262628837,7.0,1.966521114495249,Döşemealtı (Antalya)
628222,2024-05-13 00:34:54,1.9,202.84893780086952,12.12,1.1989912730114554,Çay (Afyonkarahisar)
628224,2024-05-13 03:06:13,2.6,65.10825478994212,7.0,145.11114571275627,Sarayköy (Denizli)
628225,2024-05-13 02:35:15,0.9,245.7818958442236,7.0,0.9526741959149244,Biga (Çanakkale)
628227,2024-05-13 03:39:03,1.4,170.13307377442231,5.43,0.8662962695316709,Çameli (Denizli)
628228,2024-05-13 03:31:45,1.2,64.6665633881291,9.19,5.402827680641803,Buharkent (Aydın)
628230,2024-05-13 04:30:02,2.1,171.06193308383158,15.66,3.5253561372996014,Balya (Balıkesir)
628233,2024-05-13 05:30:35,1.7,278.2019644924666,15.29,0.7190079635208418,Akdeniz - [50.47 km] Kaş (Antalya)
628240,2024-05-13 08:29:41,1.9,253.74235308870396,30.63,0.947749509100111,Kaş (Antalya)
628243,2024-05-13 09:05:23,1.3,178.6850012308849,8.59,0.8105964477806314,Merkez (Kütahya)
628244,2024-05-13 09:03:18,1.0,51.495777481092276,7.02,2.5891053086549576,Ulubey (Uşak)
628245,2024-05-13 09:09:33,1.3,111.39356147528675,7.02,0.8674899410006931,Bigadiç (Balıkesir)
628248,2024-05-13 09:38:57,2.7,218.39522337610472,7.34,1.2556151263770694,Marmara Denizi - Gemlik Körfezi - [06.90 km] Mudanya (Bursa)
628249,2024-05-13 09:51:07,1.7,102.13763779867458,7.0,1.3762001890738902,Hisarcık (Kütahya)
628254,2024-05-13 10:48:02,2.6,86.78404265907663,7.05,11.161105674862998,Bayındır (İzmir)
628255,2024-05-13 11:00:07,1.6,237.25771766751015,7.0,0.5374001142798976,Biga (Çanakkale)
628263,2024-05-13 13:40:17,1.8,436.36660408983465,8.6,0.6790284490179501,Kızılcahamam (Ankara)
628267,2024-05-13 14:09:22,1.6,162.32712461021143,6.9,1.4871306443721442,Orhaneli (Bursa)
628272,2024-05-13 16:15:21,1.5,64.13294044201305,7.01,1.6474749573098442,Buharkent (Aydın)
628286,2024-05-13 21:25:25,1.3,134.33865454107197,7.17,0.9766767591856674,Tavşanlı (Kütahya)
628295,2024-05-13 22:36:36,1.4,240.4131575547073,7.0,1.0110043069258363,Akdeniz - [32.94 km] Fethiye (Muğla)
628297,2024-05-13 23:13:41,1.6,217.28750437045264,7.0,0.7762763702465063,Ege Denizi - [13.57 km] Datça (Muğla)
628307,2024-05-14 02:33:50,1.8,153.37225476267906,13.99,1.0468625148739479,Ege Denizi - Çandarlı Körfezi - [10.94 km] Dikili (İzmir)
628311,2024-05-14 02:18:20,1.4,254.49687176830568,7.16,0.9852152325833827,Akdeniz - [31.99 km] Seydikemer (Muğla)
628318,2024-05-14 03:54:24,2.0,242.6638427430963,12.22,1.1093983919776946,Çınarcık (Yalova)
628321,2024-05-14 04:23:10,1.6,143.35601460739582,6.38,1.1210977501843407,Milas (Muğla)
628322,2024-05-14 04:47:08,1.3,258.3224066739466,6.9,1.3226638382659286,Marmara Denizi - [08.34 km] Adalar (İstanbul)
628323,2024-05-14 04:59:41,1.9,151.8485003293603,6.22,1.0859791828723555,Ege Denizi - Çandarlı Körfezi - [09.35 km] Aliağa (İzmir)
628324,2024-05-14 05:30:47,1.7,142.96598605569653,6.96,0.9324263047873771,Milas (Muğla)
628327,2024-05-14 06:42:35,1.8,269.5391920326524,7.04,0.8725058790158863,Ege Denizi - [57.77 km] Datça (Muğla)
628330,2024-05-14 09:01:32,1.9,228.25058678263312,7.04,0.9062701791215861,"Ege Denizi, Sakız Adası (Hiyos) - [37.35 km] Çeşme (İzmir)"
628335,2024-05-14 09:43:19,1.5,297.34025253671865,9.3,0.7624012540360358,Erenler (Sakarya)
628336,2024-05-14 09:40:33,1.0,177.85999340325148,6.97,0.7152256506955087,Merkez (Kütahya)
628337,2024-05-14 09:33:43,1.1,294.0571452247939,6.86,0.9647925686973844,Erenler (Sakarya)
628339,2024-05-14 09:49:48,2.0,128.79051378241297,18.88,0.8586846077594732,Dursunbey (Balıkesir)
628340,2024-05-14 09:58:18,1.6,172.10739769462108,10.55,1.1573460697112004,Mustafakemalpaşa (Bursa)
628341,2024-05-14 10:02:30,1.7,81.42077614703895,12.39,7.023935094131452,Simav (Kütahya)
628342,2024-05-14 10:05:28,1.1,114.64783599645496,5.46,0.6297334929885781,Emet (Kütahya)
628344,2024-05-14 10:41:05,1.9,137.1867993123286,6.98,1.5995535849014215,Yatağan (Muğla)
628345,2024-05-14 10:37:48,1.2,80.48905717979613,14.41,3.7187491798366703,Simav (Kütahya)
628350,2024-05-14 12:58:21,1.5,340.70432001302885,7.0,1.3876172654279346,Çilimli (Düzce)
628351,2024-05-14 13:19:16,1.6,375.23523354472513,5.46,1.1869135881706747,Merkez (Bolu)
628352,2024-05-14 13:23:26,1.4,483.5489717843325,7.0,1.6370928770623976,Merkez (Bartın)
628354,2024-05-14 14:53:25,1.4,160.79803507233262,6.98,0.9134444628115247,Orhaneli (Bursa)
628366,2024-05-14 16:34:48,1.1,340.29229428083727,7.06,1.1442967137569942,Merkez (Düzce)
628367,2024-05-14 16:31:10,0.9,338.46116725125347,7.0,1.1253810396109523,Merkez (Düzce)
628368,2024-05-14 17:17:53,1.6,192.7177330419427,9.84,1.2435946627586136,Gönen (Balıkesir)
628377,2024-05-14 19:06:22,1.2,376.93806778501323,7.22,1.1549616570987538,Alanya (Antalya)
628378,2024-05-14 19:55:46,2.3,378.7421370477719,22.63,0.9347435220831631,Akdeniz - [69.46 km] Alanya (Antalya)
628379,2024-05-14 19:33:02,1.4,191.1893638056849,5.02,0.9710139122871402,Çay (Afyonkarahisar)
628380,2024-05-14 19:50:17,1.5,331.5980427136359,10.8,1.3857621513138085,Beypazarı (Ankara)
628382,2024-05-14 20:10:05,1.2,161.1468279463851,7.0,1.0235940342320866,Köyceğiz (Muğla)
628383,2024-05-14 20:05:12,2.2,494.2926839209796,9.88,0.8904604986143977,"Parvomay, Filibe (Bulgaristan) - [101.75 km] Merkez (Edirne)"
628384,2024-05-14 20:58:35,1.1,269.4207576380993,10.72,0.867963604251376,Marmara Denizi - [01.43 km] Adalar (İstanbul)
628385,2024-05-14 20:39:57,1.8,277.58814079054105,31.3,0.8190012617735776,Akdeniz - [10.79 km] Kaş (Antalya)
628386,2024-05-15 00:14:33,1.4,354.40849789485543,6.98,0.8577783652712615,Bozkır (Konya)
628387,2024-05-15 00:10:21,2.0,297.71707864404567,13.72,0.7479084567502593,Akdeniz - [31.42 km] Kaş (Antalya)
628388,2024-05-15 00:07:54,1.6,262.97695800366495,7.0,0.9229036230932174,Akdeniz - [52.76 km] Marmaris (Muğla)
628395,2024-05-14 21:05:33,1.2,64.49224625673422,7.85,3.4263051474971493,Sarayköy (Denizli)
628399,2024-05-14 21:51:34,1.0,248.4762721660379,9.03,0.9807531245312845,Marmara Denizi - [03.51 km] Çınarcık (Yalova)
628402,2024-05-15 01:53:12,1.2,186.83443514062242,5.92,0.7533855886915817,Karaburun (İzmir)
628403,2024-05-14 22:09:03,1.0,134.46282766510265,7.0,1.3157139491084404,Dumlupınar (Kütahya)
628404,2024-05-14 22:43:40,1.2,224.02308437050092,8.09,1.0519663116617932,Bucak (Burdur)
628410,2024-05-15 02:44:38,1.1,165.23097805995232,5.49,1.0713611552861166,Ege Denizi - Gökova Körfezi - [04.28 km] Ula (Muğla)
628411,2024-05-15 02:55:22,1.0,239.67510729152244,14.31,1.322950143363676,Çınarcık (Yalova)
628412,2024-05-15 03:20:07,1.0,336.8313579134697,7.0,0.9692853715522146,Merkez (Düzce)
628413,2024-05-15 03:28:29,1.6,140.05964244489496,6.47,2.247763220817654,Ege Denizi - Kuşadası Körfezi - [05.23 km] Menderes (İzmir)
628414,2024-05-15 03:01:57,1.9,267.5578503888587,7.67,1.1792893231580162,Akdeniz - [38.89 km] Kaş (Antalya)
628416,2024-05-15 03:47:13,2.3,87.73593457090377,10.97,26.433768187348765,Simav (Kütahya)
628417,2024-05-15 03:55:52,2.5,223.93526057964834,9.69,1.6275291734831623,Ege Denizi - [45.19 km] Karaburun (İzmir)
628418,2024-05-14 23:04:24,1.7,244.30865602657826,7.07,1.0424004602029784,Ege Denizi - [52.78 km] Çeşme (İzmir)
628419,2024-05-14 23:24:59,2.6,374.79235901606233,17.5,1.4423069969084348,Akdeniz - [163.97 km] Marmaris (Muğla)
628421,2024-05-15 04:00:30,2.7,225.24147296851208,9.78,1.3902932465463522,Ege Denizi - [49.72 km] Karaburun (İzmir)
628424,2024-05-15 04:57:55,4.5,223.84047284660818,7.0,3.0354345187911407,Ege Denizi - [45.60 km] Karaburun (İzmir)
628425,2024-05-15 04:56:33,3.7,231.98111606972182,9.74,1.4742562685905347,Ege Denizi - [50.17 km] Karaburun (İzmir)
628426,2024-05-15 04:29:39,3.1,224.8989699841984,6.82,5.144453321375831,Ege Denizi - [44.89 km] Karaburun (İzmir)
628427,2024-05-15 04:30:09,2.9,225.82690713271634,6.92,2.856264563432991,Ege Denizi - [45.83 km] Karaburun (İzmir)
628428,2024-05-15 04:34:19,2.0,229.0148672748475,6.03,0.9491966146201523,Ege Denizi - [48.96 km] Karaburun (İzmir)
628432,2024-05-14 23:56:47,1.0,70.54227047061214,7.02,1.0664408136618457,Akhisar (Manisa)
628433,2024-05-15 05:01:04,2.4,224.58937337340458,8.66,1.06199394495113,Ege Denizi - [46.12 km] Karaburun (İzmir)
628434,2024-05-15 05:06:25,2.1,224.8865746794797,9.49,1.46040925136455,Ege Denizi - [46.19 km] Karaburun (İzmir)
628435,2024-05-15 05:13:57,2.9,226.99028209361694,7.22,1.961569202233355,Ege Denizi - [48.04 km] Karaburun (İzmir)
628436,2024-05-15 05:03:05,2.0,225.9455376303867,6.98,0.7079138185582792,Ege Denizi - [47.71 km] Karaburun (İzmir)
628437,2024-05-15 05:17:21,2.1,223.34726833982538,7.01,0.9062051679617584,Ege Denizi - [45.21 km] Karaburun (İzmir)
628438,2024-05-15 05:17:56,1.5,249.34347887351888,12.82,1.031659148595884,Lapseki (Çanakkale)
628439,2024-05-15 05:31:07,2.9,225.0213015288258,7.33,2.424934792908375,Ege Denizi - [45.84 km] Karaburun (İzmir)
628440,2024-05-15 05:48:25,2.7,226.1852231779219,7.47,1.9511138912642223,Ege Denizi - [46.87 km] Karaburun (İzmir)
628441,2024-05-15 06:29:22,3.2,223.3568440091434,9.77,5.877285060315131,Ege Denizi - [45.22 km] Karaburun (İzmir)
628442,2024-05-15 06:13:47,2.6,224.40123419825042,6.86,0.8942950418689183,Ege Denizi - [45.71 km] Karaburun (İzmir)
628443,2024-05-15 06:06:06,2.1,224.26373866276452,7.01,0.3716254059826485,Ege Denizi - [45.92 km] Karaburun (İzmir)
628444,2024-05-15 06:23:06,2.4,217.64792803291425,7.09,1.5944541314541112,Ege Denizi - [40.80 km] Karaburun (İzmir)
628445,2024-05-15 06:16:27,2.2,228.73853664414213,7.01,1.0333413940127312,Ege Denizi - [47.60 km] Karaburun (İzmir)
628446,2024-05-15 06:41:54,0.8,126.04194187813671,7.0,1.1947954557165827,Tavas (Denizli)
628447,2024-05-15 06:36:53,2.4,222.81068293437423,7.03,1.540642853504381,Ege Denizi - [44.59 km] Karaburun (İzmir)
628449,2024-05-15 06:47:32,2.2,229.6116968768503,7.37,1.6329797038818152,Ege Denizi - [47.09 km] Karaburun (İzmir)
628450,2024-05-15 06:56:53,2.0,224.27870349372125,7.37,1.4333785339104888,Ege Denizi - [45.63 km] Karaburun (İzmir)
628451,2024-05-15 07:33:40,2.7,223.9910184556706,25.6,1.0556765506895849,Ege Denizi - [43.87 km] Karaburun (İzmir)
628452,2024-05-15 07:35:38,2.9,230.5486848559842,29.5,1.7556351042591665,Ege Denizi - [47.45 km] Karaburun (İzmir)
628453,2024-05-15 07:00:09,1.9,185.5771663701344,7.26,1.2124960968811689,Ege Denizi - [31.22 km] Söke (Aydın)
628454,2024-05-15 07:38:21,2.6,226.76800575745878,34.5,1.065146366733367,Ege Denizi - [42.70 km] Karaburun (İzmir)
628455,2024-05-15 07:09:47,1.6,231.48007287422442,5.75,2.907922833604754,Ege Denizi - [49.17 km] Karaburun (İzmir)
628456,2024-05-15 07:55:44,3.2,228.6061537774871,25.7,3.7382399603446586,Ege Denizi - [47.83 km] Karaburun (İzmir)
628458,2024-05-15 08:42:49,1.7,194.40324919433826,8.6,2.1380457659948457,Eğirdir Gölü - [02.42 km] Senirkent (Isparta)
628459,2024-05-15 09:05:33,2.4,229.70466202849866,19.7,1.2295271990940881,Ege Denizi - [42.68 km] Karaburun (İzmir)
628460,2024-05-15 09:30:05,1.4,219.2438941851791,7.0,1.3658647387435314,Ege Denizi - [37.85 km] Karaburun (İzmir)
628461,2024-05-15 09:24:09,2.1,234.91197366439994,8.2,1.2508813982652442,Ege Denizi - [49.38 km] Karaburun (İzmir)
628462,2024-05-15 09:44:14,0.8,404.22228425703724,7.0,0.9005014936490453,Gerede (Bolu)
628463,2024-05-15 09:59:08,1.6,169.04041125902455,6.52,0.9406571440817026,Ege Denizi - Gökova Körfezi - [07.09 km] Menteşe (Muğla)
628464,2024-05-15 10:12:15,2.1,214.2218340146851,7.0,1.0936717009907813,Ege Denizi - [39.16 km] Karaburun (İzmir)
628466,2024-05-15 11:25:22,2.0,418.3518037677555,7.03,1.5034571695487178,Mamak (Ankara)
628467,2024-05-15 11:54:05,2.8,226.37331165107904,26.5,0.7972027705375025,Ege Denizi - [45.49 km] Karaburun (İzmir)
628474,2024-05-15 14:52:20,1.6,157.42630654314095,7.0,1.4635801060960405,Orhaneli (Bursa)
628483,2024-05-15 16:31:06,1.6,227.52076219294702,62.31,1.045227991448408,Ege Denizi - [19.10 km] Datça (Muğla)
628496,2024-05-15 19:06:51,2.6,226.2772023013045,10.59,2.2034553609283942,Ege Denizi - [46.23 km] Karaburun (İzmir)
628499,2024-05-15 19:25:07,1.2,227.56072107268528,6.96,1.4335177519984166,Ege Denizi - [45.55 km] Karaburun (İzmir)
628500,2024-05-15 19:21:08,1.4,337.62200711682516,7.02,0.978884142928987,Beypazarı (Ankara)
628502,2024-05-15 19:39:30,1.6,231.55889174939932,6.75,0.9624057890735085,Ege Denizi - [49.85 km] Karaburun (İzmir)
628505,2024-05-15 20:15:59,1.2,234.1599399347294,7.14,1.0541278806361076,Döşemealtı (Antalya)
628506,2024-05-15 20:08:05,1.0,201.88063770466897,6.91,1.018255386112801,Çay (Afyonkarahisar)
628508,2024-05-15 20:52:41,1.5,225.86995414933065,7.0,1.087863381146149,Ege Denizi - [46.77 km] Karaburun (İzmir)
628513,2024-05-15 21:02:52,2.3,224.0757701207751,7.0,1.6319462101136246,Ege Denizi - [45.28 km] Karaburun (İzmir)
628514,2024-05-15 21:21:15,1.9,225.30372749808643,7.0,1.305993302082608,Ege Denizi - [46.01 km] Karaburun (İzmir)
628515,2024-05-15 21:14:17,1.7,224.21657665229077,6.78,1.156415729936572,Ege Denizi - [44.31 km] Karaburun (İzmir)
628516,2024-05-15 20:59:47,1.9,225.22250951626944,11.25,1.1957452295445383,Ege Denizi - [46.32 km] Karaburun (İzmir)
628517,2024-05-15 21:53:39,1.6,83.74602137034664,7.0,22.97291394536676,Simav (Kütahya)
628520,2024-05-15 21:40:36,1.5,222.73531377602768,6.94,1.028554500844075,Ege Denizi - [43.99 km] Karaburun (İzmir)
628521,2024-05-15 22:23:49,3.4,231.649129191005,7.75,8.473611185204517,Ege Denizi - [50.30 km] Karaburun (İzmir)
628522,2024-05-15 22:27:56,3.3,224.41578514682666,6.8,8.212257114278177,Ege Denizi - [46.02 km] Karaburun (İzmir)
628523,2024-05-15 22:33:56,2.2,223.62600795551424,7.0,1.2954507162382272,Ege Denizi - [46.35 km] Karaburun (İzmir)
628524,2024-05-15 22:36:38,2.8,224.18473538631957,6.69,4.0091039119131375,Ege Denizi - [44.69 km] Karaburun (İzmir)
628528,2024-05-15 23:02:51,2.5,264.41353058899256,5.22,3.2776260590184902,Ege Denizi - [23.30 km] Ayvacık (Çanakkale)
628536,2024-05-16 02:17:53,1.4,219.43927916088288,16.53,1.1329242729765163,Ege Denizi - [32.79 km] Karaburun (İzmir)
628537,2024-05-16 02:22:21,1.0,108.61693804428673,10.94,1.2631817734260296,Bozkurt (Denizli)
628541,2024-05-16 02:38:32,0.9,242.484790885309,7.0,0.984527542359645,Ege Denizi - [33.08 km] Datça (Muğla)
628542,2024-05-16 02:53:29,1.8,94.94546154485471,7.02,6.593432158495261,Pamukkale (Denizli)
628544,2024-05-16 03:11:13,1.1,259.9473191328363,12.83,1.1065555302871075,Yunak (Konya)
628548,2024-05-16 03:49:28,1.1,329.5148882024978,6.98,1.0790106859850304,Beypazarı (Ankara)
628554,2024-05-16 05:34:42,1.6,110.76024568494535,6.95,3.4619140212273627,Soma (Manisa)
628555,2024-05-16 05:50:44,1.4,217.62786468890891,5.48,0.9586522340901452,Ege Denizi - [06.39 km] Marmaris (Muğla)
628558,2024-05-16 06:28:03,1.9,259.4798011352431,7.06,0.9318251463911048,Ege Denizi - [39.38 km] Datça (Muğla)
628561,2024-05-16 07:32:53,2.2,402.3410622355828,6.41,1.1154839028325754,Ege Denizi
628562,2024-05-16 07:53:46,1.7,229.08719370705896,6.93,1.3829887619736245,Ege Denizi - [49.19 km] Karaburun (İzmir)
628563,2024-05-16 07:57:33,1.7,122.17768454454388,9.44,2.3800403449772536,Menderes (İzmir)
628564,2024-05-16 08:05:30,1.4,211.05502275118272,14.91,1.380972774020753,Korkuteli (Antalya)
628565,2024-05-16 08:08:10,1.5,433.5592909362079,10.26,1.1035141358376774,Ermenek (Karaman)
628566,2024-05-16 08:35:02,2.2,106.55913374657237,10.66,10.594479118365918,Torbalı (İzmir)
628567,2024-05-16 08:33:48,1.1,124.1744101412402,11.74,1.1789923109419616,Dursunbey (Balıkesir)
628568,2024-05-16 08:45:06,1.7,160.44553908619204,7.0,1.188119431134788,Milas (Muğla)
628573,2024-05-16 09:08:38,2.0,165.50226992163394,6.9,1.7665160484318878,Ege Denizi - İzmir Körfezi - [05.50 km] Karaburun (İzmir)
628574,2024-05-16 09:11:59,2.2,227.68936581837437,7.0,1.0964765473801859,Ege Denizi - [47.32 km] Karaburun (İzmir)
628576,2024-05-16 09:38:15,2.4,363.91164871706616,13.75,0.8909402746047592,Akdeniz - [72.23 km] Kumluca (Antalya)
628577,2024-05-16 09:35:28,1.1,176.74419256602405,7.0,0.7552798424494176,Dalaman (Muğla)
628578,2024-05-16 09:41:31,1.2,159.4508845042057,7.0,1.431699312469065,Orhaneli (Bursa)
628580,2024-05-16 09:47:23,1.1,153.09464304399762,6.95,1.2449842890168967,Tavşanlı (Kütahya)
628581,2024-05-16 09:49:19,1.5,138.70888113996762,7.03,1.0056126532632714,Büyükorhan (Bursa)
628582,2024-05-16 09:51:53,1.0,152.68720273991667,7.0,1.2332830201173541,Tavşanlı (Kütahya)
628585,2024-05-16 10:01:22,1.9,262.39298664769007,6.64,1.7744810903033077,Ege Denizi - [42.71 km] Datça (Muğla)
628586,2024-05-16 10:11:14,1.1,114.80448567323144,7.0,1.4915690872230478,Emet (Kütahya)
628589,2024-05-16 12:03:33,0.8,53.299245938139826,7.0,4.266572530321341,Ulubey (Uşak)
628591,2024-05-16 13:07:42,1.3,108.51037215927931,7.0,0.9918901980088474,Kınık (İzmir)
628593,2024-05-16 13:30:10,2.1,179.82258804092143,7.0,1.1207513554225312,Gönen (Isparta)
628597,2024-05-16 18:26:53,1.6,150.55627160180845,7.0,1.241546779461277,Milas (Muğla)
628599,2024-05-16 19:31:12,1.6,274.58699308509415,7.06,1.2936915753326965,Akdeniz - [68.62 km] Marmaris (Muğla)
628607,2024-05-16 20:50:35,1.4,225.2175193801128,6.78,1.1152156856261948,Ege Denizi - [36.96 km] Bodrum (Muğla)
628608,2024-05-16 20:48:28,1.3,34.0415813820681,7.01,44.10426302542914,Sarıgöl (Manisa)
628609,2024-05-16 21:52:36,3.0,202.08811001067508,8.69,4.624418704551036,Ege Denizi - [03.60 km] Bodrum (Muğla)
628610,2024-05-16 22:09:39,2.0,203.68748589479316,9.02,1.0080009845695972,Ege Denizi - [03.92 km] Bodrum (Muğla)
628611,2024-05-16 22:00:06,1.3,201.58508864851024,6.86,0.833157663104915,Ege Denizi - [06.38 km] Bodrum (Muğla)
628618,2024-05-17 01:37:28,1.3,221.20646147145038,53.64,0.44975583797698265,Ege Denizi - [22.54 km] Bodrum (Muğla)
628619,2024-05-17 01:37:06,1.2,83.43269702562297,10.28,2.693007754593488,Simav (Kütahya)
628623,2024-05-17 01:24:20,2.2,157.98075624282632,11.07,4.34844544857445,"Ege Denizi, Sisam Adası (Samos) - [15.07 km] Kuşadası (Aydın)"
628624,2024-05-17 00:22:39,1.4,462.17072060278264,6.88,0.9807139155046483,Merkez (Aksaray)
628629,2024-05-16 23:07:13,1.3,262.337517447741,7.01,0.9874862630916017,Ege Denizi - [22.01 km] Ayvacık (Çanakkale)
628630,2024-05-16 23:21:53,1.3,215.33457358535046,7.0,1.0064080799038861,Ege Denizi - [40.05 km] Karaburun (İzmir)
628632,2024-05-16 21:13:12,1.4,284.73803199132715,7.32,0.9847453185093846,Akdeniz - [32.68 km] Kaş (Antalya)
628633,2024-05-17 03:49:38,1.6,136.90908857184618,8.02,2.3472694319264065,Ege Denizi - Kuşadası Körfezi - [04.26 km] Menderes (İzmir)
628635,2024-05-17 04:40:52,1.9,171.723384859116,9.75,1.0613264286401958,Ege Denizi - İzmir Körfezi - [07.99 km] Karaburun (İzmir)
628637,2024-05-16 22:03:54,1.0,187.6380598598328,7.04,0.9535786805866405,Gönen (Balıkesir)
628638,2024-05-16 22:27:50,2.7,341.7296649209634,34.96,1.2980299997732034,Akdeniz - [120.28 km] Datça (Muğla)
628640,2024-05-17 05:39:05,2.4,75.1437856894124,12.13,48.03860759707651,Simav (Kütahya)
628645,2024-05-17 06:18:21,1.7,332.0056863472596,7.16,1.2141396572623366,Beypazarı (Ankara)
628650,2024-05-17 07:07:44,0.9,302.81764910031603,6.94,0.9861001648791913,Adapazarı (Sakarya)
628653,2024-05-17 07:24:34,0.8,125.29682944463349,6.12,1.1176651018372772,Söke (Aydın)
628654,2024-05-17 08:02:54,1.0,440.8275056420232,7.0,1.12273688073336,Çelebi (Kırıkkale)
628655,2024-05-17 08:00:51,1.2,269.39723152484225,7.48,1.0156275901171463,Ege Denizi - [28.83 km] Ayvacık (Çanakkale)
628658,2024-05-17 08:29:23,1.7,282.94917466014243,7.0,1.0511456965062145,Tuzlukçu (Konya)
628659,2024-05-17 08:44:10,1.5,226.0686231245383,6.98,1.0378399948047203,Ege Denizi - [46.56 km] Karaburun (İzmir)
628662,2024-05-17 09:01:51,1.1,66.27029496071283,7.0,4.697628848664717,Sarayköy (Denizli)
628663,2024-05-17 09:10:04,1.4,196.02826460452735,7.03,1.2511580907776452,İnönü (Eskişehir)
628665,2024-05-17 09:34:28,1.4,152.3131983124467,6.9,1.4473052329623524,Tavşanlı (Kütahya)
628666,2024-05-17 09:35:25,1.6,155.07631426728864,7.0,1.1919156633749575,Orhaneli (Bursa)
628667,2024-05-17 09:41:07,1.7,150.18422478160085,7.07,1.108651813719906,Tavşanlı (Kütahya)
628669,2024-05-17 09:39:05,0.9,444.91399329428333,7.0,0.9731358004304086,Elmadağ (Ankara)
628671,2024-05-17 09:51:27,1.6,272.88210732979604,7.0,0.31728776539345427,Göynük (Bolu)
628673,2024-05-17 10:57:06,1.5,166.81061113833425,7.11,1.0025838973757237,Milas (Muğla)
628674,2024-05-17 10:56:33,0.9,113.3640926422291,7.0,1.2775321422596735,Emet (Kütahya)
628675,2024-05-17 11:17:27,1.1,199.95625073674884,7.0,1.1339931464123023,Merkez (Isparta)
628676,2024-05-17 11:47:05,0.9,415.5128479517982,7.0,1.279765760685037,"Bolyarovo, Yanbolu (Bulgaristan) - [06.73 km] Lalapaşa (Edirne)"
628679,2024-05-17 13:12:02,2.8,200.66973550028038,7.0,0.6449226328821019,Korkuteli (Antalya)
628680,2024-05-17 13:16:52,1.4,200.78802933811986,7.0,1.1037769737097334,Korkuteli (Antalya)
628681,2024-05-17 13:25:33,1.2,207.96571310011802,7.0,1.2334194489731107,Korkuteli (Antalya)
628683,2024-05-17 12:24:22,1.9,159.5689916263203,6.97,2.3458876426115736,Ege Denizi - [23.52 km] Menderes (İzmir)
628684,2024-05-17 12:29:24,1.5,253.9662133809593,7.0,1.4235620532052675,"Marmara Denizi, Marmara Adası, Marmara (Balıkesir)"
628685,2024-05-17 14:00:22,2.3,280.257923438654,6.74,1.2140978218764622,Ege Denizi - [88.71 km] Çeşme (İzmir)
628688,2024-05-17 14:41:16,1.7,102.476834070158,7.0,7.742316035424456,Emet (Kütahya)
628690,2024-05-17 15:37:36,1.9,330.0269082360641,6.98,1.0323628887525613,Beypazarı (Ankara)
628695,2024-05-17 14:56:21,1.7,290.26365646469725,17.98,0.7993668123995558,Akdeniz - [80.27 km] Marmaris (Muğla)
628696,2024-05-17 17:55:54,0.8,195.05029047122423,7.24,1.0150131148970727,Eğirdir Gölü - [02.74 km] Senirkent (Isparta)
628697,2024-05-17 17:40:57,1.7,245.55105377756942,6.9,1.3865849446010412,Akdeniz - [20.64 km] Seydikemer (Muğla)
628699,2024-05-17 18:28:41,2.0,261.7913829009302,10.87,1.5419586637581746,Marmara Denizi - [20.98 km] Marmaraereğlisi (Tekirdağ)
628707,2024-05-17 19:33:25,1.4,265.2669140772448,7.11,1.1370000664663025,Ege Denizi - [25.04 km] Ayvacık (Çanakkale)
628708,2024-05-17 20:19:00,3.0,321.3741188771657,39.2,9.039789462104562,Ege Denizi - [100.34 km] Datça (Muğla)
628713,2024-05-17 22:14:24,1.4,258.57184228276424,15.58,1.1084130831530836,Akdeniz - [34.81 km] Seydikemer (Muğla)
628719,2024-05-17 23:34:10,2.8,267.39916952509566,7.08,1.6873525617939118,Ege Denizi - [78.26 km] Karaburun (İzmir)
628721,2024-05-18 00:36:25,1.8,250.52907041055465,7.83,1.0105335293237114,Ege Denizi - [11.62 km] Ayvacık (Çanakkale)
628722,2024-05-18 00:44:55,1.4,247.36898639877896,31.21,1.0500050709059128,Akdeniz - [40.08 km] Marmaris (Muğla)
628725,2024-05-18 01:23:06,1.1,97.89445488864605,6.98,2.0760444550115666,Çal (Denizli)
628727,2024-05-18 01:48:37,2.4,152.15649593511736,11.98,8.55494673241031,Ege Denizi - Kuşadası Körfezi - [17.64 km] Kuşadası (Aydın)
628729,2024-05-18 01:38:13,1.9,350.3522764665638,14.06,0.9988426760978093,Ege Denizi - [53.04 km] Gökçeada (Çanakkale)
628730,2024-05-18 01:46:42,1.4,327.51994976894565,7.11,0.8964592793788332,Gölyaka (Düzce)
628731,2024-05-18 01:48:04,1.1,378.3582991870328,7.06,7.348850498714148,Merkez (Bolu)
628734,2024-05-18 02:13:56,1.8,278.22719249564597,10.24,1.0860460089504964,Ege Denizi - [50.59 km] Ayvacık (Çanakkale)
628736,2024-05-18 02:58:11,1.3,152.32032137440814,7.0,1.056216260044741,Ege Denizi - Kuşadası Körfezi - [17.81 km] Kuşadası (Aydın)
628737,2024-05-18 02:35:36,1.0,108.99151940689364,6.98,2.020698617285701,Kınık (İzmir)
628741,2024-05-18 03:11:26,2.3,367.37800948186293,7.0,1.279892974443094,Akdeniz - [149.55 km] Datça (Muğla)
628742,2024-05-18 03:18:51,2.0,378.38945903188215,8.09,0.988093013042035,Ege Denizi
628744,2024-05-18 03:41:02,1.2,185.13364936405367,7.0,0.8530373440416049,Ege Denizi - Gökova Körfezi - [10.44 km] Milas (Muğla)
628745,2024-05-18 03:44:47,1.3,160.35245340101287,5.14,0.8765548934340197,Menteşe (Muğla)
628746,2024-05-18 03:57:05,1.3,381.3492878597399,7.0,1.057758088833095,Alanya (Antalya)
628748,2024-05-18 04:23:33,1.6,356.52554313700887,39.69,1.069064362964551,Akdeniz - [64.77 km] Kumluca (Antalya)
628751,2024-05-18 05:08:37,1.3,164.27029886000534,7.0,1.168433351178811,Ege Denizi - İzmir Körfezi - [07.67 km] Urla (İzmir)
628752,2024-05-18 06:32:56,2.0,110.96089635805059,6.95,3.4867257404340792,Soma (Manisa)
628757,2024-05-18 07:37:16,2.5,264.90231692881497,6.44,1.5590375371444594,Ege Denizi - [25.29 km] Ayvacık (Çanakkale)
628759,2024-05-18 07:59:01,1.5,226.86507344540422,7.03,1.1142314595152927,Tepebaşı (Eskişehir)
628760,2024-05-18 08:15:00,1.1,197.47654671168374,7.0,0.9898648295894559,İnönü (Eskişehir)
628763,2024-05-18 08:52:21,2.1,215.87853230482511,7.05,0.8362551167004035,Marmara Denizi - Erdek Körfezi - [02.02 km] Bandırma (Balıkesir)
628765,2024-05-18 09:08:45,1.0,160.66040813509116,7.0,0.7203916391927259,Milas (Muğla)
628766,2024-05-18 09:12:12,1.3,111.27606506077198,12.8,0.7724637289935904,Bigadiç (Balıkesir)
628767,2024-05-18 09:27:38,1.2,131.05300232909198,9.6,1.9457141892272605,Söke (Aydın)
628769,2024-05-18 09:34:04,1.6,158.69700378258096,7.05,1.8592080284731483,Milas (Muğla)
628771,2024-05-18 09:56:21,1.6,155.5519115764431,7.15,1.1677488140883467,Orhaneli (Bursa)
628773,2024-05-18 10:05:47,1.3,98.21589562439443,7.0,0.6327835549439568,Hisarcık (Kütahya)
628778,2024-05-18 11:49:32,1.5,191.85775741932724,10.22,0.6757571296633923,Ege Denizi - [28.38 km] Didim (Aydın)
628779,2024-05-18 11:54:55,1.8,448.18154577900344,6.95,1.3819781674715217,Karapınar (Konya)
628780,2024-05-18 12:06:59,2.9,263.5284637761916,17.35,1.4651946710579538,Ege Denizi - [22.01 km] Ayvacık (Çanakkale)
628781,2024-05-18 12:24:32,1.6,65.02952275446884,5.92,2.31900466077838,Sarayköy (Denizli)
628784,2024-05-18 14:13:50,1.5,165.60300725201756,7.18,1.88112537905361,Mustafakemalpaşa (Bursa)
628785,2024-05-18 14:33:46,1.5,180.73025943277997,7.0,1.3800867156846848,Ege Denizi - [16.97 km] Karaburun (İzmir)
628786,2024-05-18 14:43:22,1.6,226.29617808657065,7.0,0.6513532021436245,Ege Denizi - [45.58 km] Karaburun (İzmir)
628788,2024-05-18 14:51:40,1.2,209.52349908765453,6.73,1.057668553749981,Ege Denizi - [20.28 km] Karaburun (İzmir)
628792,2024-05-18 17:18:30,1.6,287.3973703106706,6.57,1.0225475696026582,Ege Denizi - [66.68 km] Datça (Muğla)
628799,2024-05-18 18:27:51,1.0,185.28618008405508,7.0,0.8850045273596701,Çameli (Denizli)
628803,2024-05-18 18:46:31,1.3,331.83816961586416,7.0,0.8432228495297851,Beypazarı (Ankara)
628804,2024-05-18 19:25:05,1.2,141.03425454880744,8.27,1.239939071210591,Ege Denizi - Kuşadası Körfezi - [05.95 km] Menderes (İzmir)
628811,2024-05-18 18:50:38,2.8,393.38668196901557,6.14,1.5778091320094405,Akdeniz - [171.85 km] Datça (Muğla)
628812,2024-05-18 20:07:06,1.0,160.96750465336797,7.1,0.7476036130194338,Menteşe (Muğla)
628813,2024-05-18 20:27:58,0.8,186.51308766449392,7.0,0.8052955775499347,Çameli (Denizli)
628816,2024-05-18 20:29:29,1.2,271.1506255107729,11.18,1.3498974941482127,Marmara Denizi - [05.20 km] Şarköy (Tekirdağ)
628817,2024-05-18 20:33:29,1.6,154.19586499784185,9.51,2.3967738444062685,Ege Denizi - Kuşadası Körfezi - [19.12 km] Menderes (İzmir)
628818,2024-05-18 20:39:35,1.2,154.22406189749069,7.09,5.515726612593182,Ege Denizi - Kuşadası Körfezi - [19.21 km] Menderes (İzmir)
628819,2024-05-18 20:50:12,1.4,200.78904181189324,7.0,1.0780553235799335,Korkuteli (Antalya)
628825,2024-05-18 21:01:48,1.3,121.48323261966623,8.18,1.0038623790526633,Buca (İzmir)
628826,2024-05-18 22:36:36,3.4,318.1909411395289,7.0,5.970335040928606,Akdeniz - [103.74 km] Datça (Muğla)
628827,2024-05-18 22:21:57,1.1,170.2599620196388,7.29,1.0267882056686168,Ege Denizi - İzmir Körfezi - [10.46 km] Karaburun (İzmir)
628830,2024-05-18 22:12:12,1.4,218.49889871648432,7.0,0.995658638121866,Marmara Denizi - Gemlik Körfezi - [06.77 km] Mudanya (Bursa)
628847,2024-05-19 02:15:16,2.9,399.0052851333663,6.16,1.2579595344298935,Ege Denizi
628848,2024-05-19 02:33:45,1.3,161.27737627904222,6.97,1.2502866018380772,Menteşe (Muğla)
628849,2024-05-19 02:51:43,1.3,104.01243814722604,7.01,1.2545702964907222,Efeler (Aydın)
628850,2024-05-19 02:58:30,1.1,213.5444206410996,5.44,1.1207015556200701,Biga (Çanakkale)
628858,2024-05-19 03:53:51,1.2,119.82770668537952,7.57,1.5247165388017865,Buca (İzmir)
628859,2024-05-19 03:55:25,1.1,376.77058668379175,6.78,1.1285028493478075,Merkez (Bolu)
628860,2024-05-19 03:45:28,1.0,259.2021560862655,8.92,1.1246594550613787,Ege Denizi - [17.86 km] Ayvacık (Çanakkale)
628861,2024-05-19 04:09:23,1.1,82.96563879928856,6.76,1.429402613418287,Bayındır (İzmir)
628862,2024-05-19 04:01:45,1.3,155.63742822699808,7.07,1.0413802920939326,Ege Denizi - Kuşadası Körfezi - [21.28 km] Menderes (İzmir)
628863,2024-05-19 04:29:58,0.7,166.68828874639013,6.99,1.0032104191623352,Ula (Muğla)
628872,2024-05-19 07:37:10,4.0,498.2671442291635,9.14,2.2617259081978958,Akdeniz
628877,2024-05-19 08:12:00,1.3,157.62414617923915,7.0,0.9380317607791919,Ege Denizi - İzmir Körfezi - [07.91 km] Urla (İzmir)
628881,2024-05-19 11:07:25,1.6,204.4463730230657,6.68,1.1288498249254921,Ege Denizi - [28.07 km] Karaburun (İzmir)
628891,2024-05-19 15:25:08,1.3,249.43178290319386,7.06,0.875164090585625,Akdeniz - [29.03 km] Fethiye (Muğla)
628894,2024-05-19 17:06:07,1.9,209.75904467099855,7.0,1.0227844854031418,Tepebaşı (Eskişehir)
628896,2024-05-19 18:06:19,1.1,161.10682852036177,7.0,0.9639316482725921,Ula (Muğla)
628899,2024-05-19 18:35:32,1.2,281.83688754407547,7.08,0.9946109340619372,Ege Denizi - [70.79 km] Datça (Muğla)
628902,2024-05-19 19:08:29,2.0,248.20294301205251,16.59,0.4076412446201131,Lapseki (Çanakkale)
628904,2024-05-19 19:22:28,1.4,154.41863811957415,11.32,1.1082217505427137,Acıpayam (Denizli)
628905,2024-05-19 19:17:25,1.9,247.25264663519405,8.34,1.0561741538044975,Lapseki (Çanakkale)
628908,2024-05-19 19:56:26,1.0,238.8878246593957,7.0,0.9220279522701245,Seydikemer (Muğla)
628909,2024-05-19 19:30:31,1.0,98.17653044885112,6.98,1.1416579018958535,Honaz (Denizli)
628910,2024-05-19 19:45:41,1.7,247.77167867801901,6.97,0.9651899113573672,Biga (Çanakkale)
628922,2024-05-19 22:34:53,1.1,269.2016443327574,7.0,1.0259440485851892,Marmara Denizi - [07.15 km] Şarköy (Tekirdağ)
628925,2024-05-19 23:05:52,0.8,236.71404099233294,7.0,1.1088648565237451,Seydikemer (Muğla)
628929,2024-05-20 00:08:59,1.4,480.6530731257659,9.34,1.0462925788028277,Korgun (Çankırı)
628932,2024-05-20 00:26:40,1.0,278.6445089904915,7.0,2.2964164728742027,Yunak (Konya)
628942,2024-05-20 01:38:51,1.4,146.7581240692488,7.0,1.6603823251189784,Karesi (Balıkesir)
628946,2024-05-20 02:10:57,1.2,250.03247276589983,7.0,0.9739313063389637,Marmara Denizi - [03.46 km] Biga (Çanakkale)
628949,2024-05-20 02:16:05,2.1,142.97192554110026,11.55,3.820482127741867,Altıeylül (Balıkesir)
628950,2024-05-20 02:14:54,1.5,182.242148015353,7.03,1.6968817539166494,Şuhut (Afyonkarahisar)
628957,2024-05-20 03:06:30,1.3,142.47333799264248,13.86,1.294647664271599,Altıeylül (Balıkesir)
628959,2024-05-20 03:38:24,1.7,383.47351607746066,7.59,1.001825455196738,Ege Denizi - [160.15 km] Datça (Muğla)
628961,2024-05-20 04:10:51,1.5,233.01272838942444,9.32,0.9855692436825471,Ege Denizi - [49.88 km] Karaburun (İzmir)
628963,2024-05-20 05:41:17,1.2,186.2242810637496,7.0,0.9360354585504854,Ege Denizi - Edremit Körfezi - [02.57 km] Edremit (Balıkesir)
628967,2024-05-20 06:29:18,2.2,149.63133598505445,6.98,2.9946244851508337,Ege Denizi - Kuşadası Körfezi - [16.61 km] Menderes (İzmir)
628969,2024-05-20 06:57:51,2.2,225.45180244809742,7.1,1.1076930171139767,Ege Denizi - [45.51 km] Çeşme (İzmir)
628971,2024-05-20 07:47:58,2.4,231.49250073026693,7.14,0.9709280223715052,Ege Denizi - [49.23 km] Karaburun (İzmir)
628983,2024-05-20 11:44:38,1.8,156.2971530851645,7.0,0.9398205631909353,Köyceğiz (Muğla)
628985,2024-05-20 12:09:20,1.1,49.620501331169294,7.0,8.745237946310867,Ulubey (Uşak)
628986,2024-05-20 12:11:14,1.1,51.28662817583124,7.0,3.5751533259403865,Ulubey (Uşak)
628987,2024-05-20 12:12:57,1.2,49.22931656600723,7.0,2.291231848878407,Ulubey (Uşak)
628994,2024-05-20 14:10:38,1.9,265.4800432412582,7.0,1.2506294219420198,Ege Denizi - [26.21 km] Ayvacık (Çanakkale)
628996,2024-05-20 14:57:45,1.8,121.3478469807142,7.01,1.7856734864618753,İkizcetepeler Barajı - [02.48 km] Altıeylül (Balıkesir)
629001,2024-05-20 16:55:27,1.9,381.5147215637369,7.03,1.5234723163885053,Merkez (Bolu)
629005,2024-05-20 19:33:24,1.2,78.20115274656855,8.01,2.6642812168802497,Sındırgı (Balıkesir)
629006,2024-05-20 19:04:27,1.1,90.77480291829517,9.0,1.617201853160239,Sındırgı (Balıkesir)
629012,2024-05-20 22:41:25,3.5,442.2030589588099,7.69,1.4522296008728979,"Ege Denizi, Girit Adası (Kriti) - [224.31 km] Datça (Muğla)"
629013,2024-05-21 00:28:30,1.4,210.59509004031779,7.75,1.2002501759363098,Korkuteli (Antalya)
629014,2024-05-21 00:09:25,1.7,410.9148568833087,12.01,0.9535987029033676,"Ivaylovgrad, Hasköy (Bulgaristan) - [51.40 km] Merkez (Edirne)"
629018,2024-05-20 23:01:57,1.7,201.4797803147923,7.36,0.6858607250662809,Korkuteli (Antalya)
629028,2024-05-21 02:12:00,2.3,258.16491564304783,6.28,1.166275097108623,Ege Denizi - [68.69 km] Karaburun (İzmir)
629030,2024-05-21 04:42:34,2.0,224.961713684917,7.03,1.1276535550302453,Ege Denizi - [46.14 km] Karaburun (İzmir)
629033,2024-05-21 06:11:08,1.8,227.89936462261397,7.16,1.1654376270443936,Ege Denizi - [48.56 km] Karaburun (İzmir)
629034,2024-05-21 06:00:10,0.8,180.73397470027462,7.0,1.1097578654268374,Şuhut (Afyonkarahisar)
629038,2024-05-21 05:46:43,1.0,166.21723441637107,7.0,0.8708183349008937,Köyceğiz (Muğla)
629042,2024-05-21 07:13:56,1.9,112.29230556838345,6.96,6.261152057258767,Soma (Manisa)
629045,2024-05-21 07:24:45,1.8,162.7469646581846,7.03,4.068601618114107,Menteşe (Muğla)
629050,2024-05-21 08:41:27,2.0,287.8228091080146,6.93,0.7546109099979041,Ege Denizi - [75.57 km] Datça (Muğla)
629051,2024-05-21 08:35:57,1.3,219.24010061533482,6.98,1.2540055689720748,Çan (Çanakkale)
629052,2024-05-21 08:39:10,1.0,149.29586771881998,6.95,1.5502309029545263,Tavşanlı (Kütahya)
629056,2024-05-21 09:06:39,1.3,262.2032775718471,7.0,1.042357165632019,Akşehir (Konya)
629058,2024-05-21 09:23:53,1.4,134.1462340491254,5.35,0.8983096248588429,Söke (Aydın)
629060,2024-05-21 09:31:12,1.9,268.3002336638615,6.55,1.0850779933000199,Ege Denizi - [29.08 km] Ayvacık (Çanakkale)
629061,2024-05-21 09:33:07,1.4,158.63767743908454,6.38,1.2495208132621038,Orhaneli (Bursa)
629062,2024-05-21 09:37:03,1.4,157.1578455753777,7.34,1.3257105832562839,Orhaneli (Bursa)
629063,2024-05-21 09:43:26,1.0,204.33875218019946,6.89,1.0923968501651313,Yenice (Çanakkale)
629065,2024-05-21 09:55:48,1.2,145.60083383351187,7.0,1.0963187832792312,Tavşanlı (Kütahya)
629066,2024-05-21 09:58:10,0.8,432.2814196773559,7.0,1.2470788044303636,Elmadağ (Ankara)
629068,2024-05-21 10:02:05,1.6,114.41542318743362,8.91,1.7278378700163668,Buca (İzmir)
629069,2024-05-21 10:07:08,0.7,298.60845626961026,7.0,1.007375748640981,Kandıra (Kocaeli)
629072,2024-05-21 10:36:10,1.3,108.71305259321956,7.0,1.2377401746028258,Soma (Manisa)
629073,2024-05-21 10:33:57,1.4,159.27289997835385,6.94,0.9254494776747454,Burhaniye (Balıkesir)
629076,2024-05-21 11:11:00,1.2,142.10718537652323,7.0,1.3142336967355404,Tavas (Denizli)
629078,2024-05-21 11:11:00,1.1,142.7759408041159,7.0,1.3350909766198071,Tavas (Denizli)
629079,2024-05-21 11:37:46,1.0,428.04518387136875,7.0,0.9914949414616105,Kızılcahamam (Ankara)
629084,2024-05-21 11:52:24,1.6,199.48959453483124,7.0,0.7458206252847029,Korkuteli (Antalya)
629086,2024-05-21 11:54:49,1.1,77.52020799467817,7.0,2.134988973934464,Akhisar (Manisa)
629087,2024-05-21 11:49:11,0.8,347.7825094459591,7.58,1.1335605304285612,Vize (Kırklareli)
629090,2024-05-21 12:15:29,2.1,167.7413485075267,7.04,1.2694919676120737,Köyceğiz (Muğla)
629096,2024-05-21 12:52:57,1.2,46.706991512021794,7.0,0.7158475059107412,Güney (Denizli)
629097,2024-05-21 13:38:16,0.7,267.4989975064317,7.0,1.1935834156036593,Tuzlukçu (Konya)
629098,2024-05-21 13:16:59,1.1,35.51352958555428,7.0,3.029418191619047,Salihli (Manisa)
629100,2024-05-21 13:22:31,1.3,187.28394130293236,7.0,0.6885483541467867,Çameli (Denizli)
629151,2024-05-22 06:35:48,1.5,342.4931748947497,6.44,0.903122801919227,Beypazarı (Ankara)
629153,2024-05-22 07:15:06,1.3,149.93002592945277,7.0,0.9883301361152581,Menteşe (Muğla)
629154,2024-05-22 07:18:50,1.7,258.2658230154252,7.0,1.1165161656432845,Ege Denizi - [16.38 km] Ayvacık (Çanakkale)
629156,2024-05-22 09:42:39,0.9,171.1495889576758,7.0,0.9417948285321815,Köyceğiz (Muğla)
629158,2024-05-22 10:16:54,2.0,193.42801407694188,15.93,1.2457010869495357,Ege Denizi - Gökova Körfezi - [15.61 km] Bodrum (Muğla)
629159,2024-05-22 10:22:09,1.7,109.06043343340471,7.0,1.5871925610849753,Germencik (Aydın)
629162,2024-05-22 11:25:14,1.4,133.49238271877098,7.0,0.9811258005068593,Ege Denizi - Kuşadası Körfezi - [06.66 km] Menderes (İzmir)
629166,2024-05-22 14:30:49,1.4,194.56765643470982,6.98,1.2994686277058354,İnönü (Eskişehir)
629168,2024-05-22 14:55:37,1.6,153.8651422966628,8.38,1.0564732341333793,Milas (Muğla)
629174,2024-05-22 17:47:30,2.3,331.2758338009565,7.0,1.0653930982627604,Beypazarı (Ankara)
629176,2024-05-22 17:56:12,2.1,329.1029516186694,7.0,1.024135225330018,Beypazarı (Ankara)
629183,2024-05-22 18:54:28,1.8,221.54981367675978,8.73,1.3136092973981701,"Ege Denizi, Midilli Adası (Lesvos) - [28.33 km] Ayvacık (Çanakkale)"
629190,2024-05-23 03:22:50,2.0,254.518631300822,7.0,1.0451498714536558,Ege Denizi - [66.04 km] Karaburun (İzmir)
629191,2024-05-23 03:06:10,3.4,391.25621383585366,7.8,1.4983446944174819,Akdeniz - [167.98 km] Datça (Muğla)
629195,2024-05-23 02:35:40,2.1,157.19314403060258,7.0,2.5051556267470896,Ege Denizi - Kuşadası Körfezi - [22.21 km] Menderes (İzmir)
629200,2024-05-23 06:28:52,1.7,278.80518849097876,7.06,1.627467643366424,Akdeniz - [68.34 km] Marmaris (Muğla)
629206,2024-05-23 08:37:13,1.3,365.33947243377384,7.0,0.8698259650922991,Selçuklu (Konya)
629208,2024-05-23 08:18:21,1.2,145.646432246696,6.95,1.1861532526265808,Tavşanlı (Kütahya)
629209,2024-05-23 08:58:04,1.5,265.26828173380176,7.09,2.8498165265775217,Ege Denizi - [23.57 km] Ayvacık (Çanakkale)
629211,2024-05-23 09:11:58,0.6,487.0995912389956,7.01,0.9504191551472726,Akpınar (Kırşehir)
629212,2024-05-23 09:06:26,1.5,140.65177252174155,12.41,0.7919402108522255,Ege Denizi - Kuşadası Körfezi - [07.54 km] Menderes (İzmir)
629213,2024-05-23 09:12:58,3.0,273.3612874717849,10.79,3.965698402181039,Akdeniz - Antalya Körfezi - [05.01 km] Kemer (Antalya)
629215,2024-05-23 10:11:52,0.9,287.21933393965236,7.0,1.1453254721372124,Ilgın (Konya)
629216,2024-05-23 10:33:43,1.4,30.10060678079286,6.95,0.7140307357499145,Kiraz (İzmir)
629219,2024-05-23 11:07:27,2.3,106.89024050048883,7.0,1.7297782981769712,Kırkağaç (Manisa)
629220,2024-05-23 11:21:11,2.0,109.00091725550158,7.0,1.491668637187753,Kırkağaç (Manisa)
629224,2024-05-23 12:52:50,1.8,121.34457849858573,8.1,0.8478689500066136,Buca (İzmir)
629226,2024-05-23 13:24:52,1.0,498.420143167698,7.0,0.8916537630686983,Akçakent (Kırşehir)
629228,2024-05-23 13:17:33,1.7,110.17295391760727,6.99,0.8196427417328849,Soma (Manisa)
629232,2024-05-23 14:09:19,2.7,285.9823011988949,35.47,0.6385573278080768,Ege Denizi - [78.37 km] Datça (Muğla)
629233,2024-05-23 14:22:54,1.7,274.5056604910485,6.99,1.3374036468506605,Kumluca (Antalya)
629234,2024-05-23 14:17:23,1.9,334.9638923377307,7.44,0.8715415804358461,Beypazarı (Ankara)
629235,2024-05-23 14:40:19,1.2,99.14328425890602,7.0,1.081812771238396,Çal (Denizli)
629238,2024-05-23 15:07:27,1.7,210.35301538920757,7.06,0.9733830755824202,Korkuteli (Antalya)
629239,2024-05-23 15:08:23,1.6,201.26815705138554,6.83,0.9750438104794182,Seydikemer (Muğla)
629245,2024-05-23 18:13:17,1.0,383.8329578840376,7.06,0.9104681862764976,Merkez (Bolu)
629246,2024-05-23 18:03:04,1.3,247.98698184377363,6.31,1.0208571869429666,Biga (Çanakkale)
629247,2024-05-23 18:17:08,2.1,360.76248063100456,11.36,0.805735651958595,Ege Denizi
629248,2024-05-23 18:46:00,1.3,261.7762649285524,6.48,1.1042856172855975,Marmara Denizi - [06.49 km] Şarköy (Tekirdağ)
629249,2024-05-23 18:51:54,1.1,31.61385271228287,7.01,4.361095564990784,Salihli (Manisa)
629251,2024-05-23 19:12:53,2.5,482.0981809817473,7.0,0.9002790775366482,Akpınar (Kırşehir)
629260,2024-05-23 20:51:16,2.1,141.19809121918064,6.94,1.7814086496180426,Ege Denizi - Kuşadası Körfezi - [07.27 km] Menderes (İzmir)
629261,2024-05-23 20:11:54,1.4,240.72005359682808,13.68,0.8377651874476737,Biga (Çanakkale)
629262,2024-05-23 20:20:09,1.9,246.77307994093215,10.41,1.4327776761016935,Ege Denizi - [53.76 km] Çeşme (İzmir)
629263,2024-05-23 20:10:47,1.3,32.46139230457453,6.0,8.257299279999986,Salihli (Manisa)
629264,2024-05-23 20:24:32,1.9,480.6444960090068,7.0,0.9593793096115091,Akpınar (Kırşehir)
629272,2024-05-23 22:40:02,3.6,346.17296792800477,20.25,19.861376704161806,Ege Denizi - [122.90 km] Datça (Muğla)
629281,2024-05-24 01:47:04,1.2,221.37392760343664,7.0,1.2057263814425099,Akdeniz - [20.78 km] Dalaman (Muğla)
629284,2024-05-24 02:12:50,2.0,250.07424177096885,5.67,0.7676053838597087,Ege Denizi - [09.42 km] Ayvacık (Çanakkale)
629285,2024-05-24 02:22:52,1.5,251.95293558629558,7.0,1.1216398448163996,Ege Denizi - [12.32 km] Ayvacık (Çanakkale)
629291,2024-05-24 02:52:23,1.1,96.10518824759916,6.91,1.4231946501974126,Gediz (Kütahya)
629292,2024-05-24 02:39:19,1.0,121.21267210868697,9.19,0.8665993702664864,Buca (İzmir)
629293,2024-05-24 03:09:54,1.5,437.10798830751423,6.99,0.8363076736340678,Merkez (Karaman)
629298,2024-05-24 02:59:32,2.0,313.4073335930882,9.2,1.0059897424955926,Ege Denizi - [90.81 km] Datça (Muğla)
629299,2024-05-24 03:41:57,1.4,337.3754655739823,7.0,1.1408140832309532,Beypazarı (Ankara)
629303,2024-05-24 04:16:05,1.5,85.96909155217548,7.0,4.410436229767555,Bayındır (İzmir)
629305,2024-05-24 05:02:01,1.7,217.3863722709842,6.92,1.3953907569971251,Ege Denizi - [15.42 km] Bodrum (Muğla)
629308,2024-05-24 05:34:51,1.3,96.29019336338835,8.2,1.1448669352966978,Kırkağaç (Manisa)
629309,2024-05-24 06:02:28,3.2,119.34992487689075,3.41,21.932373913975134,Menderes (İzmir)
629310,2024-05-24 06:00:41,1.9,297.50416365706,7.01,1.1406450728622983,Ege Denizi - [18.98 km] Eceabat (Çanakkale)
629311,2024-05-24 05:50:20,1.6,110.62569866956748,7.27,1.0959600749686544,Soma (Manisa)
629313,2024-05-24 06:15:19,1.7,119.30669019795299,6.92,0.7172436075969788,Buca (İzmir)
629314,2024-05-24 06:24:01,1.1,120.3851464698375,7.0,0.9774597764090689,Menderes (İzmir)
629315,2024-05-24 06:24:21,1.2,250.82047911762913,7.0,0.8477778536060144,Ege Denizi - [10.58 km] Ayvacık (Çanakkale)
629316,2024-05-24 06:23:18,0.9,488.661888325428,7.0,0.8988127720099829,Merkez (Kırşehir)
629320,2024-05-24 06:53:29,1.6,99.06100749394965,7.0,2.9870860035833826,Çal (Denizli)
629321,2024-05-24 06:55:42,1.9,97.17197100468196,7.0,3.6189120925129243,Çal (Denizli)
629322,2024-05-24 06:35:11,1.4,156.3898173124554,7.0,1.6052517441206522,Bergama (İzmir)
629326,2024-05-24 07:09:07,1.7,120.73570382287014,5.97,1.133030375262193,Soma (Manisa)
629327,2024-05-24 07:40:18,1.7,218.60838125805296,7.03,0.9134411338405805,Gönen (Balıkesir)
629328,2024-05-24 07:54:58,1.7,119.45177752837382,3.29,1.6599862010019562,Menderes (İzmir)
629330,2024-05-24 08:29:08,1.0,360.95880412011815,7.0,1.0891106044605572,Vize (Kırklareli)
629333,2024-05-24 08:39:04,1.4,147.14778682588897,7.0,0.867027994632713,Sandıklı (Afyonkarahisar)
629340,2024-05-24 09:13:30,1.3,195.81807393103986,7.0,0.6840499813895654,Tepebaşı (Eskişehir)
629342,2024-05-24 09:27:06,1.1,416.7767749804634,6.76,1.4130696218274563,Çubuk (Ankara)
629346,2024-05-24 09:37:14,1.0,165.47786284577404,7.0,0.8849974623913343,Şuhut (Afyonkarahisar)
629347,2024-05-24 09:46:32,1.0,99.72992631453745,7.0,1.145875590327745,Hisarcık (Kütahya)
629348,2024-05-24 09:55:17,0.6,67.0801988747309,7.0,0.8264321860111782,Güney (Denizli)
629349,2024-05-24 09:56:37,0.7,99.07199939550853,7.0,1.2443100393369402,Sivaslı (Uşak)
629352,2024-05-24 10:09:46,1.8,33.07018589264245,7.01,7.291958254773522,Salihli (Manisa)
629353,2024-05-24 10:11:54,2.2,156.89094707362665,6.94,1.3357505242519645,Ege Denizi - Kuşadası Körfezi - [22.59 km] Kuşadası (Aydın)
629355,2024-05-24 10:18:58,1.4,220.6710864489134,7.0,0.9679554983544804,Çan (Çanakkale)
629356,2024-05-24 10:19:40,1.1,145.97979309822932,7.0,0.85784223787987,Sandıklı (Afyonkarahisar)
629358,2024-05-24 10:36:42,1.2,131.43598251098214,8.48,1.229126342216457,Menderes (İzmir)
629359,2024-05-24 10:42:12,1.6,330.45621313802695,6.05,1.4800171510014049,Ege Denizi - [33.84 km] Enez (Edirne)
629361,2024-05-24 11:12:59,1.9,298.1468431756517,6.98,0.9006037017840344,Ege Denizi - Saros Körfezi - [17.90 km] Enez (Edirne)
629362,2024-05-24 11:55:01,2.3,119.06445894930816,7.0,2.482487501063909,Menderes (İzmir)
629366,2024-05-24 12:25:55,1.8,213.58838618874063,7.01,0.6603705500021032,Marmara Denizi - Gemlik Körfezi - [03.27 km] Mudanya (Bursa)
629368,2024-05-24 14:14:31,1.2,136.32589426417647,6.79,1.1597097925775823,Kızılören (Afyonkarahisar)
629375,2024-05-24 14:20:18,0.9,136.97074558107042,7.0,1.4478828133831967,Bergama (İzmir)
629382,2024-05-24 19:54:17,1.7,170.93807903252457,7.0,0.8950866316320494,Marmaris (Muğla)
629384,2024-05-24 20:46:45,1.5,165.68471820185943,7.0,1.1067360059062237,Köyceğiz (Muğla)
629389,2024-05-24 22:26:40,1.3,184.5221392556708,8.16,0.935073132069191,Ortaca (Muğla)
629390,2024-05-24 22:41:49,2.8,23.123539640510096,7.0,300.4698224179039,Alaşehir (Manisa)
629394,2024-05-24 23:18:22,0.9,24.951135952505197,8.29,13.971804400359401,Alaşehir (Manisa)
629397,2024-05-25 00:02:16,2.2,259.49211312619275,8.44,1.5567021446763258,Marmara Denizi - [08.94 km] Marmara (Balıkesir)
629398,2024-05-24 23:48:44,2.1,241.48981504428542,7.07,0.8754407668498553,Ege Denizi - [50.28 km] Çeşme (İzmir)
629399,2024-05-25 00:03:42,1.3,258.97658306515865,6.21,0.8471439375980742,Marmara Denizi - [08.79 km] Marmara (Balıkesir)
629401,2024-05-25 00:51:53,1.4,228.01682432297045,7.0,0.9783697368518154,Biga (Çanakkale)
629402,2024-05-25 00:51:06,1.3,30.2018916280939,7.0,28.208862689695703,Sarıgöl (Manisa)
629406,2024-05-25 01:51:03,1.7,119.87116370868792,7.84,1.3014837054854027,Buca (İzmir)
629408,2024-05-25 04:26:57,2.1,332.91795889844667,6.95,0.8978172212738506,Beypazarı (Ankara)
629409,2024-05-25 02:51:02,1.1,167.44325941047555,7.0,1.0418328462401012,Köyceğiz (Muğla)
629414,2024-05-25 06:41:50,1.2,169.33633146428895,7.13,1.3606407129363438,Ege Denizi - [09.13 km] Dikili (İzmir)
629418,2024-05-25 08:32:36,1.6,215.1648455123487,6.29,0.7804253628556971,Marmara Denizi - Gemlik Körfezi - [04.41 km] Mudanya (Bursa)
629419,2024-05-25 09:01:32,1.8,134.26720602899917,8.18,2.5023075903178658,Ege Denizi - Kuşadası Körfezi - [06.02 km] Menderes (İzmir)
629421,2024-05-25 09:54:15,1.5,124.30120137264358,7.0,0.7726887875602249,Menderes (İzmir)
629422,2024-05-25 10:09:15,1.5,115.37709919645128,7.29,0.5633857395405076,Emet (Kütahya)
629427,2024-05-25 13:25:07,0.8,83.78458080394778,7.1,0.7044709018293722,Yenipazar (Aydın)
629428,2024-05-25 13:55:25,0.6,164.0570343244997,7.0,1.622723378686925,Köyceğiz (Muğla)
629432,2024-05-25 15:36:57,2.8,81.83088270723503,10.36,20.40528093324306,Sındırgı (Balıkesir)
629434,2024-05-25 15:51:32,1.0,136.73878828418117,7.0,1.036938585212528,Dumlupınar (Kütahya)
629435,2024-05-25 16:09:58,1.6,265.56641980145946,7.06,1.7208396862588362,Marmara Denizi - [21.09 km] Silivri (İstanbul)
629439,2024-05-25 17:22:16,1.4,219.90586417025102,7.25,0.9841083295134894,Ege Denizi - [12.35 km] Ayvacık (Çanakkale)
629444,2024-05-25 19:27:51,1.6,252.7245705788926,6.78,0.9653348896291744,Akdeniz - [34.94 km] Fethiye (Muğla)
629448,2024-05-25 21:14:45,1.9,205.55590354860402,7.35,1.1101209543206159,Ege Denizi - [06.09 km] Bodrum (Muğla)
629449,2024-05-25 21:17:59,1.5,335.0189847234626,7.06,1.0906674330492359,Beypazarı (Ankara)
629451,2024-05-25 21:47:19,0.9,480.7455477298459,11.46,1.0119492361728544,Akpınar (Kırşehir)
629455,2024-05-25 22:10:01,2.1,253.7334042038385,7.06,0.9179295892017082,Akdeniz - [33.06 km] Seydikemer (Muğla)
629462,2024-05-25 23:31:55,1.6,84.20451256330337,6.95,1.8493644218450935,Sındırgı (Balıkesir)
629463,2024-05-25 23:30:35,2.1,275.806116294738,7.0,0.9835396108540565,Beyşehir (Konya)
629465,2024-05-26 00:21:54,1.9,482.2661331086936,5.83,1.1292659969167362,Akpınar (Kırşehir)
629469,2024-05-26 02:50:08,2.7,310.68001072849455,26.15,1.388180652236006,Akdeniz - [96.34 km] Kaş (Antalya)
629473,2024-05-26 02:17:32,2.1,485.6861836952431,11.47,1.1241436671991376,Akçakent (Kırşehir)
629476,2024-05-26 01:08:45,2.5,270.0728072691259,6.16,1.1929067662260497,Ege Denizi - [46.98 km] Datça (Muğla)
629479,2024-05-26 04:35:23,2.2,171.2528717631191,6.92,1.130310416709642,Milas (Muğla)
629482,2024-05-26 06:38:09,1.1,84.28390151290597,6.11,1.6244663673424216,Yenipazar (Aydın)
629486,2024-05-26 07:19:58,1.0,117.34271509780983,7.49,2.069816091213287,Emet (Kütahya)
629487,2024-05-26 07:32:41,2.2,133.13268813299862,10.45,4.693990431985622,Ege Denizi - Kuşadası Körfezi - [07.63 km] Selçuk (İzmir)
629488,2024-05-26 07:51:04,2.1,169.28954126621804,7.01,6.0750961878094065,Ege Denizi - [23.51 km] Seferihisar (İzmir)
629489,2024-05-26 08:08:03,1.0,82.8560921650805,8.54,1.7534661718388067,Yenipazar (Aydın)
629495,2024-05-26 09:53:59,2.2,170.636852851317,6.92,0.5459723196335584,Ege Denizi - [24.24 km] Seferihisar (İzmir)
629498,2024-05-26 10:43:06,1.6,129.8779722821774,7.11,1.2346128236679126,Bergama (İzmir)
629500,2024-05-26 10:53:42,1.6,132.01506647977607,5.69,1.9707408625658434,Bergama (İzmir)
629502,2024-05-26 11:38:39,2.1,246.9297153470548,10.32,2.968695960866086,Osmaneli (Bilecik)
629504,2024-05-26 12:28:38,1.6,132.8668347527473,8.52,0.959276497311436,Ege Denizi - Kuşadası Körfezi - [07.74 km] Selçuk (İzmir)
629505,2024-05-26 12:31:06,1.4,137.32324482846923,14.83,0.8852727590185833,Ege Denizi - Kuşadası Körfezi - [07.25 km] Menderes (İzmir)
629506,2024-05-26 12:56:50,2.0,235.15171473415916,10.49,0.4605492639835862,Sultandağı (Afyonkarahisar)
629508,2024-05-26 13:02:19,1.3,133.18270234204493,6.49,0.6042888311151883,Ege Denizi - Kuşadası Körfezi - [08.12 km] Selçuk (İzmir)
629509,2024-05-26 13:00:57,0.7,233.73536071127128,7.03,1.010101502219046,Sultandağı (Afyonkarahisar)
629511,2024-05-26 13:58:11,2.0,158.61504983045108,6.95,1.880299458175611,Orhaneli (Bursa)
629513,2024-05-26 15:15:13,3.9,229.67110986396904,36.2,1.2953171520057718,"Ege Denizi, İstanköy Adası (Kos) - [26.86 km] Bodrum (Muğla)"
629913,2024-05-31 08:43:01,1.0,154.82500494412957,7.0,0.9593968811579493,Yeşilova (Burdur)
629920,2024-05-31 09:28:53,1.4,151.3126748270359,7.0,0.9326132475892167,Tavşanlı (Kütahya)
629924,2024-05-31 09:37:42,1.2,7.954570816681532,7.0,52.62734923449622,Kula (Manisa)
629925,2024-05-31 09:38:43,1.2,113.14096231220522,7.0,1.0740158341352781,Yunusemre (Manisa)
629927,2024-05-31 09:34:52,0.8,155.4612289486396,7.0,0.5870646820468554,Domaniç (Kütahya)
629928,2024-05-31 09:35:54,1.3,148.52994980692785,7.0,1.172302113210142,Tavşanlı (Kütahya)
629929,2024-05-31 09:57:53,0.7,295.0062220091918,7.0,0.9831868416419429,İzmit (Kocaeli)
629930,2024-05-31 09:50:07,1.3,139.09735279071734,7.0,1.058799368458987,Tavşanlı (Kütahya)
629931,2024-05-31 09:49:42,1.5,101.36486559135618,7.0,1.0177401491011648,Hisarcık (Kütahya)
629932,2024-05-31 09:58:24,1.5,102.6424727503871,7.0,1.0831873149161517,Hisarcık (Kütahya)
630015,2024-06-01 09:28:53,0.7,119.91628740202114,7.0,1.573506977795467,Honaz (Denizli)
630018,2024-06-01 09:30:15,1.2,369.57189870000576,7.2,1.0464867245494598,Cihanbeyli (Konya)
630019,2024-06-01 09:48:29,1.5,152.6514415427621,7.0,2.550632616077668,Tavşanlı (Kütahya)
630021,2024-06-01 10:15:28,1.7,298.1524484247609,7.56,0.811651409202832,Ege Denizi - [78.01 km] Datça (Muğla)
630022,2024-06-01 13:07:52,1.4,191.0154548835317,7.37,1.2089036449105404,Dalaman (Muğla)
630025,2024-06-01 14:23:07,2.2,313.6242556544,4.08,1.150469785947147,Ege Denizi
630026,2024-06-01 14:42:18,1.4,158.15473413876498,7.13,1.126433643629277,Ege Denizi - Kuşadası Körfezi - [23.60 km] Menderes (İzmir)
630027,2024-06-01 14:54:22,1.3,159.67205886711537,7.32,0.6287136469291692,Ege Denizi - [09.80 km] Foça (İzmir)
630030,2024-06-01 15:45:38,1.5,123.46486286330794,8.13,1.1148393899001303,Buca (İzmir)
630035,2024-06-01 16:54:27,1.0,202.44866973808172,7.0,1.753019113826667,Fethiye (Muğla)
630036,2024-06-01 16:51:16,1.4,187.18377855978122,9.35,1.1630173042399532,Karacabey (Bursa)
630037,2024-06-01 16:49:49,1.1,102.38170152379598,7.0,0.9240680418224104,Hisarcık (Kütahya)
630039,2024-06-01 17:27:00,1.1,201.3465029148517,6.76,3.412091067329425,Fethiye (Muğla)
630040,2024-06-01 17:16:17,1.4,159.80035731271334,7.76,1.2067417468682133,Ege Denizi - [09.68 km] Foça (İzmir)
630042,2024-06-01 18:11:27,1.8,203.6103637618372,7.0,1.1421399999810105,Ege Denizi - [22.92 km] Çeşme (İzmir)
630048,2024-06-01 18:31:26,1.0,149.75764106512642,7.0,0.9708508305613975,Menteşe (Muğla)
630049,2024-06-01 18:42:43,1.4,204.54511843969297,7.0,0.9437539886410801,Ege Denizi - [16.99 km] Çeşme (İzmir)
630055,2024-06-01 19:25:00,1.8,272.4008784095648,7.0,0.7340124614506172,Ege Denizi - [49.33 km] Datça (Muğla)
630056,2024-06-01 19:27:42,1.3,257.1099271077151,7.14,0.9348136908308081,Konyaaltı (Antalya)
630063,2024-06-01 21:01:07,1.9,363.95502862622516,14.84,1.0528132944928177,Ege Denizi - [140.46 km] Datça (Muğla)
630064,2024-06-01 21:16:38,1.8,264.1594192137901,9.3,0.8273229789916176,Ege Denizi - [74.96 km] Karaburun (İzmir)
630065,2024-06-01 21:48:44,1.1,269.9823280869605,7.05,1.1065371776013426,Akdeniz - [60.01 km] Marmaris (Muğla)
630066,2024-06-01 21:53:15,1.1,113.41198908252319,6.97,0.6699526659802724,Serinhisar (Denizli)
630068,2024-06-01 22:28:34,2.1,439.4905439649679,18.14,1.0864426159685523,Merkez (Karaman)
630070,2024-06-01 22:52:40,2.0,127.7418798779913,11.61,2.64413208622376,Yunusemre (Manisa)
630075,2024-06-02 01:22:11,2.8,211.15258746727122,5.98,6.053323885612767,Bucak (Burdur)
630076,2024-06-02 01:21:20,1.1,167.9671891756315,7.0,0.9066512295909359,Acıpayam (Denizli)
630077,2024-06-02 00:08:19,1.9,272.75242661961823,6.15,1.0151682251985434,Ege Denizi - [52.08 km] Datça (Muğla)
630078,2024-06-02 01:41:08,2.1,157.05780142432332,7.0,2.0560368550323185,Ula (Muğla)
630079,2024-06-02 01:19:08,3.0,247.51671778333352,6.86,4.1462264990824815,Ege Denizi - [59.15 km] Karaburun (İzmir)
630081,2024-06-02 02:01:26,2.5,332.39921694143334,7.0,0.8142637967191133,Beypazarı (Ankara)
630082,2024-06-02 03:59:51,2.9,214.728104495211,7.0,10.911942323276536,Marmara Denizi - Gemlik Körfezi - [03.25 km] Mudanya (Bursa)
630085,2024-06-02 03:56:12,1.9,166.86191606243378,7.0,1.1822676156130538,Acıpayam (Denizli)
630089,2024-06-02 05:59:10,1.2,149.18939334469238,10.8,1.2286832815308075,Ege Denizi - Kuşadası Körfezi - [15.41 km] Menderes (İzmir)
630090,2024-06-02 06:58:53,1.4,107.18639498923258,5.61,1.7132075414980417,Koçarlı (Aydın)
630091,2024-06-02 07:13:21,1.4,347.81868803310863,11.2,0.9834852321167279,Ege Denizi - [125.06 km] Datça (Muğla)
630093,2024-06-02 07:55:07,1.2,246.94550238013684,8.07,0.9734153413363705,Biga (Çanakkale)
630094,2024-06-02 08:53:28,4.2,408.36343794617443,7.0,1.7842009360125768,Ege Denizi
630096,2024-06-02 08:20:00,0.9,373.8205500695827,4.7,0.974945766048505,Merkez (Bolu)
630098,2024-06-02 08:36:46,1.2,115.25370014289298,7.0,1.1646312364071743,Emet (Kütahya)
630099,2024-06-02 09:12:52,1.6,172.73709026555738,18.57,1.0682172099715102,Ege Denizi - Gökova Körfezi - [03.13 km] Milas (Muğla)
630102,2024-06-02 09:43:41,1.7,212.45839816356545,7.0,0.6517066797227883,Ege Denizi - [12.46 km] Datça (Muğla)
630103,2024-06-02 09:44:21,1.7,211.74126790703303,7.0,0.25929772892346276,Ege Denizi - [12.55 km] Datça (Muğla)
630105,2024-06-02 09:32:15,1.5,330.35600931998664,7.18,1.1010865014470663,Beypazarı (Ankara)
630106,2024-06-02 09:52:13,1.8,255.6851888702113,8.11,0.5964049390333903,Marmara Denizi - [09.00 km] Biga (Çanakkale)
630109,2024-06-02 10:59:53,1.8,273.81674190026877,6.93,1.3317996295376828,Ege Denizi - [63.75 km] Marmaris (Muğla)
630111,2024-06-02 11:54:33,1.4,293.19809257231304,7.07,1.0062313533271636,Sarıyer (İstanbul)
630112,2024-06-02 12:24:53,2.1,478.2970267166905,37.68,1.3618553765839005,Akdeniz
630113,2024-06-02 12:33:53,1.1,142.09617443726646,7.0,0.9597914878502646,Tavşanlı (Kütahya)
630116,2024-06-02 13:57:30,2.0,244.787899785166,8.95,0.7040043399783351,Marmara Denizi - [04.47 km] Marmara (Balıkesir)
630119,2024-06-02 17:03:02,1.3,272.71190067462504,6.92,0.6387605835373649,Marmara Denizi - [05.30 km] Süleymanpaşa (Tekirdağ)
630120,2024-06-02 17:34:37,1.9,94.10129061557421,7.05,2.786767601610928,Bayındır (İzmir)
630121,2024-06-02 17:59:14,1.5,272.20734627875544,7.0,0.9871445720020328,Marmara Denizi - [05.40 km] Süleymanpaşa (Tekirdağ)
630122,2024-06-02 18:10:58,1.0,273.2716355856698,6.98,0.5743525164507186,Marmara Denizi - [06.87 km] Süleymanpaşa (Tekirdağ)
630123,2024-06-02 19:23:09,0.9,106.5624005572238,7.0,1.3068697438743389,Akhisar (Manisa)
630126,2024-06-02 21:06:45,1.3,215.14207538315821,7.04,1.2057606123263815,Marmara Denizi - Gemlik Körfezi - [04.20 km] Mudanya (Bursa)
630129,2024-06-02 22:30:31,0.9,223.32869003238176,7.0,1.0247894594534048,Ege Denizi - [12.73 km] Ayvacık (Çanakkale)
630132,2024-06-02 23:02:11,1.9,351.11174350278986,17.32,1.1742017511716276,Ege Denizi - [127.99 km] Datça (Muğla)
630133,2024-06-02 23:41:41,2.8,418.43085896011513,71.0,2.76694942102562,Akdeniz - [58.55 km] Gazipaşa (Antalya)
630142,2024-06-03 02:10:14,2.4,476.0315332615828,7.21,1.0569504009702266,Akdeniz - [183.60 km] Gazipaşa (Antalya)
630146,2024-06-03 02:43:21,1.6,321.79149456754783,7.0,0.981415592828881,Yunak (Konya)
630149,2024-06-03 05:15:06,1.9,308.02371453704467,7.72,1.19749879671327,Akdeniz - [18.99 km] Kumluca (Antalya)
630152,2024-06-03 07:38:15,2.5,409.8057313484025,12.33,0.9154206720756508,Ege Denizi
630154,2024-06-03 07:51:29,1.3,138.29896129497635,8.99,1.1032295417885898,Ege Denizi - Kuşadası Körfezi - [02.88 km] Menderes (İzmir)
630155,2024-06-03 08:01:56,1.0,230.73341791980707,7.0,2.4230535219593703,Eber Gölü - [03.54 km] Bolvadin (Afyonkarahisar)
630156,2024-06-03 08:35:46,1.6,268.3687705480236,7.08,0.9989763461776368,Akdeniz - [57.31 km] Marmaris (Muğla)
630160,2024-06-03 09:03:29,1.0,260.5768058831915,7.0,1.4520875499926837,Şarkikaraağaç (Isparta)
630161,2024-06-03 09:37:03,1.0,168.10165535373687,7.0,1.0002171212497482,Şuhut (Afyonkarahisar)
630162,2024-06-03 09:37:09,1.2,191.80288094298203,7.0,0.9765032671539602,Altınyayla (Burdur)
630164,2024-06-03 09:29:27,1.4,156.89215455446129,7.0,1.131686228413241,Orhaneli (Bursa)
630165,2024-06-03 09:15:24,1.0,48.96606746927995,7.0,8.4231948550701,Ulubey (Uşak)
630166,2024-06-03 10:05:03,1.4,230.59194863137694,7.07,0.6360473891458123,Odunpazarı (Eskişehir)
630168,2024-06-03 10:34:40,2.3,377.4602311766493,8.7,1.2814068772119362,Akdeniz - [88.12 km] Kumluca (Antalya)
630169,2024-06-03 10:24:50,1.1,205.98545815403455,6.98,1.438446454804698,Gürsu (Bursa)
630172,2024-06-03 11:16:05,1.6,113.39816063427037,7.0,2.0279974846873756,Serinhisar (Denizli)
630175,2024-06-03 11:29:05,2.7,306.46647359960224,17.53,1.3857803993289,Akdeniz - [92.50 km] Kaş (Antalya)
630176,2024-06-03 11:41:48,1.6,276.57684967840385,6.87,0.831038846839109,Akdeniz - [40.06 km] Kaş (Antalya)
630179,2024-06-03 12:31:54,1.6,235.8125416705415,7.01,1.2671051399877498,Biga (Çanakkale)
630181,2024-06-03 13:25:33,1.8,455.8136752021,8.82,0.9826315762221518,Akdeniz - [37.44 km] Gazipaşa (Antalya)
630185,2024-06-03 13:29:47,2.1,325.0069578909819,7.02,0.8112854256417503,Nallıhan (Ankara)
630187,2024-06-03 14:17:43,2.3,220.0991242272876,9.07,1.020143460147561,Tepebaşı (Eskişehir)
630189,2024-06-03 14:51:51,1.0,376.4486730422112,6.72,0.8970071817437766,Merkez (Bolu)
630193,2024-06-03 15:11:25,1.0,418.974421309362,5.63,1.1868597877654197,Kızılcahamam (Ankara)
630195,2024-06-03 16:36:38,1.0,359.4305987272767,7.0,0.8153535420984234,Merkez (Bolu)
630197,2024-06-03 16:52:27,1.7,207.65180752465267,7.0,1.053660718334746,Ege Denizi - [12.74 km] Bodrum (Muğla)
630198,2024-06-03 16:30:24,1.2,108.98169057429489,5.07,1.3111254551023943,Kınık (İzmir)
630199,2024-06-03 17:09:54,1.0,124.67308063580188,5.57,1.8997396676013867,Dursunbey (Balıkesir)
630200,2024-06-03 17:15:04,1.0,152.89598488511402,8.94,0.6133077126864248,Yeşilova (Burdur)
630201,2024-06-03 18:40:20,2.2,328.6243802151149,6.95,0.8327680582249913,Beypazarı (Ankara)
630203,2024-06-03 18:37:15,1.2,131.04981340311016,6.74,0.9502052385445949,Bergama (İzmir)
630206,2024-06-03 19:28:23,1.7,197.67270546471573,7.0,1.1029458393637162,Ege Denizi - [43.24 km] Söke (Aydın)
630210,2024-06-03 20:50:52,0.8,249.57134960649037,5.85,1.0208917120670051,Marmara Denizi - [03.68 km] Marmara (Balıkesir)
630216,2024-06-03 21:22:47,1.0,104.7269290769088,7.0,1.0676903341591977,Germencik (Aydın)
630217,2024-06-03 21:04:52,1.1,257.0000104022949,13.04,0.9256318177726992,Marmara Denizi - [09.91 km] Şarköy (Tekirdağ)
630218,2024-06-03 22:11:58,1.1,80.95728279339147,7.0,8.799527343564302,Sındırgı (Balıkesir)
630223,2024-06-03 21:59:31,2.1,266.2357282420978,9.58,1.3717673375171224,Ege Denizi - [26.41 km] Ayvacık (Çanakkale)
630227,2024-06-03 22:39:34,1.0,173.01535961123298,6.07,0.9377362343943669,Çameli (Denizli)
630237,2024-06-04 00:53:47,1.0,218.17958709258713,7.0,1.045709284947822,Bucak (Burdur)
630242,2024-06-04 01:02:46,1.3,228.29848598841664,7.73,1.0250418397235543,Ege Denizi - [46.61 km] Karaburun (İzmir)
630244,2024-06-04 01:33:40,0.9,170.8625074217734,12.09,1.1013163413949107,Havran (Balıkesir)
630245,2024-06-04 02:25:36,1.0,219.33249224571472,7.0,0.9553783258705867,Marmara Denizi - Gemlik Körfezi - [05.11 km] Armutlu (Yalova)
630248,2024-06-04 03:17:14,1.6,188.55642126592602,7.0,0.9843397122324385,Ege Denizi - Gökova Körfezi - [12.60 km] Milas (Muğla)
630249,2024-06-04 03:04:11,2.5,179.8827624581659,9.33,5.2000082514016865,Karaburun (İzmir)
630250,2024-06-04 03:42:49,3.1,303.85691343046534,15.24,2.4791344537651185,Ege Denizi - [83.38 km] Datça (Muğla)
630251,2024-06-04 03:48:32,1.5,188.05299206341405,7.0,1.026967787178157,Ege Denizi - Gökova Körfezi - [11.00 km] Bodrum (Muğla)
630252,2024-06-04 03:55:10,2.3,295.29636884573966,14.2,1.1298629941491654,Ege Denizi - [74.95 km] Datça (Muğla)
630255,2024-06-04 04:05:41,0.8,139.92950831450926,8.44,0.9488935203607655,Ege Denizi - Çandarlı Körfezi - [03.53 km] Aliağa (İzmir)
630258,2024-06-04 05:38:27,2.4,214.3518736784896,9.48,6.066311431283171,Marmara Denizi - Gemlik Körfezi - [03.88 km] Mudanya (Bursa)
630261,2024-06-04 06:54:17,1.8,113.32709212833197,7.05,2.1965180406034954,Soma (Manisa)
630262,2024-06-04 06:50:24,0.6,489.0286130191844,7.0,0.7139896146123297,Merkez (Kırşehir)
630263,2024-06-04 06:37:53,1.1,205.7389689423979,29.95,0.4697612784075823,Ege Denizi - [04.07 km] Çeşme (İzmir)
630264,2024-06-04 07:04:12,1.8,278.8070986107791,7.01,0.6054832245958086,Tuzlukçu (Konya)
630270,2024-06-04 07:30:58,1.5,249.75152692561593,8.61,0.9155878070438229,Ege Denizi - [09.34 km] Ayvacık (Çanakkale)
630271,2024-06-04 07:35:04,2.3,408.90139942993085,7.0,1.0263788069138964,Ege Denizi
630272,2024-06-04 07:32:12,1.0,116.9713785091716,7.0,1.0661293695740017,Serinhisar (Denizli)
630281,2024-06-04 08:34:14,1.5,139.5097952468119,9.52,3.4894845114938096,Ege Denizi - Kuşadası Körfezi - [06.66 km] Menderes (İzmir)
630282,2024-06-04 08:38:21,1.0,154.4968951758854,5.46,0.7912410665555434,Ege Denizi - Kuşadası Körfezi - [20.56 km] Menderes (İzmir)
630283,2024-06-04 08:55:41,1.2,138.07105557985048,7.0,2.0780697238706627,Bergama (İzmir)
630284,2024-06-04 08:46:34,1.0,250.76127496724544,7.0,1.4532266524474717,Ezine (Çanakkale)
630285,2024-06-04 09:06:19,0.9,73.50411918711781,7.0,0.9754301648596794,Köşk (Aydın)
630286,2024-06-04 09:07:05,1.0,52.921801603578615,7.0,0.9872541135129373,Ulubey (Uşak)
630287,2024-06-04 09:12:39,1.1,36.03007215712598,6.94,1.1461590704805196,Sarıgöl (Manisa)
630288,2024-06-04 09:13:41,1.6,123.44990823576931,7.42,1.2247548615413113,Emet (Kütahya)
630289,2024-06-04 09:21:26,1.5,159.61702428228585,6.86,0.6803728566508415,Orhaneli (Bursa)
630295,2024-06-04 09:44:28,1.0,430.10660163065836,7.0,0.5774490996158678,Elmadağ (Ankara)
630296,2024-06-04 09:47:29,0.7,440.90613425211023,7.0,1.104838574350114,Çelebi (Kırıkkale)
630297,2024-06-04 09:53:19,1.2,442.5057878491151,7.0,1.0076772701522108,Çelebi (Kırıkkale)
630298,2024-06-04 09:50:18,2.0,245.8066788602761,6.9,0.3591525249717763,Sarıcakaya (Eskişehir)
630299,2024-06-04 09:53:07,1.1,106.70308844762116,7.0,1.1542539695141696,Kemalpaşa (İzmir)
630303,2024-06-04 10:00:50,1.1,110.61818093934481,7.0,0.7729455016190367,Bigadiç (Balıkesir)
630305,2024-06-04 10:22:01,0.8,232.65308053025785,7.0,1.1114756424238557,Sultandağı (Afyonkarahisar)
630306,2024-06-04 10:20:37,1.1,159.05296805875486,5.95,1.076496108189492,İvrindi (Balıkesir)
630307,2024-06-04 10:29:29,2.0,151.32677991916674,7.0,1.1464308726292278,İvrindi (Balıkesir)
630310,2024-06-04 10:36:35,1.4,142.38216668301834,7.09,0.8974245414911253,Tavşanlı (Kütahya)
630311,2024-06-04 10:56:05,1.3,108.24289374771644,7.0,1.1149330703109854,Bornova (İzmir)
630321,2024-06-04 11:04:20,1.0,265.9064976169834,7.0,0.8089765807663863,Doğanhisar (Konya)
630323,2024-06-04 11:52:34,0.9,435.28813126849315,7.1,0.843931073918801,Çubuk (Ankara)
630324,2024-06-04 11:55:15,1.1,284.33050539490483,6.91,1.0358963269017376,Ege Denizi - Saros Körfezi - [07.60 km] Gelibolu (Çanakkale)
630325,2024-06-04 11:50:02,1.4,294.1232231828219,7.0,0.9804751483258279,Ege Denizi - Saros Körfezi - [16.08 km] Eceabat (Çanakkale)
630326,2024-06-04 11:37:16,0.9,417.9665892641012,6.99,0.6845327880689129,"Malko Tarnovo, Burgaz (Bulgaristan) - [06.09 km] Kofçaz (Kırklareli)"
630329,2024-06-04 12:00:30,1.5,293.75010307503607,6.87,0.6907230024364422,Ege Denizi - Saros Körfezi - [15.45 km] Eceabat (Çanakkale)
630331,2024-06-04 12:05:06,1.6,294.213039502645,6.83,0.9985992896436835,Ege Denizi - Saros Körfezi - [16.25 km] Enez (Edirne)
630335,2024-06-04 12:29:20,1.0,183.6332920100313,7.0,0.8555915044367532,İnönü (Eskişehir)
630336,2024-06-04 12:35:39,0.8,338.73915621846976,7.0,0.9276470763535223,Saray (Tekirdağ)
630342,2024-06-04 13:04:04,1.0,107.67012202878075,7.0,0.7951058244097207,Kırkağaç (Manisa)
630344,2024-06-04 13:12:55,1.1,405.3884288076852,7.0,0.26509519829886014,Kazan (Ankara)
630347,2024-06-04 13:23:27,1.6,254.30832921069285,7.0,1.0458499097810743,Marmara Denizi - [07.75 km] Marmara (Balıkesir)
630351,2024-06-04 14:09:05,1.0,295.6278163565034,4.43,0.9356423072890218,Sarıyer (İstanbul)
630352,2024-06-04 13:57:23,1.7,285.77629475070916,7.03,0.9821147468370262,Akdeniz - [41.54 km] Kaş (Antalya)
630358,2024-06-04 16:13:59,2.5,79.7358221810733,8.41,5.878561714286221,Akhisar (Manisa)
630359,2024-06-04 15:09:28,2.2,269.5468709078029,11.59,1.3588839948474134,Ege Denizi - [80.58 km] Karaburun (İzmir)
630360,2024-06-04 16:28:17,1.0,299.041399135597,6.97,0.8840410330856275,Sarıyer (İstanbul)
630365,2024-06-04 19:11:41,1.9,214.9946957531611,7.11,1.5458468091998778,Marmara Denizi - Gemlik Körfezi - [03.89 km] Mudanya (Bursa)
630368,2024-06-04 20:11:26,1.9,274.74419961927833,7.0,1.1369329452399894,Akdeniz - [56.66 km] Kaş (Antalya)
630372,2024-06-04 23:00:21,1.7,260.75159872336815,7.11,1.1503753036807989,Ege Denizi - [71.11 km] Karaburun (İzmir)
630376,2024-06-04 23:31:05,1.3,158.5160997889791,7.02,0.825868052928446,Ege Denizi - Kuşadası Körfezi - [24.13 km] Kuşadası (Aydın)
630377,2024-06-05 01:10:25,2.1,261.7738286596686,7.68,1.2946070210056777,Marmara Denizi - [10.47 km] Marmara (Balıkesir)
630379,2024-06-05 00:48:46,1.0,112.3462386721618,7.67,1.2678901492401835,Germencik (Aydın)
630380,2024-06-05 03:39:02,1.3,352.7580977059895,6.93,1.864787297429988,Selçuklu (Konya)
630388,2024-06-05 08:43:27,1.6,282.3157212369993,9.1,1.4088218031990356,Tuzlukçu (Konya)
630392,2024-06-05 09:34:22,1.4,417.79514135127,6.89,1.1788904049650484,Çubuk (Ankara)
630395,2024-06-05 13:02:01,1.2,99.38131138970897,0.0,1.3095621470388836,Honaz (Denizli)
630397,2024-06-05 12:16:20,1.3,162.82501860465416,6.98,1.0423703434882732,Milas (Muğla)
630401,2024-06-05 14:18:50,1.4,136.50935851949072,7.02,1.0170225832039579,Altıeylül (Balıkesir)
630406,2024-06-05 16:57:29,1.4,240.43041743033214,9.18,1.3356947739245053,Termal (Yalova)
630408,2024-06-05 17:05:45,1.9,127.60257989224107,6.97,1.684662609444031,Dursunbey (Balıkesir)
630409,2024-06-05 17:23:12,1.0,395.3765634608592,6.36,1.1029403231637875,Kulu (Konya)
630411,2024-06-05 18:42:52,3.9,292.55375188760405,12.88,2.3660902893919036,Ege Denizi - [39.60 km] Gökçeada (Çanakkale)
630419,2024-06-05 19:35:34,1.3,203.25038137460578,7.48,0.9573843994857345,Fethiye (Muğla)
630420,2024-06-05 19:43:22,2.1,291.6942050536979,14.11,0.8552249526901115,Ege Denizi - [39.23 km] Bozcaada (Çanakkale)
630421,2024-06-05 19:54:15,1.9,290.5709513013462,13.05,0.9348786300133304,Ege Denizi - [39.78 km] Bozcaada (Çanakkale)
630423,2024-06-05 20:17:10,1.7,301.5625733043106,6.9,0.652335959518166,Ege Denizi - [82.24 km] Datça (Muğla)
630424,2024-06-05 20:02:46,1.1,233.9222863916194,7.01,1.17249295975634,Akdeniz - [30.70 km] Fethiye (Muğla)
630426,2024-06-05 20:36:37,1.3,42.46825830458028,7.0,16.139796847904716,Salihli (Manisa)
630427,2024-06-05 20:40:26,1.6,291.96628154072476,7.04,0.9924982007507405,Ege Denizi - [41.32 km] Bozcaada (Çanakkale)
630430,2024-06-05 21:18:18,1.4,294.7707278470535,7.04,0.8932066163732323,Ege Denizi - [42.27 km] Gökçeada (Çanakkale)
630431,2024-06-05 21:16:05,1.2,212.17753465228347,7.0,0.908375219507314,Yalvaç (Isparta)
630433,2024-06-05 21:38:23,2.4,425.1566579772209,8.72,0.9358131732435421,Ege Denizi
630434,2024-06-05 21:41:13,1.3,449.29084967506213,8.84,0.9274582259443273,Kalecik (Ankara)
630436,2024-06-05 22:01:59,2.0,259.7595875283542,11.34,1.347318036763386,Akdeniz - [35.14 km] Seydikemer (Muğla)
630437,2024-06-05 22:24:12,1.1,298.81119265273446,7.01,1.2123379903392097,Ege Denizi - [38.26 km] Gökçeada (Çanakkale)
630441,2024-06-05 22:50:12,1.2,293.7776807147153,6.61,0.9033563936993786,Ege Denizi - [39.92 km] Gökçeada (Çanakkale)
630443,2024-06-05 23:23:53,1.2,217.79556358314284,7.25,1.0913163046764285,"Ege Denizi, İstanköy Adası (Kos) - [15.27 km] Bodrum (Muğla)"
630444,2024-06-05 23:07:38,1.0,327.37053679422047,7.0,1.032257957588943,Mudurnu (Bolu)
630448,2024-06-05 23:39:03,1.3,152.12720386285935,13.13,1.294435793372322,Kuşadası (Aydın)
630449,2024-06-05 23:52:13,1.8,273.79366756119816,7.0,1.0475121789988364,Ege Denizi - [80.52 km] Çeşme (İzmir)
630450,2024-06-05 23:45:05,1.0,78.67727557445761,8.32,3.2346301756511595,Akhisar (Manisa)
630451,2024-06-06 00:10:15,1.8,161.80210705945552,7.33,4.81572849325834,Ege Denizi - [24.47 km] Seferihisar (İzmir)
630452,2024-06-06 00:13:11,2.0,294.4054928220675,7.8,1.1781872245814662,Ege Denizi - Saros Körfezi - [12.88 km] Enez (Edirne)
630455,2024-06-06 00:34:55,1.0,160.4504405222276,6.98,1.046277479556269,Ege Denizi - [22.20 km] Seferihisar (İzmir)
630463,2024-06-06 02:46:32,1.8,264.68809405230803,6.38,1.0577390583669912,Ege Denizi - [75.61 km] Karaburun (İzmir)
630464,2024-06-06 03:26:51,1.2,435.5133217789252,12.45,0.98377780367362,Kızılcahamam (Ankara)
630465,2024-06-06 03:22:26,1.4,154.76204470630688,7.0,1.1090181715675866,Yeşilova (Burdur)
630471,2024-06-06 06:06:47,1.5,112.8766620451138,16.28,2.152696437825627,Soma (Manisa)
630476,2024-06-06 07:19:23,1.3,217.91509711767557,10.7,0.9154820163779932,Ege Denizi - [06.34 km] Ayvacık (Çanakkale)
630477,2024-06-06 07:27:41,1.5,216.54618379377882,15.3,0.9117646645754065,Ege Denizi - [08.17 km] Ayvacık (Çanakkale)
630478,2024-06-06 07:49:54,2.2,299.9695661908083,11.9,1.1582703481456502,Ege Denizi - [42.73 km] Gökçeada (Çanakkale)
630479,2024-06-06 07:53:54,1.1,294.2717536254111,7.0,1.1900194521724934,Ege Denizi - [13.28 km] Gökçeada (Çanakkale)
630483,2024-06-06 09:23:32,1.3,220.96498480003825,7.0,0.852239338468233,Ege Denizi - [01.73 km] Ayvacık (Çanakkale)
630485,2024-06-06 09:34:00,1.1,52.63195449363753,7.0,8.453631296135518,Ulubey (Uşak)
630486,2024-06-06 09:35:52,0.7,52.064432116318365,7.0,4.507240737600752,Ulubey (Uşak)
630487,2024-06-06 09:42:23,1.0,6.098342673335884,5.04,31.04587566734747,Kula (Manisa)
630490,2024-06-06 09:48:11,1.6,156.3305761788588,7.0,1.0079364602701815,Milas (Muğla)
630491,2024-06-06 09:54:16,1.6,158.4643413927844,7.0,0.9395741997724029,Milas (Muğla)
630518,2024-06-06 14:26:58,1.3,198.7896218391708,7.0,0.8401814243434139,İnönü (Eskişehir)
630531,2024-06-06 21:11:12,1.5,162.94318516446555,7.0,1.0649279250009098,Menteşe (Muğla)
630535,2024-06-06 21:54:46,2.5,220.29322901563438,7.0,2.9411194855261353,Marmara Denizi - Bandırma Körfezi - [03.87 km] Erdek (Balıkesir)
630540,2024-06-07 02:06:24,2.7,263.8861346487219,32.28,0.9311369232909402,Akdeniz - [07.84 km] Kaş (Antalya)
630541,2024-06-07 02:01:38,1.4,31.255332115439032,7.0,8.91237197977235,Salihli (Manisa)
630545,2024-06-07 01:38:44,1.2,137.6958850287827,6.96,1.190992083185476,Ege Denizi - Kuşadası Körfezi - [08.82 km] Menderes (İzmir)
630547,2024-06-07 03:45:18,1.6,217.89343312027464,7.0,0.7649058932229291,Marmara Denizi - Gemlik Körfezi - [05.71 km] Armutlu (Yalova)
630548,2024-06-07 04:54:39,2.0,66.67309721352572,7.0,4.644989868569598,Sarayköy (Denizli)
630549,2024-06-07 05:02:05,1.9,63.928726129010506,7.01,1.1325275429970503,Saruhanlı (Manisa)
630550,2024-06-07 05:31:15,2.6,76.14246967176805,4.58,33.65712877276404,Kemalpaşa (İzmir)
630555,2024-06-07 06:25:14,1.9,125.54631024331448,11.05,5.185032241565365,Dursunbey (Balıkesir)
630556,2024-06-07 06:28:51,1.8,110.4022009823881,6.97,2.104214231461411,Soma (Manisa)
630562,2024-06-07 10:20:02,1.0,148.18292097607875,7.02,1.1972326605869559,Tavşanlı (Kütahya)
630563,2024-06-07 10:28:58,1.0,148.47663320763036,7.01,1.2405761747847086,Tavşanlı (Kütahya)
630566,2024-06-07 10:34:01,1.5,156.25161089575863,7.0,1.091719078354118,Milas (Muğla)
630567,2024-06-07 10:45:50,1.5,92.46117068986761,7.01,1.3895258544840035,Akhisar (Manisa)
630570,2024-06-07 11:25:04,1.1,152.53014472614203,7.14,2.1945189715587072,Tavşanlı (Kütahya)
630572,2024-06-07 11:37:00,1.4,159.44346230210186,13.95,1.246876563672911,Ege Denizi - İzmir Körfezi - [04.94 km] Foça (İzmir)
630574,2024-06-07 09:41:33,2.0,235.53563403062768,6.94,1.8358192316948156,Marmara Denizi - [05.10 km] Armutlu (Yalova)
630575,2024-06-07 09:31:55,1.5,157.12003127881022,7.0,1.0459560519985711,Domaniç (Kütahya)
630576,2024-06-07 09:39:18,1.3,157.14500627238564,7.0,1.7417332408196011,Tavşanlı (Kütahya)
630577,2024-06-07 09:41:34,2.1,233.65634824303672,7.01,1.9279419286473862,Marmara Denizi - [04.60 km] Armutlu (Yalova)
630579,2024-06-07 09:50:16,1.2,102.35743686256423,7.0,1.0186259415402052,Hisarcık (Kütahya)
630580,2024-06-07 09:55:00,1.3,102.05460764340633,7.0,0.7628438485220949,Hisarcık (Kütahya)
630582,2024-06-07 12:23:22,1.3,97.31195993716254,7.0,1.1762926162450165,Akhisar (Manisa)
630590,2024-06-07 14:21:21,0.9,170.78678119616904,7.0,1.3359965609889122,Köyceğiz (Muğla)
630592,2024-06-07 14:51:55,1.9,466.84183024023264,9.53,1.0669762224356012,Keskin (Kırıkkale)
630593,2024-06-07 15:22:58,1.0,463.83494566528583,7.0,0.7759031698409568,Merkez (Aksaray)
630598,2024-06-07 16:10:11,1.3,169.15788208358308,7.0,0.7455615036750866,Köyceğiz (Muğla)
630600,2024-06-07 16:36:19,1.6,464.0791278994029,7.0,0.8593395449888676,Merkez (Aksaray)
630601,2024-06-07 16:39:32,1.8,353.3244971502846,6.27,0.9462968477782107,Ege Denizi - [132.49 km] Datça (Muğla)
630602,2024-06-07 17:10:06,1.0,282.1649661092964,6.93,0.6981365675471215,Tuzlukçu (Konya)
630609,2024-06-07 18:42:58,1.7,238.255515077084,33.93,1.0620455476253376,Akdeniz - [19.19 km] Fethiye (Muğla)
630614,2024-06-07 19:12:51,1.1,267.43515411720745,6.06,1.4800145955750097,Marmara Denizi - [20.18 km] Silivri (İstanbul)
630615,2024-06-07 19:20:38,1.7,445.3749141995038,5.29,0.7822302176207202,Ağaçören (Aksaray)
630619,2024-06-07 20:00:58,1.8,370.7521530636399,33.68,1.5438587023107406,Akdeniz - [79.67 km] Kumluca (Antalya)
630625,2024-06-07 20:44:37,1.0,156.50555077425165,7.01,1.5956072200963722,Ula (Muğla)
630626,2024-06-07 20:34:45,1.0,278.28529213106935,8.79,0.5007000089307464,Kartepe (Kocaeli)
630627,2024-06-07 21:08:12,1.1,236.44658601952554,7.56,0.31318762419476537,Yalvaç (Isparta)
630633,2024-06-07 22:14:14,1.4,73.17670817725121,7.0,1.3087997679831587,Akhisar (Manisa)
630634,2024-06-07 22:03:54,1.1,116.04370692943489,7.0,2.0007688840090374,Altıeylül (Balıkesir)
630641,2024-06-08 00:11:10,1.0,171.5523176715842,6.92,1.0144641027863006,Köyceğiz Gölü - [00.62 km] Köyceğiz (Muğla)
630642,2024-06-08 00:33:38,1.1,173.10405095689953,5.75,1.0812905560292152,Köyceğiz Gölü - [02.22 km] Köyceğiz (Muğla)
630643,2024-06-08 01:10:40,0.8,236.3223153261171,8.98,0.8796050631307423,Emirdağ (Afyonkarahisar)
630644,2024-06-08 01:23:55,1.4,426.0898597436355,7.01,0.886423475230556,Akyurt (Ankara)
630652,2024-06-08 01:30:00,0.9,204.52136021058323,7.0,0.5898034485344732,Çan (Çanakkale)
630653,2024-06-08 01:37:00,1.1,71.53860144674378,6.98,2.7208535443599557,Akhisar (Manisa)
630654,2024-06-08 02:06:34,1.2,69.34772841662848,7.0,1.6731125515977814,Gördes (Manisa)
630662,2024-06-07 22:40:40,1.7,283.71311169262754,7.01,0.8210869655704092,Ilgın (Konya)
630663,2024-06-07 22:41:43,1.1,378.63049032544075,7.86,1.1103990132019883,Gölbaşı (Ankara)
630664,2024-06-08 02:33:29,1.2,243.65878435362995,9.35,1.0213943935384322,Ayvacık (Çanakkale)
630669,2024-06-08 03:17:43,2.0,348.0580373852272,6.95,1.0154455705816146,Ege Denizi - [124.88 km] Datça (Muğla)
630677,2024-06-07 23:41:24,1.2,62.08527977570575,7.21,1.4541571461588774,Buldan (Denizli)
630680,2024-06-08 04:33:15,1.1,424.82195102802643,7.02,0.9522756370005415,Akyurt (Ankara)
630681,2024-06-08 04:46:42,1.2,284.97333638303667,5.23,0.9501198975071881,Ilgın (Konya)
630682,2024-06-08 05:18:18,1.1,102.31189326342347,7.0,1.1811655746562466,Germencik (Aydın)
630687,2024-06-08 07:08:03,1.8,204.969308723843,6.95,1.1257228423045686,Fethiye (Muğla)
630689,2024-06-08 07:56:26,1.0,157.60221013207598,7.0,0.8569338770906552,Ula (Muğla)
630691,2024-06-08 09:17:35,1.6,155.79875611007125,7.0,0.8681888677521654,Milas (Muğla)
630692,2024-06-08 09:30:25,1.6,225.65825213277222,6.49,1.0636360543347707,Tepebaşı (Eskişehir)
630694,2024-06-08 10:06:51,1.4,227.89624601988012,6.97,1.1130203480162664,Odunpazarı (Eskişehir)
630696,2024-06-08 10:23:36,0.9,318.4852826705399,10.33,0.9974214902299199,Seydişehir (Konya)
630698,2024-06-08 11:26:13,1.2,96.43937391212671,7.0,0.6990868855019376,Çine (Aydın)
630699,2024-06-08 12:56:07,1.7,119.29436684554933,9.98,1.4478116567721302,Buca (İzmir)
630700,2024-06-08 13:11:08,2.0,270.75462785995506,6.69,1.7342995596303779,Ege Denizi - [59.41 km] Marmaris (Muğla)
630706,2024-06-08 16:53:06,1.2,496.3224129152623,6.91,0.7696487463078415,Akçakent (Kırşehir)
630707,2024-06-08 16:23:13,1.7,170.1708473360751,7.0,1.061107513575847,Köyceğiz (Muğla)
630709,2024-06-08 17:32:16,1.2,70.80688938371046,7.19,3.8892305700406355,Gördes (Manisa)
630710,2024-06-08 17:20:34,1.5,164.17729513286503,7.1,0.9874844006365695,Ege Denizi - [20.64 km] Seferihisar (İzmir)
630719,2024-06-08 21:01:04,1.9,231.91075245157728,13.51,1.105105313666406,Ege Denizi - [42.17 km] Bodrum (Muğla)
630724,2024-06-08 22:02:27,1.7,256.47335650150325,7.0,0.8817867572591119,Akdeniz - [34.27 km] Seydikemer (Muğla)
630725,2024-06-08 22:51:35,2.8,216.19722542430125,7.0,3.34336929712571,Marmara Denizi - Gemlik Körfezi - [05.42 km] Mudanya (Bursa)
630732,2024-06-09 02:28:38,1.9,67.01320042610377,7.0,3.1834190778698908,Sarayköy (Denizli)
630733,2024-06-09 02:37:31,1.5,156.18279934882145,7.0,0.9306414581754398,Ula (Muğla)
630734,2024-06-09 02:26:12,1.3,68.43737882281361,7.0,1.6486188468763487,Sarayköy (Denizli)
630740,2024-06-09 04:36:50,1.8,334.06825436620915,6.88,0.5963733881785354,Beypazarı (Ankara)
630742,2024-06-09 05:27:35,1.9,215.60108395779739,6.99,1.1022649136016924,Marmara Denizi - Gemlik Körfezi - [04.54 km] Mudanya (Bursa)
630743,2024-06-09 05:38:14,1.9,214.12280034767377,6.04,1.1556725571401987,Marmara Denizi - Gemlik Körfezi - [02.33 km] Mudanya (Bursa)
630744,2024-06-09 05:37:28,1.6,213.90714688014756,7.25,0.7596008510291878,Marmara Denizi - Gemlik Körfezi - [02.59 km] Mudanya (Bursa)
630747,2024-06-09 06:02:44,1.0,214.45153951789922,7.01,0.6720261736782778,Marmara Denizi - Gemlik Körfezi - [02.71 km] Mudanya (Bursa)
630748,2024-06-09 06:21:09,2.0,154.30858909113886,11.96,0.8164914611044954,Ege Denizi - Kuşadası Körfezi - [16.03 km] Seferihisar (İzmir)
630749,2024-06-09 06:28:58,1.0,390.68625404935835,7.0,0.8105572760859382,Kulu (Konya)
630751,2024-06-09 09:08:31,3.1,167.111863897505,6.98,14.779467754594556,Köyceğiz (Muğla)
630752,2024-06-09 07:57:55,1.2,203.57842856477802,7.0,0.3498297532922647,Fethiye (Muğla)
630754,2024-06-09 08:51:55,0.9,282.36293725819826,26.9,0.8905793421452088,Ege Denizi - [61.20 km] Datça (Muğla)
630755,2024-06-09 08:56:03,1.3,159.92378878075309,6.92,1.261997516983359,Milas (Muğla)
630759,2024-06-09 10:19:43,1.3,112.59519416290071,7.0,2.5254316299657042,Bigadiç (Balıkesir)
630762,2024-06-09 11:40:19,1.7,240.8646621676409,5.77,0.6739835550007466,Ege Denizi - [50.49 km] Çeşme (İzmir)
630765,2024-06-09 13:43:05,2.1,282.3202886981792,35.45,1.525983695407199,Ege Denizi - [67.02 km] Datça (Muğla)
630776,2024-06-09 18:35:03,1.1,133.9044083992321,6.73,0.9873189998363505,Menteşe (Muğla)
630791,2024-06-09 23:00:32,1.0,140.55488916591105,7.01,1.0773694597958143,Ege Denizi - Kuşadası Körfezi - [10.60 km] Menderes (İzmir)
630793,2024-06-09 23:13:34,3.0,73.72642093155454,7.0,94.97796570208075,Akhisar (Manisa)
630794,2024-06-09 23:12:13,2.3,261.5575338061797,11.07,1.1199686417613894,Marmara Denizi - [14.04 km] Beylikdüzü (İstanbul)
630796,2024-06-09 23:20:01,1.9,72.91055982305906,6.95,5.789692844157755,Akhisar (Manisa)
630797,2024-06-09 23:16:17,1.5,72.50077826494348,7.01,3.1908767632030646,Akhisar (Manisa)
630798,2024-06-09 23:17:43,1.1,75.25818503055231,7.0,1.5374571740077052,Akhisar (Manisa)
630799,2024-06-09 23:19:19,1.0,71.15965096235645,7.0,1.9025135729145983,Akhisar (Manisa)
630800,2024-06-09 23:31:10,1.5,71.86057943849339,7.07,3.6277446617921356,Akhisar (Manisa)
630801,2024-06-09 23:31:51,1.2,73.20527526283955,7.0,0.6133666533337581,Akhisar (Manisa)
630802,2024-06-09 23:36:13,1.2,261.17797506216,6.43,0.9002504407148798,Marmara Denizi - [14.21 km] Bakırköy (İstanbul)
630804,2024-06-09 23:46:18,1.2,120.75594581385839,9.25,1.1808853719719838,Buca (İzmir)
630805,2024-06-09 23:45:13,1.5,184.2189559276491,16.25,1.0321734157769769,Dalaman (Muğla)
630806,2024-06-10 00:53:25,2.0,426.3186441157655,6.53,1.0168247945572648,Bala (Ankara)
630808,2024-06-10 01:39:05,1.9,78.24934985928414,15.26,45.37165103063336,Sındırgı (Balıkesir)
630811,2024-06-10 02:57:31,1.4,72.60126007499464,7.0,3.1628905654691435,Akhisar (Manisa)
630814,2024-06-10 00:24:46,1.4,73.7212725187068,6.99,3.6597352558930814,Akhisar (Manisa)
630815,2024-06-10 00:26:07,1.3,65.39461612031056,7.02,2.2624204542868824,Akhisar (Manisa)
630816,2024-06-10 00:26:54,1.3,69.60550265232042,7.0,1.0047473338149546,Akhisar (Manisa)
630817,2024-06-10 00:27:25,1.5,69.10967881623714,7.0,0.6943217743651929,Akhisar (Manisa)
630818,2024-06-10 00:05:24,1.6,70.61201828309824,6.99,11.340309832414553,Akhisar (Manisa)
630819,2024-06-09 23:28:22,1.4,70.50091754231728,6.99,2.1685565320755247,Akhisar (Manisa)
630821,2024-06-09 23:26:43,1.7,72.66748942727756,6.96,3.877430600838456,Akhisar (Manisa)
630822,2024-06-10 05:02:56,1.1,173.63419540546707,7.0,1.109302115785205,Köyceğiz Gölü - [02.85 km] Köyceğiz (Muğla)
630824,2024-06-10 05:32:22,1.9,221.37752790769204,12.02,1.0612945897534012,Marmara Denizi - Erdek Körfezi - [06.97 km] Bandırma (Balıkesir)
630827,2024-06-10 06:18:49,1.1,153.51023798393618,7.0,0.2967870273308326,Beyağaç (Denizli)
630830,2024-06-10 06:54:12,1.8,164.67634912312704,7.0,1.2688951114884295,Ege Denizi - İzmir Körfezi - [04.75 km] Urla (İzmir)
630832,2024-06-10 07:39:55,1.5,113.50797630671651,7.02,2.676226064082403,Bozkurt (Denizli)
630833,2024-06-10 07:58:14,1.1,153.18501497913087,7.0,0.9217009007363243,Beyağaç (Denizli)
630838,2024-06-10 08:08:50,1.5,156.22192602918156,7.0,1.1539092411785983,Ege Denizi - Kuşadası Körfezi - [19.59 km] Menderes (İzmir)
630839,2024-06-10 08:01:37,2.0,172.23203424916233,6.96,1.469009505490421,Köyceğiz Gölü - [01.28 km] Köyceğiz (Muğla)
630847,2024-06-10 10:35:13,1.2,155.10096957804728,7.0,0.7091298080482185,İvrindi (Balıkesir)
630848,2024-06-10 11:41:42,1.1,119.92728846319662,6.81,0.7496173041092008,Altıeylül (Balıkesir)
630849,2024-06-10 11:30:57,1.4,373.3130506188801,7.0,1.0098968643261343,Alanya (Antalya)
630851,2024-06-10 12:37:57,1.0,140.9063421583914,7.0,0.9536122839621256,Tavşanlı (Kütahya)
630852,2024-06-10 12:48:48,0.8,159.9005492295626,7.0,0.813549761712949,Köyceğiz (Muğla)
630855,2024-06-10 13:42:25,1.5,414.0713348866733,7.12,1.151025135821943,Pursaklar (Ankara)
630857,2024-06-10 14:05:15,2.1,171.8113511364695,11.47,2.1022828141130105,Köyceğiz Gölü - [01.05 km] Köyceğiz (Muğla)
630858,2024-06-10 14:06:48,1.4,171.65137011745983,7.0,0.73377024421642,Köyceğiz (Muğla)
630860,2024-06-10 14:40:11,0.9,230.2655893332347,6.65,0.7481099571728524,Merkez (Bilecik)
630861,2024-06-10 15:06:57,2.0,237.56909310652443,10.45,0.7487857036009617,Ege Denizi - [29.21 km] Datça (Muğla)
630862,2024-06-10 15:00:30,1.0,173.40415259762955,17.48,1.0528056423751724,Köyceğiz Gölü - [02.95 km] Köyceğiz (Muğla)
630863,2024-06-10 15:03:20,1.2,426.0995374490901,15.48,0.9515055517439133,Akyurt (Ankara)
630866,2024-06-10 15:24:09,1.1,460.34891029189885,7.0,1.118739257413998,Yahşihan (Kırıkkale)
630868,2024-06-10 16:04:48,3.7,392.68063609168837,14.98,0.8012901322492987,Bala (Ankara)
630870,2024-06-10 16:11:50,2.7,392.8306901481567,16.06,1.732057823923021,Bala (Ankara)
630872,2024-06-10 16:19:05,1.2,394.02123441402097,7.01,1.1958567601386842,Bala (Ankara)
630873,2024-06-10 16:17:20,1.0,390.40199000765944,13.41,0.7755492104766517,Gölbaşı (Ankara)
630875,2024-06-10 16:37:17,1.2,171.67178423024245,8.35,1.0051701485745554,Köyceğiz Gölü - [01.08 km] Köyceğiz (Muğla)
630876,2024-06-10 16:39:59,1.9,261.2828131473752,6.6,1.0554651606698962,Ege Denizi - [71.69 km] Ayvacık (Çanakkale)
630877,2024-06-10 16:49:07,1.0,388.91262905775164,9.3,0.7198781108170258,Gölbaşı (Ankara)
630881,2024-06-10 17:51:18,1.4,160.61938217401928,7.05,0.9537851554062267,Ege Denizi - [22.73 km] Seferihisar (İzmir)
630882,2024-06-10 17:36:25,1.0,163.8582185405294,7.02,1.4702750002386862,Köyceğiz (Muğla)
630890,2024-06-10 21:50:22,1.2,243.67841383814343,7.19,1.4611098071093562,Ege Denizi - [35.08 km] Datça (Muğla)
630893,2024-06-10 22:27:56,1.4,71.41409845766644,7.05,2.1123893993941305,Akhisar (Manisa)
630897,2024-06-10 22:55:54,0.9,160.40779168290098,7.0,0.9749597197913996,Ula (Muğla)
630898,2024-06-10 22:44:21,1.5,101.49667991436095,6.99,2.9061428582152438,Germencik (Aydın)
630901,2024-06-10 23:02:34,1.2,201.77969805388435,15.24,0.9453281571855144,Marmaris (Muğla)
630902,2024-06-10 23:25:46,1.3,245.58968922874638,13.34,0.9402894582423291,Ege Denizi - [31.70 km] Datça (Muğla)
630904,2024-06-10 23:51:43,1.6,363.7693879765096,7.79,1.0695181739093644,Akdeniz - [99.42 km] Kaş (Antalya)
630907,2024-06-11 00:33:00,1.4,157.9819789126668,7.0,1.1936235657349359,Ege Denizi - Kuşadası Körfezi - [22.45 km] Menderes (İzmir)
630909,2024-06-11 00:59:19,1.1,197.60185277906805,6.94,0.8624156604440208,Marmaris (Muğla)
630912,2024-06-11 04:29:13,2.4,140.06965162013373,7.0,9.407543252943446,Aliağa (İzmir)
630913,2024-06-11 04:14:45,1.8,141.97176650004275,7.01,2.4037978844376404,Ege Denizi - Kuşadası Körfezi - [09.88 km] Kuşadası (Aydın)
630916,2024-06-11 04:37:54,1.7,270.77364669618356,7.75,1.0326318825987215,Ege Denizi - [27.07 km] Bozcaada (Çanakkale)
630917,2024-06-11 05:11:37,1.4,279.4166630120241,8.75,0.8981600771607324,Ege Denizi - [37.20 km] Bozcaada (Çanakkale)
630918,2024-06-11 05:19:30,1.7,171.49440759657173,6.91,1.1834715285142081,Köyceğiz (Muğla)
630919,2024-06-11 06:05:57,1.2,363.60306312501035,6.97,0.9256491528355427,Selçuklu (Konya)
630921,2024-06-11 05:58:00,2.6,440.9860475379709,6.0,1.254376859060686,Ege Denizi
630922,2024-06-11 06:30:05,1.3,275.0867906529433,6.89,0.8319133426912924,Ege Denizi - [33.56 km] Ayvacık (Çanakkale)
630923,2024-06-11 06:32:34,1.2,276.1427002438696,7.0,1.2426911727991674,Ege Denizi - [34.08 km] Ayvacık (Çanakkale)
630924,2024-06-11 06:34:11,1.2,273.2581179358874,7.0,6.502121018484078,Ege Denizi - [30.75 km] Bozcaada (Çanakkale)
630925,2024-06-11 06:38:56,1.3,277.22355358031643,7.01,0.9922104886185477,Ege Denizi - [35.39 km] Ayvacık (Çanakkale)
630926,2024-06-11 06:40:44,1.2,274.22849118847864,7.01,1.0468470517961739,Ege Denizi - [32.79 km] Ayvacık (Çanakkale)
630927,2024-06-11 06:17:42,4.0,483.3277556840146,7.9,0.9984461582236837,"Ege Denizi, Girit Adası (Kriti) - [268.32 km] Datça (Muğla)"
630928,2024-06-11 06:28:43,2.3,274.7916401140778,7.11,1.2907726881087962,Ege Denizi - [33.01 km] Ayvacık (Çanakkale)
630930,2024-06-11 06:52:49,1.9,110.67622180603206,6.98,4.7192001212572,Soma (Manisa)
630933,2024-06-11 07:14:15,1.3,271.99474114714343,7.19,0.9841306746223001,Ege Denizi - [30.91 km] Ayvacık (Çanakkale)
630934,2024-06-11 07:07:08,3.3,87.18477837436787,12.18,210.07510717428684,Çal (Denizli)
630936,2024-06-11 07:37:17,1.4,138.1861673891546,7.0,0.9440291646141354,Bergama (İzmir)
630939,2024-06-11 08:09:13,1.4,252.32633802631725,7.0,0.8539007314965785,Geyve (Sakarya)
630940,2024-06-11 08:01:32,1.1,157.00252686459837,7.08,1.117626877153148,İvrindi (Balıkesir)
630942,2024-06-11 08:39:52,1.4,59.07372135089652,7.0,6.22801905449802,Ödemiş (İzmir)
630944,2024-06-11 08:38:20,1.2,105.99019226555579,7.0,1.2081981817518774,Soma (Manisa)
630946,2024-06-11 08:52:39,0.8,406.4747393572698,7.0,1.002792135800951,Lalapaşa (Edirne)
630947,2024-06-11 08:49:54,1.3,130.61185463922092,7.0,1.1207378337498726,Altıeylül (Balıkesir)
630948,2024-06-11 08:54:08,1.9,326.4774281226847,7.03,0.9991065283676603,Nallıhan (Ankara)
630949,2024-06-11 08:45:54,1.6,269.0463587586795,5.0,0.950702670843406,Akdeniz - Antalya Körfezi - [09.93 km] Kemer (Antalya)
630950,2024-06-11 09:01:07,2.0,219.7044371420881,6.87,2.00425273118751,Marmara Denizi - Erdek Körfezi - [04.12 km] Bandırma (Balıkesir)
630951,2024-06-11 09:07:44,1.1,193.81958228761653,7.16,1.225958821267074,İnönü (Eskişehir)
630957,2024-06-11 09:21:11,1.3,176.59053676530263,7.0,1.1459937079835456,Merkez (Kütahya)
630958,2024-06-11 09:26:03,1.3,156.43940890491103,7.0,1.3879300878408292,Orhaneli (Bursa)
630962,2024-06-11 09:50:59,1.2,233.57299966788247,7.25,1.01346480619873,Sütçüler (Isparta)
630963,2024-06-11 09:47:15,1.3,150.317399862479,7.0,0.7560012292475251,Tavşanlı (Kütahya)
630964,2024-06-11 09:52:36,1.5,152.8676280154752,7.0,1.0173266460284107,Tavşanlı (Kütahya)
630966,2024-06-11 09:34:03,1.1,7.603662647074524,6.5,31.27127633725404,Kula (Manisa)
630967,2024-06-11 09:43:29,1.1,61.491616636115715,7.0,6.571114847659274,Ulubey (Uşak)
630968,2024-06-11 09:32:57,1.0,406.8069967077474,11.86,0.9731165740506702,Bala (Ankara)
630969,2024-06-11 10:00:04,1.0,290.276869374564,7.0,0.9954434944605084,Ilgın (Konya)
630970,2024-06-11 10:06:29,1.3,111.82967073797441,7.0,1.1461095853345384,Bigadiç (Balıkesir)
630971,2024-06-11 10:14:19,1.6,111.57198890718067,6.45,0.8544636353545869,Soma (Manisa)
630976,2024-06-11 10:24:59,1.2,294.216251076551,7.0,0.9573715934534474,Çekmeköy (İstanbul)
630977,2024-06-11 10:24:43,1.0,296.04620681306244,7.0,0.9699114085257747,Çekmeköy (İstanbul)
630978,2024-06-11 10:37:01,0.8,342.0438583391489,11.22,1.3302151384006138,Çilimli (Düzce)
630986,2024-06-11 11:20:04,2.2,272.64162514557563,6.96,1.973683541026911,Ege Denizi - [31.28 km] Ayvacık (Çanakkale)
630990,2024-06-11 12:25:42,1.3,119.11636688027066,7.21,0.9665173404047178,Kınık (İzmir)
630991,2024-06-11 12:05:35,1.4,64.8303717911296,6.78,2.5465725656751594,Güney (Denizli)
630992,2024-06-11 12:12:38,1.3,269.95854873805905,7.0,0.8495072538610778,Marmara Denizi - [10.61 km] Süleymanpaşa (Tekirdağ)
630993,2024-06-11 13:21:02,1.5,220.9896756444321,7.0,1.124154000409329,"Ege Denizi, Midilli Adası (Lesvos) - [18.30 km] Ayvacık (Çanakkale)"
630994,2024-06-11 13:23:54,1.3,284.51336690248735,7.08,1.199336623996517,Sivrihisar (Eskişehir)
630996,2024-06-11 12:41:06,0.8,362.2806599130933,7.0,0.6960133692062079,Vize (Kırklareli)
630997,2024-06-11 13:13:22,0.9,250.80069816240294,6.63,0.9753533209298939,Merkez (Çanakkale)
630998,2024-06-11 13:55:43,2.1,495.8296792109226,7.0,1.3992780951040027,Sliven (Bulgaristan) - [76.99 km] Lalapaşa (Edirne)
631001,2024-06-11 14:12:50,1.8,217.1508864409546,7.17,1.27003936603647,Biga (Çanakkale)
631003,2024-06-11 15:40:11,2.3,153.53106393417855,7.0,1.6375099736379692,Altıntaş (Kütahya)
631006,2024-06-11 16:04:08,2.4,373.49398389691856,44.37,1.3968056071069024,Akdeniz - [87.48 km] Kumluca (Antalya)
631009,2024-06-11 17:22:01,1.5,268.48027268943343,30.78,0.644072337432646,Manavgat (Antalya)
631013,2024-06-11 18:24:00,1.8,74.8779912539517,7.0,3.7821359246531703,Akhisar (Manisa)
631014,2024-06-11 19:10:47,2.1,119.25984872044701,5.33,1.6457134436075103,Menderes (İzmir)
631023,2024-06-12 00:46:09,1.8,332.7930217637851,7.0,0.9816910457067466,Beypazarı (Ankara)
631027,2024-06-12 01:18:45,1.0,419.1647457790785,7.0,1.0727798474365382,Mamak (Ankara)
631028,2024-06-12 01:09:30,1.8,341.00606602351354,7.0,1.1290145583448932,Ege Denizi - [67.03 km] Gökçeada (Çanakkale)
631035,2024-06-12 04:32:13,3.1,308.68485271527226,14.47,6.562677233039129,Akdeniz - [32.72 km] Kaş (Antalya)
631037,2024-06-12 02:27:53,1.4,117.63427883231672,8.86,1.7232372286037871,Buca (İzmir)
631038,2024-06-12 05:01:59,2.2,310.5101462933463,13.52,1.2679959910837608,Akdeniz - [33.73 km] Kaş (Antalya)
631042,2024-06-12 06:28:04,1.2,257.10245737780247,7.0,1.0591464046112207,Ege Denizi - [16.24 km] Ayvacık (Çanakkale)
631044,2024-06-12 06:53:15,1.9,110.97486711200825,7.14,3.8405496484325607,Soma (Manisa)
631045,2024-06-12 07:19:09,1.7,264.4925667428612,12.02,0.9715693496482285,Marmara Denizi - [13.16 km] Marmara (Balıkesir)
631046,2024-06-12 07:48:31,1.3,216.32685771188548,11.88,1.0047279085729282,Biga (Çanakkale)
631047,2024-06-12 07:49:38,2.0,263.39432541730577,30.0,0.9146638461969784,Ege Denizi - [52.54 km] Datça (Muğla)
631048,2024-06-12 08:06:20,0.9,146.53129969108895,7.0,2.6488058889666273,Tavşanlı (Kütahya)
631050,2024-06-12 10:05:35,1.5,94.32477092942398,7.0,2.53512961897511,Sındırgı (Balıkesir)
631054,2024-06-12 10:30:15,1.6,34.24909273189683,7.36,60.1150355288204,Eşme (Uşak)
631055,2024-06-12 09:13:07,1.7,168.68477087015543,7.0,1.002948157563855,Ege Denizi - [12.88 km] Didim (Aydın)
631056,2024-06-12 10:33:08,0.9,405.39787046564,7.0,0.9699633848146209,Merkez (Kırklareli)
631057,2024-06-12 09:04:19,0.8,51.57186892949289,7.0,15.659054400351215,Ulubey (Uşak)
631063,2024-06-12 11:54:08,2.1,321.3320580374376,7.0,1.1816079359812575,Beypazarı (Ankara)
631064,2024-06-12 09:55:08,0.9,3.42852914555221,6.73,20.316256870438526,Kula (Manisa)
631065,2024-06-12 12:45:56,3.2,184.03115370715432,13.14,6.638796827287055,Karaburun (İzmir)
631066,2024-06-12 12:35:17,0.7,268.5663093902872,7.0,0.7540217195982516,Tuzlukçu (Konya)
631067,2024-06-12 12:51:47,1.3,475.1369147832003,7.0,1.0723049700156508,Mut (Mersin)
631068,2024-06-12 13:58:15,1.3,175.56741874641563,7.0,1.453727543961214,Köyceğiz (Muğla)
631070,2024-06-12 15:22:53,1.5,98.66721351280114,6.95,1.4162988981021172,Bigadiç (Balıkesir)
631071,2024-06-12 15:21:51,1.4,264.99216009081204,10.08,0.8814547285065518,Yunak (Konya)
631074,2024-06-12 16:13:06,1.1,277.11951633891,7.0,0.5768297566279257,Ege Denizi - [15.28 km] Bozcaada (Çanakkale)
631075,2024-06-12 16:04:56,1.0,171.9178313679748,7.18,0.9487650707417447,Köyceğiz Gölü - [01.54 km] Köyceğiz (Muğla)
631076,2024-06-12 16:42:00,1.7,222.47537890341252,8.19,0.749316858081549,Marmara Denizi - Erdek Körfezi - [08.40 km] Bandırma (Balıkesir)
631077,2024-06-12 16:36:26,1.5,488.9798644910303,7.01,0.9537960673344835,Bayramören (Çankırı)
631079,2024-06-12 17:53:15,2.0,340.22231180209025,14.94,0.9397754642187145,Ege Denizi - [117.52 km] Datça (Muğla)
631082,2024-06-12 17:57:25,1.0,283.87696486448425,11.31,1.0764591041158584,Ilgın (Konya)
631083,2024-06-12 18:01:44,1.4,391.55814126100904,7.09,0.9861272728967284,Gölbaşı (Ankara)
631088,2024-06-12 19:19:12,4.7,286.22464859031044,44.4,18.44523219750891,Akdeniz - [74.76 km] Marmaris (Muğla)
631089,2024-06-12 19:03:13,1.9,310.32557789975465,7.0,0.9020506080073356,Ege Denizi
631093,2024-06-12 20:37:09,1.2,108.00754369113187,6.99,1.1080658854438905,Kınık (İzmir)
631094,2024-06-12 20:51:15,1.1,189.7509946192198,30.89,0.9556039629242292,Ege Denizi - [25.89 km] Karaburun (İzmir)
631096,2024-06-12 21:54:57,1.5,223.04333010279205,6.6,0.9916032311546352,Marmara Denizi - Erdek Körfezi - [09.14 km] Gönen (Balıkesir)
631097,2024-06-12 21:34:37,1.7,172.50070501326283,7.0,1.1391854454188652,Köyceğiz Gölü - [01.80 km] Köyceğiz (Muğla)
631108,2024-06-13 00:55:59,1.2,100.77387592468772,8.27,1.7923169277238329,Şehzadeler (Manisa)
631109,2024-06-13 00:17:18,1.1,72.0658959239936,5.61,7.704754049568861,Sındırgı (Balıkesir)
631110,2024-06-12 22:13:06,2.0,100.77642838710241,7.0,4.76491342817669,Pamukkale (Denizli)
631111,2024-06-12 22:19:26,1.7,101.50748718738745,10.07,2.3038925357957436,Pamukkale (Denizli)
631112,2024-06-12 22:28:55,1.2,102.06183184512906,5.14,1.6727639705190094,Pamukkale (Denizli)
631113,2024-06-12 22:26:36,1.3,171.34298151670487,6.41,1.0162911844431146,Köyceğiz (Muğla)
631114,2024-06-12 23:15:10,2.1,366.90387372666993,11.66,1.009464608533212,Akdeniz - [131.37 km] Kaş (Antalya)
631115,2024-06-12 23:23:15,1.2,89.30876629133715,8.55,2.237158634450261,Şehzadeler (Manisa)
631116,2024-06-12 23:45:41,1.3,164.3299102007856,8.95,1.0529137781424052,Urla (İzmir)
631117,2024-06-12 23:57:47,1.6,172.35636843663028,4.92,1.1460029168156027,Köyceğiz Gölü - [00.99 km] Köyceğiz (Muğla)
631124,2024-06-13 01:53:31,1.9,338.5510951885945,6.33,1.0087424744067925,Akdeniz - [113.36 km] Kaş (Antalya)
631128,2024-06-13 02:04:31,2.3,183.36272966799174,9.06,6.742685007296758,Ege Denizi - [01.51 km] Karaburun (İzmir)
631133,2024-06-13 04:00:48,1.3,220.6293012992417,12.18,0.7514965258455912,"Ege Denizi, Midilli Adası (Lesvos) - [14.75 km] Ayvacık (Çanakkale)"
631137,2024-06-13 06:24:38,2.0,171.7209921576587,6.59,1.3046434078645437,Köyceğiz Gölü - [01.82 km] Köyceğiz (Muğla)
631140,2024-06-13 08:27:13,3.7,242.4331653769702,6.97,8.751820696721209,Biga (Çanakkale)
631143,2024-06-13 09:30:36,1.1,134.19388282168012,7.51,1.1079126656880656,Bergama (İzmir)
631144,2024-06-13 09:56:08,1.5,150.34271251215546,13.0,0.8296563377333351,Tavşanlı (Kütahya)
631146,2024-06-13 11:12:40,2.2,102.14813765755163,7.04,0.860212151820061,Saruhanlı (Manisa)
631147,2024-06-13 11:06:10,1.3,264.58992801652926,8.17,1.1112161102265694,Marmara Denizi - [15.40 km] Marmara (Balıkesir)
631148,2024-06-13 11:08:22,1.1,461.6816703885253,15.96,0.5505832586822755,"Opan, Eski Zağra (Bulgaristan) - [56.94 km] Merkez (Edirne)"
631149,2024-06-13 12:10:37,1.5,468.9522084010502,7.0,2.0973674744080575,Kalecik (Ankara)
631150,2024-06-13 12:43:38,1.8,375.9766702340756,9.56,0.8490285139021264,Merkez (Bolu)
631152,2024-06-13 13:08:36,2.0,292.48580795458895,6.35,0.8874778488093144,Ege Denizi - [72.53 km] Datça (Muğla)
631154,2024-06-13 13:28:09,1.4,140.48522745802094,7.04,0.8640553192470399,Ege Denizi - Kuşadası Körfezi - [09.18 km] Kuşadası (Aydın)
631155,2024-06-13 14:06:10,1.5,339.3260420108037,7.31,0.6625404919467124,Merkez (Düzce)
631159,2024-06-13 16:34:06,2.4,269.0598878702153,7.09,0.971895485164084,Akdeniz - [65.02 km] Fethiye (Muğla)
631163,2024-06-13 19:08:17,2.5,421.1376020142803,7.59,1.5288867355722477,Ege Denizi
631166,2024-06-13 20:52:39,1.6,218.2961608808688,7.0,1.0105451295874808,"Ege Denizi, Midilli Adası (Lesvos) - [16.18 km] Ayvacık (Çanakkale)"
631167,2024-06-13 21:04:13,1.7,337.05593058804914,6.96,0.98507833571122,Beypazarı (Ankara)
631175,2024-06-14 01:09:53,3.2,498.39215132328246,6.77,0.9669934568291497,Ege Denizi
631176,2024-06-14 01:43:13,1.4,205.13028741804118,7.0,1.1356327858572415,Yalvaç (Isparta)
631177,2024-06-14 01:51:31,2.2,454.6413103398548,6.44,1.0872449315048882,Kalecik (Ankara)
631181,2024-06-14 02:59:41,1.3,240.55212212224424,7.0,1.0847926477087402,Biga (Çanakkale)
631182,2024-06-14 03:41:44,1.5,242.43988685677587,7.0,1.0163512067272662,Ayvacık (Çanakkale)
631184,2024-06-14 06:04:00,2.4,242.29914174946242,14.18,0.8010377728454346,Ayvacık (Çanakkale)
631187,2024-06-14 08:02:13,3.1,439.503298079005,6.23,0.7919051384319004,"Ege Denizi, Girit Adası (Kriti) - [223.78 km] Datça (Muğla)"
631188,2024-06-14 08:09:33,2.3,435.80126491558116,5.98,1.015547571411108,"Ege Denizi, Kalydon Adası - [218.37 km] Datça (Muğla)"
631190,2024-06-14 08:16:42,1.6,154.09192572996793,6.52,1.3025742584294686,Orhaneli (Bursa)
631191,2024-06-14 08:40:48,0.9,229.62951386637192,7.0,0.79594456163268,Emirdağ (Afyonkarahisar)
631192,2024-06-14 08:43:12,0.8,229.1206409179124,7.0,1.9683425643229386,Emirdağ (Afyonkarahisar)
631193,2024-06-14 08:32:42,0.8,267.12927122000553,7.0,0.6941660917179848,Hüyük (Konya)
631196,2024-06-14 08:58:15,1.2,191.07203468005997,7.0,1.1609365311314332,Merkez (Isparta)
631199,2024-06-14 09:16:33,1.2,436.0810669932377,7.28,1.1643445157460413,Çubuk (Ankara)
631200,2024-06-14 09:39:30,1.6,456.3314755402939,7.25,0.4360506274451089,Karadeniz
631201,2024-06-14 09:32:51,1.3,150.76685184614584,7.0,1.2093116421704746,Tavşanlı (Kütahya)
631202,2024-06-14 09:33:26,1.3,148.39945115749506,7.0,1.0037835620789104,Tavşanlı (Kütahya)
631203,2024-06-14 09:52:22,0.9,289.0206291883525,7.0,1.0079132067951335,Ege Denizi - Saros Körfezi - [13.23 km] Gelibolu (Çanakkale)
631206,2024-06-14 11:29:13,2.1,348.89063466547697,5.62,0.5746249967951796,Ege Denizi - [46.60 km] Gökçeada (Çanakkale)
631207,2024-06-14 11:31:00,1.4,458.49853863513425,11.53,1.150717488223465,Çerkeş (Çankırı)
631208,2024-06-14 11:44:09,1.7,241.89119869244848,7.0,0.6558434896189261,Biga (Çanakkale)
631211,2024-06-14 12:02:06,1.5,176.0299083041849,7.0,0.5309209954786197,Merkez (Kütahya)
631217,2024-06-14 13:53:13,3.0,205.92749161828465,10.43,1.6944673297956578,Ege Denizi - [04.03 km] Bodrum (Muğla)
631218,2024-06-14 14:11:16,2.6,206.4700494845247,7.17,1.0796158130871594,Ege Denizi - [05.81 km] Bodrum (Muğla)
631220,2024-06-14 14:48:05,1.1,155.80543650150608,6.76,0.9905422846229752,Menteşe (Muğla)
631221,2024-06-14 15:07:06,1.0,134.52718751421284,7.06,1.1165566677491414,Söke (Aydın)
631225,2024-06-14 16:03:59,1.8,245.32637692257163,6.99,0.9899504347774117,Biga (Çanakkale)
631226,2024-06-14 17:13:48,1.1,33.16503350629183,6.77,0.8455015586835201,Salihli (Manisa)
631227,2024-06-14 16:40:48,1.3,109.74623376893278,7.01,0.845618896480147,Germencik (Aydın)
631230,2024-06-14 17:51:42,1.2,164.2796551476681,7.0,0.6984951025969531,Ege Denizi - [23.86 km] Seferihisar (İzmir)
631232,2024-06-14 18:15:16,1.4,33.68472842701401,6.95,8.418627812500622,Salihli (Manisa)
631235,2024-06-14 18:33:24,1.4,217.10892935583172,6.66,1.001865851010554,Ege Denizi - [07.99 km] Datça (Muğla)
631238,2024-06-14 20:46:01,1.0,64.38759041481799,7.0,1.367418228716356,Nazilli (Aydın)
631239,2024-06-14 21:12:41,1.4,250.722542247308,5.9,1.201950506107885,Ege Denizi - [10.89 km] Ayvacık (Çanakkale)
631241,2024-06-14 23:06:27,1.1,167.645920007722,7.04,0.9468371749109937,Köyceğiz (Muğla)
631245,2024-06-15 00:09:27,1.5,232.7919795811405,7.02,0.8908269840021961,Biga (Çanakkale)
631251,2024-06-15 01:49:11,1.2,235.15865352841476,5.32,0.8176640983046007,Korkuteli (Antalya)
631252,2024-06-15 02:25:00,1.8,205.93549400316903,7.61,1.2773392266682975,Ege Denizi - [06.54 km] Bodrum (Muğla)
631254,2024-06-15 02:34:35,0.8,55.58921126328384,6.98,1.8212155071851441,Ödemiş (İzmir)
631257,2024-06-15 04:24:28,1.4,153.01460317981858,7.01,0.6531554975909412,Ula (Muğla)
631258,2024-06-15 04:41:30,1.2,177.3971305319579,5.6,0.9046345363757781,Köyceğiz (Muğla)
631259,2024-06-15 05:11:52,3.3,370.3527698905629,13.47,3.6629447112902587,Ege Denizi - [147.27 km] Datça (Muğla)
631263,2024-06-15 07:55:07,1.9,131.0623755022174,7.33,4.145458950172401,Dursunbey (Balıkesir)
631264,2024-06-15 07:48:26,1.0,104.5766886098405,7.0,0.33320944186000917,Pamukkale (Denizli)
631267,2024-06-15 06:46:31,1.3,253.76199164452606,7.0,0.8809426452492329,Marmara Denizi - [13.03 km] Şarköy (Tekirdağ)
631270,2024-06-15 11:03:59,1.6,215.19422729001042,7.01,1.2455075812306422,Marmara Denizi - Gemlik Körfezi - [04.05 km] Mudanya (Bursa)
631275,2024-06-15 14:00:37,1.1,132.84122611034948,7.0,0.7077077826242909,Dursunbey (Balıkesir)
631276,2024-06-15 14:27:34,2.2,134.87181540101398,10.36,1.8589875044756898,Ege Denizi - Kuşadası Körfezi - [02.39 km] Kuşadası (Aydın)
631279,2024-06-15 16:53:37,1.8,45.74980569840374,7.0,4.199083357226812,Salihli (Manisa)
631280,2024-06-15 16:55:39,1.3,44.87867819069284,6.84,1.4010355689593748,Salihli (Manisa)
631283,2024-06-15 19:15:43,1.4,267.7309351356231,7.0,0.9052296179246175,Ege Denizi - [25.74 km] Ayvacık (Çanakkale)
631284,2024-06-15 20:11:25,1.4,203.36708063153287,7.1,1.0887406543379716,Fethiye (Muğla)
631287,2024-06-15 20:24:23,1.1,101.16754435355044,7.27,1.5158712602443787,Emet (Kütahya)
631288,2024-06-15 20:46:57,1.8,110.6030323057587,6.93,5.160879882495193,Honaz (Denizli)
631290,2024-06-15 21:36:27,2.4,301.5756288025907,6.4,1.400186003337219,Akdeniz - [90.39 km] Marmaris (Muğla)
631292,2024-06-16 00:28:32,1.1,170.7490958886868,7.06,1.0062548626540353,Ege Denizi - [17.08 km] Söke (Aydın)
631296,2024-06-15 23:39:03,1.3,156.44191603327283,7.01,1.1363934646514586,Ege Denizi - Kuşadası Körfezi - [20.25 km] Menderes (İzmir)
631298,2024-06-15 23:24:33,1.6,193.5338631690456,7.01,2.049430252002798,Gönen (Balıkesir)
631300,2024-06-15 22:47:33,1.0,87.95414517637569,7.07,1.3697118064267806,Şehzadeler (Manisa)
631301,2024-06-15 22:31:33,1.8,404.62642087032754,7.1,1.0557604835228076,Çankaya (Ankara)
631303,2024-06-16 01:04:46,1.7,142.6444290696364,7.0,1.453409334728356,Ege Denizi - Kuşadası Körfezi - [10.83 km] Menderes (İzmir)
631304,2024-06-16 01:17:17,1.4,141.71901182054373,7.1,1.1878167222693279,Ege Denizi - Kuşadası Körfezi - [10.43 km] Menderes (İzmir)
631307,2024-06-16 04:28:46,1.8,316.6132765695875,11.14,0.9678561770805801,Akdeniz - [41.45 km] Kaş (Antalya)
631308,2024-06-16 03:03:20,1.1,375.50512421597335,7.28,0.9124555050818562,Merkez (Bolu)
631313,2024-06-16 05:55:38,0.7,67.75758379414987,7.0,1.4095917458636995,Sarayköy (Denizli)
631316,2024-06-16 06:16:02,1.2,211.9086885001025,7.0,1.2364451082270704,Akdeniz - [23.65 km] Ortaca (Muğla)
631319,2024-06-16 07:17:16,1.5,222.67799674871867,7.02,1.1132943126564008,Armutlu (Yalova)
631324,2024-06-16 08:01:36,1.8,143.6176325458126,7.09,4.363233063890725,Seferihisar (İzmir)
631326,2024-06-16 08:32:26,1.7,114.0518070070657,10.0,6.000201191290822,Çavdarhisar (Kütahya)
631331,2024-06-16 10:28:21,1.5,204.47253159270565,7.0,0.6750553986914126,Fethiye (Muğla)
631333,2024-06-16 10:38:04,2.2,332.1472016844066,7.8,1.0201440578549523,Ege Denizi - [36.31 km] Enez (Edirne)
631334,2024-06-16 11:22:00,0.6,138.66248996538337,8.08,0.6692022238158744,Menteşe (Muğla)
631335,2024-06-16 11:37:33,1.5,255.14694166946379,7.09,1.5375347407021651,Akdeniz - [25.44 km] Seydikemer (Muğla)
631339,2024-06-16 12:03:11,2.0,186.12666426374957,6.27,1.2637252175863065,Karaburun (İzmir)
631343,2024-06-16 13:33:19,1.5,207.90722974660582,6.99,1.3590198037748888,Gönen (Balıkesir)
631344,2024-06-16 13:37:36,1.3,208.3692456316913,7.0,1.1655498892807354,Gönen (Balıkesir)
631353,2024-06-16 16:17:43,1.6,271.85632117587596,10.13,1.5869401243747574,Akdeniz - [17.58 km] Kaş (Antalya)
631354,2024-06-16 16:21:55,1.6,233.51036612021056,6.85,1.9660101754372068,Akdeniz - [31.12 km] Fethiye (Muğla)
631355,2024-06-16 16:16:06,0.8,376.56726583529684,6.77,1.088188886969962,Merkez (Bolu)
631376,2024-06-16 18:45:11,1.3,120.98615960532251,6.17,1.8546581548877084,Buca (İzmir)
631377,2024-06-16 18:54:17,2.0,486.30067729267,11.58,0.8228131874228555,Sliven (Bulgaristan) - [68.01 km] Lalapaşa (Edirne)
631378,2024-06-16 19:04:03,1.1,112.89354367215299,4.59,0.5564483219161771,Germencik (Aydın)
631379,2024-06-16 19:22:53,0.9,382.1039786474481,6.99,0.8229281828408015,Gölbaşı (Ankara)
631387,2024-06-16 20:50:13,1.0,317.39438735501676,6.95,0.8672912265653253,Seben (Bolu)
631388,2024-06-16 21:15:23,1.7,320.2332669259376,15.09,3.534440733811817,Akdeniz - [29.41 km] Kumluca (Antalya)
631402,2024-06-16 23:26:53,0.9,437.2177371738805,9.51,0.9538214771243639,Elmadağ (Ankara)
631403,2024-06-16 23:44:18,0.9,488.78327493363315,7.06,1.031838461118553,Korgun (Çankırı)
631404,2024-06-16 23:31:39,1.0,115.66447819917249,13.42,1.203054812557432,Torbalı (İzmir)
631411,2024-06-17 01:02:27,2.6,498.6645065321237,8.65,1.0891774898102116,Yerköy (Yozgat)
631412,2024-06-17 00:14:21,2.3,292.8665621068637,32.48,1.537962282963244,Akdeniz - [41.37 km] Kaş (Antalya)
631413,2024-06-17 00:10:03,1.2,194.48918798916065,7.0,1.195202062949299,Çay (Afyonkarahisar)
631419,2024-06-17 02:19:45,3.5,199.0185389243885,28.33,34.79227597876593,Çavdır (Burdur)
631420,2024-06-17 01:35:23,1.3,261.5296629838702,7.16,1.058978234341091,Marmara Denizi - [23.08 km] Marmaraereğlisi (Tekirdağ)
631421,2024-06-17 01:33:02,1.3,249.18725203502487,25.78,0.9545815776714283,Seydikemer (Muğla)
631422,2024-06-17 01:49:07,1.2,245.36673661669843,6.98,1.0281709425035896,Akdeniz - [45.39 km] Fethiye (Muğla)
631429,2024-06-17 02:25:00,1.5,196.5685592016597,7.88,1.1227994673358912,Gönen (Balıkesir)
631436,2024-06-17 02:48:59,1.2,114.6944807486429,14.7,1.081623823004853,Torbalı (İzmir)
631437,2024-06-17 02:55:07,1.3,118.08472195046137,8.97,1.1703231374923597,Torbalı (İzmir)
631438,2024-06-17 03:05:26,1.3,115.7740852418262,9.43,1.0479436051118303,Torbalı (İzmir)
631443,2024-06-17 04:05:07,1.6,222.7612863351207,7.0,1.0431928450073882,Tepebaşı (Eskişehir)
631444,2024-06-17 04:26:03,1.0,109.94668297340215,7.02,1.2070012910019572,Bigadiç (Balıkesir)
631445,2024-06-17 04:17:31,1.1,200.13482724732114,6.85,0.9700273686509406,Seydikemer (Muğla)
631464,2024-06-17 10:21:24,1.8,151.91953794899055,9.25,1.1930979709663037,Dikili (İzmir)
631468,2024-06-17 11:58:53,1.1,202.5600785257633,7.08,4.250843706187534,Korkuteli (Antalya)
631472,2024-06-17 12:06:29,1.5,71.41099896583344,7.01,3.278701745773428,Akhisar (Manisa)
631475,2024-06-17 14:18:58,3.3,265.89374105117827,6.25,2.4987613070920554,Marmara Denizi - [08.03 km] Şarköy (Tekirdağ)
631478,2024-06-17 15:07:42,2.4,265.21802505103403,7.24,1.1390305052450314,Marmara Denizi - [08.44 km] Şarköy (Tekirdağ)
631480,2024-06-17 17:15:02,1.2,110.87601553447163,7.0,0.9746922480659549,Dursunbey (Balıkesir)
631484,2024-06-17 19:07:52,2.5,357.47849552225426,7.0,0.8977383866317237,Ege Denizi - [62.37 km] Gökçeada (Çanakkale)
631485,2024-06-17 19:32:28,1.5,283.5444458198841,7.0,0.7501836904076619,Akdeniz - [30.95 km] Kaş (Antalya)
631486,2024-06-17 19:47:29,1.1,285.45036861119945,7.0,0.8532005244807604,Karapürçek (Sakarya)
631491,2024-06-17 22:56:05,2.2,239.51367459579825,5.38,0.9440685946798856,Ayvacık (Çanakkale)
631496,2024-06-17 23:12:55,2.2,222.95824257103345,11.3,1.9156635550713048,Korkuteli (Antalya)
631499,2024-06-17 23:16:59,1.7,29.780428883476652,7.13,41.899347178894345,Salihli (Manisa)
631500,2024-06-17 23:20:40,1.4,242.5094922890001,6.79,0.8748772592628867,Ayvacık (Çanakkale)
631505,2024-06-18 00:55:23,1.8,172.530174966081,6.85,0.9931041321708045,Ege Denizi - [12.51 km] Dikili (İzmir)
631507,2024-06-18 02:03:21,2.3,145.53310027310576,6.99,2.8318609307925198,Ege Denizi - İzmir Körfezi - [03.53 km] Güzelbahçe (İzmir)
631511,2024-06-18 02:19:06,1.4,262.887493227021,9.85,0.9915278682185492,Marmara Denizi - [08.44 km] Şarköy (Tekirdağ)
631516,2024-06-18 03:47:03,0.8,162.8884103929722,7.0,0.9275849683083223,Köyceğiz (Muğla)
631520,2024-06-18 00:15:33,2.1,265.1018669261698,7.55,1.110757959095388,Marmara Denizi - [08.14 km] Şarköy (Tekirdağ)
631526,2024-06-18 06:00:28,1.6,252.60680306273497,14.52,0.913689140053998,Marmara Denizi - [07.29 km] Marmara (Balıkesir)
631528,2024-06-18 06:50:06,1.5,171.32495473075736,7.08,0.9722869130124643,Köyceğiz (Muğla)
631529,2024-06-18 06:30:59,1.5,170.39322192603527,6.64,0.6254435288258813,Ege Denizi - [10.72 km] Dikili (İzmir)
631532,2024-06-18 07:07:15,1.1,172.44511572944668,6.98,1.42901535961246,Köyceğiz (Muğla)
631534,2024-06-18 07:32:47,1.3,173.0240166786716,7.13,0.8803727823218969,Ula (Muğla)
631538,2024-06-18 08:54:27,1.7,236.27844553494717,35.99,1.172394213523221,Akdeniz - [42.10 km] Ortaca (Muğla)
631545,2024-06-18 10:10:31,1.2,175.10843587932743,13.45,0.8758576791951845,Çameli (Denizli)
631546,2024-06-18 10:22:09,1.6,115.13558939018071,6.98,2.5298863329927483,Bigadiç (Balıkesir)
631549,2024-06-18 11:52:05,1.8,201.18129631954304,7.0,0.7659193381583459,Gönen (Balıkesir)
631555,2024-06-18 14:18:13,2.4,291.8944012798333,34.82,1.2484378308924349,Akdeniz - [79.76 km] Kaş (Antalya)
631558,2024-06-18 15:11:10,1.5,260.2889938357528,7.43,1.0921664084736205,Ege Denizi - [38.39 km] Datça (Muğla)
631564,2024-06-18 16:40:21,1.6,103.14451596433229,7.04,1.2570320415729475,Germencik (Aydın)
631567,2024-06-18 18:04:13,1.2,332.7752348065094,12.46,1.5869243234391497,Gölyaka (Düzce)
631569,2024-06-18 18:44:06,1.0,73.7986402404868,6.99,1.0136034150393667,Köşk (Aydın)
631571,2024-06-18 19:20:00,1.2,197.69527883943755,6.96,0.9755606431865662,Merkez (Isparta)
631573,2024-06-18 19:34:28,1.9,422.3487795630588,7.0,0.6243165399855773,Ege Denizi
631578,2024-06-18 20:36:09,1.1,114.47270854260063,7.03,1.3462083853605509,Gediz (Kütahya)
631580,2024-06-18 21:10:46,1.0,132.51322591997732,7.18,0.9118219813018913,Menteşe (Muğla)
631585,2024-06-18 22:03:19,1.4,105.11716176585676,7.0,3.4597146544735304,Kırkağaç (Manisa)
631586,2024-06-18 23:05:07,1.5,309.7142225198734,6.69,0.9911236360576324,Akdeniz - [30.47 km] Demre (Antalya)
631591,2024-06-18 23:50:01,1.3,216.51042653946362,7.05,0.826174465300355,Ege Denizi - [05.87 km] Ayvacık (Çanakkale)
631592,2024-06-18 23:40:11,1.2,214.63044528805975,7.0,1.1087391554486605,Ege Denizi - [08.22 km] Ayvacık (Çanakkale)
631598,2024-06-19 01:29:30,1.7,171.0094188578793,7.0,0.9899489037132067,Ege Denizi - [11.57 km] Dikili (İzmir)
631599,2024-06-19 01:19:04,0.9,253.88745253449122,9.5,1.1217126436365765,Akşehir Gölü - [08.88 km] Akşehir (Konya)
631606,2024-06-19 04:38:59,1.3,28.94774826754332,7.0,5.572594112304517,Selendi (Manisa)
631607,2024-06-19 04:22:11,1.4,174.1142763231735,7.0,1.253243761936057,Ege Denizi - [17.14 km] Dikili (İzmir)
631609,2024-06-19 02:22:11,0.9,192.8303640334294,7.0,0.9261777354607755,Dalaman (Muğla)
631611,2024-06-19 02:25:10,1.0,195.11557615389117,7.0,0.9681910109933138,Dalaman (Muğla)
631615,2024-06-19 05:16:10,1.5,198.58259765602838,11.66,0.7843319055869138,Ege Denizi - [08.07 km] Bodrum (Muğla)
631616,2024-06-19 05:19:50,1.3,142.10040819880012,10.47,0.7689963179612708,Menteşe (Muğla)
631617,2024-06-19 02:13:17,1.5,295.6119186374842,6.84,1.063399838403353,Akdeniz - [90.40 km] Kaş (Antalya)
631625,2024-06-19 08:36:33,1.9,221.4635192300673,7.05,0.9023457038298445,Ege Denizi - [36.04 km] Karaburun (İzmir)
631629,2024-06-19 09:59:05,2.3,134.76899979842077,7.03,4.642941742344311,Büyükorhan (Bursa)
631630,2024-06-19 10:09:16,1.9,168.02882110701262,6.89,0.9517727230919227,Milas (Muğla)
631631,2024-06-19 10:15:38,1.8,113.19097706784991,6.69,1.9295255617396447,Bigadiç (Balıkesir)
631634,2024-06-19 14:48:45,1.7,55.56590247671717,6.97,4.828346300376925,Ödemiş (İzmir)
631635,2024-06-19 14:15:42,3.0,152.67964068036227,6.99,5.808850439587433,Yatağan (Muğla)
631637,2024-06-19 16:50:38,2.0,250.58505997711552,9.22,0.8359321194231789,Ege Denizi - [64.81 km] Ayvacık (Çanakkale)
631640,2024-06-19 16:17:04,1.6,248.32280818081398,7.0,0.9733190582622984,Ege Denizi - [35.61 km] Datça (Muğla)
631641,2024-06-19 17:15:51,1.9,256.7537732613833,8.3,1.6391543689456693,Ege Denizi - [16.90 km] Ayvacık (Çanakkale)
631643,2024-06-19 22:27:16,1.2,120.74865162978611,6.68,1.0718259536986618,Buca (İzmir)
631653,2024-06-20 04:47:06,1.4,201.80771179088828,6.94,1.0212430019507996,Gönen (Balıkesir)
631657,2024-06-20 01:37:20,1.9,148.21079887391937,6.99,1.7924889086232516,Ege Denizi - İzmir Körfezi - [02.36 km] Güzelbahçe (İzmir)
631658,2024-06-20 01:19:53,3.0,284.2613944326337,7.73,5.761130363245992,Akdeniz - Antalya Körfezi - [13.53 km] Kemer (Antalya)
631659,2024-06-20 01:21:08,2.2,225.50321408182856,6.21,0.5048667383662667,Ege Denizi - [48.34 km] Karaburun (İzmir)
631664,2024-06-20 07:45:16,2.7,120.43054441254039,4.9,29.745354836202303,Menderes (İzmir)
631667,2024-06-20 12:18:43,2.6,373.08524455561843,15.9,0.9653513282882892,Alanya (Antalya)
631668,2024-06-20 13:10:54,2.6,118.74461025334189,6.33,4.266003326603578,Menderes (İzmir)
631675,2024-06-20 17:18:16,1.9,116.54149102941193,11.71,1.3944523794072405,Torbalı (İzmir)
631681,2024-06-20 18:11:39,2.5,291.24927977015795,6.94,1.666115283732321,Ege Denizi - [38.89 km] Bozcaada (Çanakkale)
631692,2024-06-21 02:37:38,0.7,160.2375824605057,7.0,1.0608454188111254,Köyceğiz (Muğla)
631702,2024-06-21 07:15:54,2.5,105.90389842757273,6.92,7.856444093547688,Hisarcık (Kütahya)
631706,2024-06-21 08:54:45,1.6,136.9398797520789,7.91,1.275913587271764,Tavşanlı (Kütahya)
631707,2024-06-21 09:05:22,1.3,337.85521522109434,6.69,0.48691400379734256,Selçuklu (Konya)
631708,2024-06-21 09:44:32,1.2,164.60893410495785,6.38,0.8353638830577866,Merkez (Kütahya)
631709,2024-06-21 09:52:34,1.3,102.33089960517438,7.09,2.342376319752929,Hisarcık (Kütahya)
631710,2024-06-21 09:54:07,1.5,103.22590263022732,7.0,0.8610955668339767,Hisarcık (Kütahya)
631714,2024-06-21 12:11:56,1.1,49.59307886728025,7.0,8.056303674183399,Ulubey (Uşak)
631715,2024-06-21 12:28:14,1.2,51.77863073118228,7.12,4.429842388653924,Eşme (Uşak)
631717,2024-06-21 13:04:15,1.7,281.8010956853711,32.48,0.9369432651979022,Akdeniz - [70.56 km] Marmaris (Muğla)
631725,2024-06-21 15:12:17,1.5,121.9154934981449,6.94,1.2045079907672915,Bigadiç (Balıkesir)
631729,2024-06-21 16:36:58,3.1,407.5948345010556,5.93,0.9411806643941518,Ege Denizi
631735,2024-06-21 18:23:43,1.4,102.83520545600325,4.74,1.0361272058395972,Çivril (Denizli)
631736,2024-06-21 18:48:50,1.5,200.80790564966534,9.93,1.1713813500197083,Ege Denizi - [14.71 km] Bodrum (Muğla)
631740,2024-06-21 20:02:03,3.2,418.1702380015647,6.75,1.0883138467451225,Ege Denizi
631741,2024-06-21 20:06:41,2.2,486.7862280072965,9.67,0.9206582280180364,Silifke (Mersin)
631744,2024-06-21 21:11:33,1.4,151.1345993835622,7.0,1.0071424499008905,Yatağan (Muğla)
631750,2024-06-21 21:36:12,1.9,213.3520938673014,7.0,2.751887988002654,Yenişehir (Bursa)
631751,2024-06-21 23:04:26,1.6,250.79402594906065,11.43,0.9591040526137468,Akdeniz - [33.60 km] Fethiye (Muğla)
631757,2024-06-21 22:47:48,1.4,273.22461937549735,7.0,1.0066917746847366,Akdeniz - [21.55 km] Kaş (Antalya)
631759,2024-06-21 23:48:58,1.4,272.4774261591651,9.34,1.0419909493220676,Marmara Denizi - [15.55 km] Süleymanpaşa (Tekirdağ)
631770,2024-06-22 01:15:21,2.0,331.89708494374474,12.94,1.0210744931903413,Beypazarı (Ankara)
631777,2024-06-22 01:42:14,1.9,165.72633328398018,7.0,1.2079522312586313,Ege Denizi - [27.27 km] Seferihisar (İzmir)
631779,2024-06-22 02:28:12,1.5,131.77717723018634,8.81,1.0323586003630822,Bergama (İzmir)
631790,2024-06-22 06:37:50,1.6,229.0670189806376,7.17,0.8443196562324556,Seydikemer (Muğla)
631791,2024-06-22 06:38:35,1.7,287.45389700259875,30.5,1.2957852830488117,Akdeniz - [37.17 km] Kaş (Antalya)
631793,2024-06-22 07:05:47,1.5,134.58886088443896,6.37,1.1180659420219827,Menderes (İzmir)
631794,2024-06-22 08:01:46,1.9,329.79523011471787,12.2,0.9317852743734477,Beypazarı (Ankara)
631797,2024-06-22 09:42:36,1.2,165.3227629217866,6.79,0.928689423398801,Mustafakemalpaşa (Bursa)
631798,2024-06-22 09:44:26,1.1,152.29684978202195,7.0,1.8121998698301574,Tavşanlı (Kütahya)
631799,2024-06-22 09:46:42,1.5,151.30478223956086,7.0,0.9847474714491045,Tavşanlı (Kütahya)
631800,2024-06-22 09:48:16,1.7,105.38112433529788,7.0,0.9313437255096099,Emet (Kütahya)
631802,2024-06-22 12:12:32,2.6,476.13855265119497,7.18,0.5074714905585517,Akdeniz - [242.41 km] Kaş (Antalya)
631803,2024-06-22 13:10:56,2.5,173.93756097753183,11.57,1.230369068672728,Havran (Balıkesir)
631806,2024-06-22 14:38:12,1.3,354.0967061361901,7.0,1.1293088461392775,Selçuklu (Konya)
631807,2024-06-22 15:18:43,1.5,158.2644684221569,7.04,1.202028317902804,Merkez (Burdur)
631808,2024-06-22 15:02:36,1.0,156.74665818719978,7.07,0.5946237697054385,Dinar (Afyonkarahisar)
631814,2024-06-22 16:21:54,1.2,224.3838816787929,7.0,1.5585670684590909,Döşemealtı (Antalya)
631818,2024-06-22 17:00:59,1.2,203.39556319143944,7.92,0.8798312778678796,Bolvadin (Afyonkarahisar)
631824,2024-06-22 19:44:42,2.1,139.90635439981943,9.92,5.84148084369945,Altıeylül (Balıkesir)
631825,2024-06-22 20:13:29,1.9,159.27585535981092,7.0,1.2850412513821068,"Ege Denizi, Sisam Adası (Samos) - [18.40 km] Kuşadası (Aydın)"
631829,2024-06-22 21:56:25,1.0,236.54074688195948,34.88,0.9417907722424083,Akdeniz - [10.50 km] Fethiye (Muğla)
631834,2024-06-22 22:37:55,1.2,133.94832019603692,7.22,0.66066597420398,Ege Denizi - Kuşadası Körfezi - [01.14 km] Kuşadası (Aydın)
631835,2024-06-22 22:38:35,1.6,133.957859372815,7.36,1.4211082501625156,Ege Denizi - Kuşadası Körfezi - [01.11 km] Kuşadası (Aydın)
631836,2024-06-22 22:45:16,1.3,110.62378529450297,7.0,1.3120441470622697,Soma (Manisa)
631837,2024-06-22 23:09:16,1.1,132.18879029411355,10.62,1.0149314440639279,Kuşadası (Aydın)
631838,2024-06-22 23:50:01,1.5,139.56940650330716,13.3,2.1434294590228125,Altıeylül (Balıkesir)
631843,2024-06-23 00:41:37,1.7,241.03940079551742,7.09,1.0505297218729281,Ege Denizi - [47.81 km] Çeşme (İzmir)
631844,2024-06-23 00:35:27,1.4,142.04957481736903,12.51,1.2009633957620562,Karesi (Balıkesir)
631851,2024-06-23 04:28:48,2.7,75.6586963935773,7.0,12.700997428776017,Akhisar (Manisa)
631853,2024-06-23 01:41:27,1.4,272.6159366794321,7.64,0.9328367325311494,Tuzlukçu (Konya)
631857,2024-06-23 04:05:59,1.8,163.67453850074816,7.0,1.3912056761229665,Ege Denizi - [24.70 km] Seferihisar (İzmir)
631864,2024-06-23 09:07:03,1.5,131.6092749275216,4.8,1.3701319984964633,Ege Denizi - Kuşadası Körfezi - [04.66 km] Menderes (İzmir)
631866,2024-06-23 12:20:12,2.8,112.27466702766735,6.99,12.055762342905405,Selçuk (İzmir)
631869,2024-06-23 10:25:09,1.5,240.9226172676663,6.92,0.5275407997887276,Marmara Denizi - [11.31 km] Erdek (Balıkesir)
631871,2024-06-23 10:52:07,1.2,235.41315709346483,7.11,0.9126697142144323,Kaş (Antalya)
631875,2024-06-23 11:37:28,2.5,394.6212059947465,14.67,0.6684463063871169,Ege Denizi
631877,2024-06-23 12:09:09,2.0,253.78349275629793,7.28,0.9018157123933708,Ege Denizi - [43.17 km] Datça (Muğla)
631881,2024-06-23 16:57:40,1.8,219.07740903120413,6.93,1.4124212383077286,Marmara Denizi - Gemlik Körfezi - [03.20 km] Armutlu (Yalova)
631883,2024-06-23 17:35:06,2.0,214.04190629600856,7.0,0.6995921654323909,Akdeniz - [13.83 km] Marmaris (Muğla)
631885,2024-06-23 18:06:30,1.5,269.66268225592944,7.09,1.0817987529341138,Ege Denizi - [09.11 km] Ezine (Çanakkale)
631887,2024-06-23 18:31:15,1.5,125.43974166771747,7.06,1.6580649971168315,Bigadiç (Balıkesir)
631889,2024-06-23 19:14:26,2.2,295.70057102014783,7.0,1.272144426227511,Akdeniz - [18.65 km] Kaş (Antalya)
631892,2024-06-23 19:31:04,3.3,335.1360265283113,41.94,6.900954198239208,Akdeniz - [49.93 km] Kumluca (Antalya)
631893,2024-06-23 19:53:33,2.0,243.8006855240615,7.0,1.300594009244455,Ezine (Çanakkale)
631900,2024-06-23 22:04:54,1.4,243.64546644984196,7.0,0.7920357134139148,Ezine (Çanakkale)
631901,2024-06-23 22:43:05,1.4,241.04326779554708,7.0,0.9512297988206526,Lapseki (Çanakkale)
631902,2024-06-23 22:52:00,1.9,224.10514277328485,6.73,1.3149952298570664,Akdeniz - [23.03 km] Dalaman (Muğla)
631904,2024-06-23 23:23:16,2.3,170.27025525104793,7.0,5.640376146849972,Ege Denizi - [25.15 km] Seferihisar (İzmir)
631907,2024-06-24 00:17:48,1.9,356.8590378269644,6.03,0.9875061807787735,Akdeniz - [140.23 km] Datça (Muğla)
631908,2024-06-24 00:34:25,1.6,274.18576602645675,10.26,1.062470040426313,Akdeniz - [73.81 km] Marmaris (Muğla)
631909,2024-06-24 01:03:31,1.6,302.2078366589309,10.16,1.019020508478988,Akdeniz - [97.78 km] Marmaris (Muğla)
631912,2024-06-24 02:30:03,2.8,172.12867524887542,7.0,11.147477353908904,Ege Denizi - [26.78 km] Seferihisar (İzmir)
631915,2024-06-24 03:17:21,2.9,171.89528915467451,7.0,14.145694411133343,Ege Denizi - [26.50 km] Seferihisar (İzmir)
631917,2024-06-24 05:21:36,2.5,265.93205744096576,8.14,1.05108073377548,Yunak (Konya)
631919,2024-06-24 06:43:27,1.3,145.98615219159342,8.2,1.3101024065870495,Ege Denizi - Kuşadası Körfezi - [09.71 km] Menderes (İzmir)
631920,2024-06-24 06:54:29,1.6,266.82280939016897,7.0,1.329520817286055,Yunak (Konya)
631921,2024-06-24 07:12:58,1.1,161.97353044256712,7.0,1.229049016771715,Dinar (Afyonkarahisar)
631922,2024-06-24 07:21:48,1.0,368.39702152722134,6.85,0.9469805805558388,Merkez (Bolu)
631925,2024-06-24 08:03:22,1.0,240.0882435919631,7.0,1.0312303954989943,Emirdağ (Afyonkarahisar)
631929,2024-06-24 11:03:19,1.3,232.1169443765245,6.91,1.3647355737298532,Akdeniz - [38.60 km] Ortaca (Muğla)
631930,2024-06-24 09:53:12,1.5,148.86768709035422,7.0,1.0325084618096707,Tavşanlı (Kütahya)
631933,2024-06-24 12:27:09,0.9,38.407652125888966,7.0,2.262362434243253,Sarıgöl (Manisa)
631935,2024-06-24 14:27:18,2.7,134.4504395921502,7.19,2.9717582720415834,Ege Denizi - Kuşadası Körfezi - [05.03 km] Menderes (İzmir)
631943,2024-06-24 17:07:40,2.1,346.47596906958506,12.86,1.0976494901872678,Akdeniz - [135.28 km] Marmaris (Muğla)
631946,2024-06-24 17:52:14,1.5,110.97448049385143,7.02,1.1882626318948712,Soma (Manisa)
631950,2024-06-24 18:56:23,1.7,176.5625057502463,7.05,1.379496055770461,Şuhut (Afyonkarahisar)
631953,2024-06-24 19:33:49,2.1,331.35578846675764,7.16,0.905937583700059,Beypazarı (Ankara)
631956,2024-06-24 22:36:43,4.8,126.1279153034599,10.24,1033.8310624322419,Soma (Manisa)
631957,2024-06-24 22:43:28,3.1,128.7583123810549,10.95,3.49474828518621,Soma (Manisa)
631958,2024-06-24 22:42:52,2.6,126.50048171485182,7.03,4.315200678935227,Soma (Manisa)
631959,2024-06-24 22:41:59,1.8,129.6153816170611,7.0,0.9119065741783714,Soma (Manisa)
631960,2024-06-24 22:45:30,2.3,127.31651831992872,11.3,4.892354817366794,Soma (Manisa)
631961,2024-06-24 22:48:21,1.5,127.92143804564137,12.49,1.4187410539979564,Soma (Manisa)
631962,2024-06-24 22:49:00,1.5,126.68365709283974,7.0,1.0257089226561866,Soma (Manisa)
631963,2024-06-24 22:49:29,1.5,126.34094043817367,7.03,1.149527701226225,Soma (Manisa)
631964,2024-06-24 22:53:17,1.1,132.43141535139077,7.0,1.0771428422956777,Soma (Manisa)
631965,2024-06-24 23:01:20,2.1,127.98486114418166,6.99,2.6840878107824158,Soma (Manisa)
631966,2024-06-24 23:07:40,1.6,127.90209452964316,7.0,1.4079055825206321,Soma (Manisa)
631967,2024-06-24 23:07:10,1.4,125.8811044379144,7.0,0.8425683757395482,Soma (Manisa)
631968,2024-06-24 23:10:55,2.5,123.5551724235569,6.9,7.3516804508381455,Soma (Manisa)
631969,2024-06-24 23:17:35,2.4,127.36845895114253,6.99,5.859646868999294,Soma (Manisa)
631970,2024-06-24 23:14:25,1.9,125.09873773455585,6.87,1.2445251453144792,Soma (Manisa)
631973,2024-06-25 00:34:49,1.7,163.9439244831864,6.94,1.0482449776860894,Ege Denizi - [13.27 km] Foça (İzmir)
631981,2024-06-25 00:04:32,1.4,125.64103263482323,6.93,1.635140216050206,Soma (Manisa)
631984,2024-06-25 01:41:25,1.5,127.04595091456447,6.88,1.1328973151523454,Soma (Manisa)
631987,2024-06-25 01:57:33,1.8,127.39285754762835,7.0,1.1860313114836722,Soma (Manisa)
631988,2024-06-25 01:56:15,1.3,127.03733317049647,7.0,1.2574582733239161,Soma (Manisa)
631989,2024-06-25 02:40:15,1.9,127.97360527507556,5.03,4.187349458568233,Soma (Manisa)
631990,2024-06-25 02:44:51,2.1,119.0908192120123,6.96,2.4986254844184494,Soma (Manisa)
631994,2024-06-25 04:34:29,1.3,124.91109102498851,7.0,0.6839974226115347,Soma (Manisa)
631995,2024-06-25 04:46:39,1.7,128.61412037558884,13.45,1.9016065494436227,Soma (Manisa)
631996,2024-06-25 04:56:32,1.1,131.64423372754902,7.0,1.1265422948590118,Soma (Manisa)
632000,2024-06-25 06:49:16,1.8,293.3213954947094,8.13,0.9770824934507975,Akdeniz - [81.94 km] Marmaris (Muğla)
632001,2024-06-25 06:50:30,1.6,123.65592430565957,7.0,1.6038232227118712,Soma (Manisa)
632002,2024-06-25 07:55:29,3.1,110.69868673757642,7.14,25.82509608610611,Germencik (Aydın)
632003,2024-06-25 08:12:14,1.5,156.78824538135135,7.0,0.24868890931396548,Orhaneli (Bursa)
632007,2024-06-25 08:16:05,2.1,119.6858245458904,7.65,4.767481476583181,Buca (İzmir)
632011,2024-06-25 09:03:51,1.1,46.63163841248325,7.0,1.2354603373608903,Eşme (Uşak)
632012,2024-06-25 09:34:55,1.8,380.1366090065769,14.5,1.217015343384824,Merkez (Bolu)
632013,2024-06-25 09:53:19,1.6,150.91883932786843,7.0,1.0748625713465167,Tavşanlı (Kütahya)
632016,2024-06-25 10:17:04,1.7,112.9007177188952,7.0,0.8857765889869292,Simav (Kütahya)
632017,2024-06-25 11:22:13,1.4,42.2522791415183,7.0,9.87677811779953,Buldan (Denizli)
632019,2024-06-25 11:32:58,2.0,246.32086878713977,7.4,0.9956284482619288,Biga (Çanakkale)
632020,2024-06-25 11:48:42,2.0,252.26339926006528,14.26,1.062214366983983,Ege Denizi - [11.77 km] Ayvacık (Çanakkale)
632030,2024-06-25 15:15:43,2.0,294.74526803473543,23.89,1.163692389034173,Ege Denizi - [71.31 km] Datça (Muğla)
632031,2024-06-25 15:18:28,1.4,122.23093091843437,6.87,0.837283540314798,Bigadiç (Balıkesir)
632032,2024-06-25 15:49:41,1.3,487.1798593167365,6.93,0.947012234720711,Silifke (Mersin)
632035,2024-06-25 16:10:47,1.7,120.9915243464035,8.82,1.691888232146249,Buca (İzmir)
632039,2024-06-25 17:57:29,1.2,241.0623028882944,7.78,0.5297988472720168,Sultandağı (Afyonkarahisar)
632046,2024-06-25 20:13:04,1.4,258.77172162721763,7.0,0.9153431481961527,Akşehir (Konya)
632048,2024-06-25 20:57:56,1.3,224.1768674279288,7.0,0.6244566663093558,Gelendost (Isparta)
632049,2024-06-25 21:46:33,2.0,216.852495216987,7.0,1.4431716596012973,Bucak (Burdur)
632050,2024-06-25 21:51:47,1.8,292.3193750837953,7.08,1.0275478974192254,Akdeniz - [81.21 km] Kaş (Antalya)
632053,2024-06-25 22:16:54,1.3,384.3199076159857,7.0,1.0962877132912,Mengen (Bolu)
632055,2024-06-25 22:57:31,1.0,200.0721747386586,7.02,1.1235070385958117,Yenice (Çanakkale)
632057,2024-06-25 23:14:01,2.1,425.28415952530366,7.07,1.1400578227324736,Akdeniz - [70.62 km] Gazipaşa (Antalya)
632058,2024-06-25 23:29:20,2.6,243.80518589816452,7.0,1.026164875772698,Biga (Çanakkale)
632062,2024-06-26 00:42:17,1.6,246.14544925911363,7.01,0.9793150014816958,Biga (Çanakkale)
632070,2024-06-26 02:40:24,2.4,175.51957925622227,5.26,4.672671780339602,Orhaneli (Bursa)
632071,2024-06-26 04:02:46,2.8,367.89706603412554,7.0,1.1739484731802514,Merkez (Bolu)
632075,2024-06-26 03:51:21,1.5,193.93023372496378,7.0,1.019470818430073,Ege Denizi - Gökova Körfezi - [13.77 km] Bodrum (Muğla)
632081,2024-06-26 05:47:34,1.4,124.3647866701093,6.88,1.5352181171584964,Soma (Manisa)
632084,2024-06-26 06:29:49,1.5,132.29049286892408,7.0,1.5185464474633024,Ege Denizi - Kuşadası Körfezi - [04.64 km] Kuşadası (Aydın)
632087,2024-06-26 08:56:15,1.9,381.2504686048699,9.5,0.9349909867644357,Merkez (Bolu)
632088,2024-06-26 10:06:13,1.8,155.03799997856007,8.5,1.0908766244838026,Ege Denizi - [11.32 km] Dikili (İzmir)
632089,2024-06-26 11:09:38,2.2,128.62615130684628,11.8,3.079708719341544,Menderes (İzmir)
632090,2024-06-26 11:22:39,2.4,265.7473961434508,18.1,1.0147393255033634,Ege Denizi - [76.23 km] Karaburun (İzmir)
632093,2024-06-26 14:47:35,1.6,138.47002609117004,8.02,0.8142539486396152,Ege Denizi - Kuşadası Körfezi - [05.33 km] Menderes (İzmir)
632095,2024-06-26 15:20:44,1.7,159.64401618910182,7.0,0.90633474454038,Sinanpaşa (Afyonkarahisar)
632096,2024-06-26 15:35:47,1.5,50.70328061735353,6.57,4.920006547916599,Gölmarmara (Manisa)
632097,2024-06-26 15:46:36,1.5,128.9080784402796,14.76,1.0268415270582034,Soma (Manisa)
632102,2024-06-26 17:21:13,1.6,179.84584663328212,7.35,0.9510877292396751,Ege Denizi - [22.61 km] Karaburun (İzmir)
632106,2024-06-26 17:40:42,2.3,341.703901269647,4.2,1.159157704620044,"Ege Denizi, İskiri Adası (Skiros) - [143.34 km] Ayvacık (Çanakkale)"
632107,2024-06-26 18:27:34,1.3,126.53250922011554,6.78,1.2502790907157937,Soma (Manisa)
632109,2024-06-26 19:50:42,4.4,348.75129478077884,15.3,23.618590597211636,Ege Denizi - [45.43 km] Gökçeada (Çanakkale)
632113,2024-06-26 20:12:07,1.2,128.79669628178362,7.5,1.0035302238781323,Soma (Manisa)
632117,2024-06-26 21:10:26,2.2,307.9199412184357,6.87,1.068033972201453,Ege Denizi - [94.09 km] Datça (Muğla)
632118,2024-06-26 21:50:49,1.4,260.2528531052347,7.16,1.045907003173044,Konyaaltı (Antalya)
632120,2024-06-27 00:15:37,0.9,161.1751039929856,7.0,1.0512804065700156,Acıpayam (Denizli)
632121,2024-06-26 22:27:47,1.5,211.8387033305739,12.51,1.0519881273420768,Akdeniz - [21.04 km] Marmaris (Muğla)
632123,2024-06-26 22:47:52,1.8,257.80236935093836,12.98,0.9200687971867222,Ege Denizi - [45.20 km] Datça (Muğla)
632127,2024-06-26 23:26:51,1.0,333.0970914135795,7.0,0.9985580696547,Nallıhan (Ankara)
632132,2024-06-27 01:02:41,1.9,345.0098689791636,24.45,0.9879388411702444,Ege Denizi - [43.60 km] Gökçeada (Çanakkale)
632138,2024-06-27 03:45:26,1.2,110.59966734192597,6.95,1.8103521498392328,Emet (Kütahya)
632143,2024-06-27 04:34:39,1.6,130.87719507573527,6.94,1.2216637289250778,Menderes (İzmir)
632147,2024-06-27 06:24:02,1.8,80.55341386594664,7.0,1.8390181813440554,Turgutlu (Manisa)
632152,2024-06-27 07:58:18,2.1,186.430049896157,10.13,1.4043370274017022,Ege Denizi - Ildır Körfezi - [05.02 km] Çeşme (İzmir)
632155,2024-06-27 08:03:29,2.3,223.94369511598364,6.99,1.1421450792609675,Marmara Denizi - Erdek Körfezi - [09.10 km] Gönen (Balıkesir)
632161,2024-06-27 10:00:00,1.6,143.96747571212,9.02,0.48247213054648413,Yeşilova (Burdur)
632164,2024-06-27 10:32:40,2.2,306.025758740599,26.2,1.427384277652357,Akdeniz - [95.59 km] Marmaris (Muğla)
632165,2024-06-27 11:28:08,1.2,416.0431118193719,7.25,0.9577320996796043,Kazan (Ankara)
632166,2024-06-27 11:59:21,1.5,113.3782801267299,-0.014,1.7475887877650362,Emet (Kütahya)
632168,2024-06-27 14:05:30,2.3,329.0974511302628,7.0,0.7629652124002022,Beypazarı (Ankara)
632179,2024-06-28 00:26:19,1.8,254.9925252748496,6.55,1.0328345602006102,Ege Denizi - [66.75 km] Karaburun (İzmir)
632180,2024-06-28 00:30:27,1.7,470.69924946261335,9.5,1.112143992761455,Akdeniz
632184,2024-06-28 01:27:11,1.7,274.78369014633597,6.42,0.7684571370927198,Akdeniz - [33.15 km] Kaş (Antalya)
632188,2024-06-28 02:15:37,1.1,215.99708781332168,7.01,0.9828366876868364,Marmara Denizi - Gemlik Körfezi - [04.87 km] Mudanya (Bursa)
632197,2024-06-28 08:26:54,0.8,498.9578388348819,7.0,0.4362693029284,Mucur (Kırşehir)
632198,2024-06-28 08:38:27,1.2,110.52593026100955,7.0,1.5628992395050876,Soma (Manisa)
632199,2024-06-28 08:46:28,1.5,182.74340095478516,7.25,1.0543413061880909,Ege Denizi - Edremit Körfezi - [04.07 km] Burhaniye (Balıkesir)
632201,2024-06-28 09:01:53,1.3,230.3401952587395,7.99,0.8115386974371054,Orhangazi (Bursa)
632205,2024-06-28 06:52:13,2.0,114.0196380275959,6.77,3.1504264205612875,Soma (Manisa)
632206,2024-06-28 09:23:47,1.0,51.861806422718715,7.0,3.7273083036040595,Ulubey (Uşak)
632207,2024-06-28 09:25:28,0.8,48.521944349871326,7.0,2.358041725385369,Eşme (Uşak)
632208,2024-06-28 09:22:05,1.9,215.96699957020417,7.01,1.3329713587321923,Marmara Denizi - Gemlik Körfezi - [04.61 km] Mudanya (Bursa)
632209,2024-06-28 09:26:12,1.5,213.91862146432516,7.0,0.5794577289592084,Marmara Denizi - Gemlik Körfezi - [02.28 km] Mudanya (Bursa)
632210,2024-06-28 09:29:10,1.3,159.01272060113752,6.84,1.0563665781902776,Orhaneli (Bursa)
632213,2024-06-28 09:54:53,1.2,102.34980333059674,7.0,0.7977853063701433,Hisarcık (Kütahya)
632214,2024-06-28 09:57:01,1.2,148.31755014374258,7.23,1.4599251546898329,Tavşanlı (Kütahya)
632222,2024-06-28 10:45:44,1.3,151.64830176879988,7.0,0.6065543118736058,Tavşanlı (Kütahya)
632223,2024-06-28 10:50:45,1.2,154.9342338288532,7.0,0.6384082851647841,Tavşanlı (Kütahya)
632224,2024-06-28 12:04:02,2.7,393.18938979342596,12.53,1.7742631738172414,Ege Denizi
632227,2024-06-28 12:53:58,1.5,225.99481013568135,7.58,1.1293667002842198,Çan (Çanakkale)
632231,2024-06-28 13:01:33,1.1,106.14384028335388,7.0,1.5672692689749947,Hisarcık (Kütahya)
632238,2024-06-28 14:05:04,1.6,186.07203374817541,7.02,1.1118920545548898,Şuhut (Afyonkarahisar)
632240,2024-06-28 14:42:12,1.2,452.65031072743847,7.0,0.8118355595720944,Yahşihan (Kırıkkale)
632242,2024-06-28 18:20:23,1.8,207.16400429074093,8.82,1.664557597659353,Ege Denizi - [06.32 km] Bodrum (Muğla)
632247,2024-06-28 21:24:07,1.0,161.03470326146643,7.0,0.9459053647268642,Köyceğiz (Muğla)
632249,2024-06-28 22:30:03,1.4,134.26019598074015,5.31,1.0733397455083884,Çivril (Denizli)
632250,2024-06-28 22:39:47,3.2,273.47163420351006,14.82,1.6637709284466653,Ege Denizi - [63.83 km] Datça (Muğla)
632251,2024-06-28 22:28:29,1.5,159.25812608814786,6.97,0.9915809999241332,Köyceğiz (Muğla)
632263,2024-06-29 02:55:59,2.1,182.9018119997316,6.03,1.493745954528622,Gönen (Balıkesir)
632266,2024-06-29 04:35:56,1.6,112.86727472303522,7.0,1.1243484569703608,Gediz (Kütahya)
632267,2024-06-29 04:17:09,1.8,64.13707357513071,5.54,7.5939749230379165,Sarayköy (Denizli)
632268,2024-06-29 04:17:49,1.9,63.23463605459826,7.49,1.4765792028349107,Sarayköy (Denizli)
632269,2024-06-29 04:26:42,1.3,64.81820989700834,7.0,1.7199846092290836,Buharkent (Aydın)
632270,2024-06-29 04:47:04,1.2,169.2900494992161,7.72,1.2580453075157154,Merkez (Kütahya)
632271,2024-06-29 05:10:35,1.2,258.5252130583274,7.0,0.9597420156382118,Emirdağ (Afyonkarahisar)
632275,2024-06-29 07:24:20,1.8,156.773413162615,7.0,0.6562838024764746,Ula (Muğla)
632278,2024-06-29 10:09:48,2.1,112.73250048510076,7.0,1.5010902372286024,Bigadiç (Balıkesir)
632279,2024-06-29 09:57:02,1.4,151.74556902034496,7.0,0.6433361084273753,Tavşanlı (Kütahya)
632280,2024-06-29 09:39:28,1.0,6.828107017883375,6.98,24.117783251048596,Kula (Manisa)
632283,2024-06-29 10:41:58,1.5,426.8967220540152,6.93,1.9352771356183263,Çubuk (Ankara)
632286,2024-06-29 15:13:09,1.7,283.0014655499776,8.33,1.1010300712239907,Ilgın (Konya)
632289,2024-06-29 16:34:41,2.3,271.3888608047604,13.74,0.601842118326843,Marmara Denizi - [07.92 km] Süleymanpaşa (Tekirdağ)
632291,2024-06-29 17:05:33,1.0,352.4564988276602,7.01,0.9898908209239187,Selçuklu (Konya)
632305,2024-06-29 20:22:25,1.5,248.00938671590578,5.48,1.1208060564013893,"Marmara Denizi, Marmara Adası, Marmara (Balıkesir)"
632306,2024-06-29 20:49:49,1.4,415.03715005943417,5.73,1.1693569520804208,Bala (Ankara)
632309,2024-06-29 21:02:41,1.8,274.9296572363029,7.02,1.0920458611693282,Akdeniz - [64.46 km] Marmaris (Muğla)
632313,2024-06-29 21:59:19,1.7,270.71935034820626,7.0,1.0864659864496622,Akdeniz - [60.26 km] Marmaris (Muğla)
632314,2024-06-29 22:45:22,2.8,329.9998865391753,11.36,1.0530441774064665,Gölyaka (Düzce)
632315,2024-06-29 23:18:41,2.2,203.94824734715468,6.98,1.052068432256747,Ege Denizi - [14.06 km] Datça (Muğla)
632316,2024-06-29 23:16:21,1.5,206.18207791580235,6.07,1.2419872398283722,Ege Denizi - [15.26 km] Datça (Muğla)
632318,2024-06-29 23:35:55,1.1,495.2685957024429,6.88,0.9613865824205402,Delice (Kırıkkale)
632321,2024-06-30 00:19:35,1.1,353.5732225425556,7.45,1.0068324402998434,Merkez (Bolu)
632329,2024-06-30 01:52:10,1.6,120.17963990694031,8.84,0.9435023661697689,Buca (İzmir)
632330,2024-06-30 01:36:54,1.9,237.0291333593464,13.48,1.0258006586605548,Ege Denizi - [28.07 km] Datça (Muğla)
632331,2024-06-30 01:40:38,1.3,163.20050299182208,7.0,0.9606474240993578,Köyceğiz (Muğla)
632341,2024-06-30 03:58:21,0.9,199.84662902555232,7.0,0.9539394736824343,Çeltikçi (Burdur)
632342,2024-06-30 04:09:46,1.3,52.641450142790724,8.2,1.7688507586075564,Ödemiş (İzmir)
632343,2024-06-30 04:27:27,1.8,424.07642022394754,40.79,0.8738885974651651,Akdeniz - [32.71 km] Gazipaşa (Antalya)
632348,2024-06-30 05:07:54,1.5,263.3272118528491,7.0,0.9339468744355034,Kaş (Antalya)
632356,2024-06-30 07:41:53,1.6,276.3205363363865,7.0,0.9779943558722503,Geyve (Sakarya)
632362,2024-06-30 10:53:55,2.3,329.24982269402625,7.0,0.6897249982784064,Beypazarı (Ankara)
632363,2024-06-30 11:44:20,1.9,257.83377494629815,7.0,0.8339943471597229,Marmara Denizi - [25.41 km] Büyükçekmece (İstanbul)
632365,2024-06-30 12:50:55,3.5,137.00386306235268,7.45,15.13657240549748,Ege Denizi - Kuşadası Körfezi - [04.13 km] Menderes (İzmir)
632367,2024-06-30 15:22:17,1.5,144.05123192258802,7.0,0.8000630008916045,Menteşe (Muğla)
632368,2024-06-30 15:53:25,2.3,157.31181415279903,7.0,2.024356568143409,Ege Denizi - Kuşadası Körfezi - [22.80 km] Kuşadası (Aydın)
632370,2024-06-30 17:02:19,1.7,44.29491016349034,11.52,4.434103079537081,Buldan (Denizli)
632372,2024-06-30 18:02:35,2.4,127.92706371315134,11.59,1.5400836145608172,Soma (Manisa)
632376,2024-07-01 01:08:52,1.7,419.0149772524314,6.98,0.5556937127805858,Bala (Ankara)
632377,2024-07-01 01:20:30,1.8,156.6861943208763,7.0,2.012817831378778,Ege Denizi - Kuşadası Körfezi - [20.20 km] Menderes (İzmir)
632384,2024-07-01 03:43:26,2.2,168.00057537443482,6.99,2.488808201909523,Ege Denizi - Gökova Körfezi - [05.79 km] Menteşe (Muğla)
632387,2024-07-01 04:23:04,1.8,258.26919053290595,7.03,1.0329430588582535,Tuzlukçu (Konya)
632388,2024-07-01 03:06:15,1.7,261.3681852316803,6.93,0.8092337179348316,Akdeniz - [51.51 km] Marmaris (Muğla)
632389,2024-07-01 04:52:07,1.6,138.37841198159927,8.59,1.4255673269318592,Ege Denizi - Kuşadası Körfezi - [04.74 km] Menderes (İzmir)
632391,2024-07-01 05:31:57,1.5,112.82949662727817,8.37,1.740813862166629,Dursunbey (Balıkesir)
632393,2024-07-01 06:06:23,1.7,150.28065051916647,14.56,1.3978953756137458,Karesi (Balıkesir)
632396,2024-07-01 06:42:20,2.2,335.28522038818664,7.05,0.6558992589675323,Beypazarı (Ankara)
632403,2024-07-01 08:23:20,2.8,449.15686059911053,10.7,1.3221762713507552,Akdeniz - [226.37 km] Datça (Muğla)
632404,2024-07-01 09:40:17,1.7,161.23947026928914,7.0,0.5980690089702054,Ege Denizi - [08.04 km] Söke (Aydın)
632406,2024-07-01 10:01:49,1.4,245.1872671089151,5.82,1.3862435072044523,Odunpazarı (Eskişehir)
632407,2024-07-01 10:21:11,1.5,332.8201317591226,7.0,1.1297263251680876,Gölyaka (Düzce)
632410,2024-07-01 13:27:26,1.1,64.62193202407457,6.98,1.3630206469627768,Sarayköy (Denizli)
632411,2024-07-01 15:08:13,3.1,110.79322678909546,7.0,5.2905172427850795,Germencik (Aydın)
632420,2024-07-01 19:28:37,2.0,332.13088329293635,7.0,1.0298488192308175,Gölyaka (Düzce)
632421,2024-07-01 19:30:56,1.9,331.4581719995511,7.0,1.020905866208089,Gölyaka (Düzce)
632422,2024-07-01 19:39:45,1.5,333.3905655079597,7.03,0.8987503504438042,Gölyaka (Düzce)
632423,2024-07-01 19:25:50,1.4,331.160137515288,7.03,0.9765685185231425,Gölyaka (Düzce)
632424,2024-07-01 19:58:08,2.3,408.62960209694563,8.27,1.3313386808176209,Ege Denizi
632427,2024-07-01 22:48:11,2.7,348.52880874176157,31.48,1.1004935416303838,Akdeniz - [118.27 km] Kaş (Antalya)
632440,2024-07-02 04:19:36,1.5,250.31638246237515,7.19,1.1448055892825382,Ege Denizi - [13.42 km] Ayvacık (Çanakkale)
632442,2024-07-02 06:13:46,1.8,129.29669752832504,6.43,3.451784041270889,Bergama (İzmir)
632444,2024-07-02 06:19:47,1.4,120.91323093517634,7.0,2.1821095660872434,Altıeylül (Balıkesir)
632445,2024-07-02 06:37:08,1.7,120.05192224454956,7.0,2.6185035880859946,Altıeylül (Balıkesir)
632447,2024-07-02 06:48:12,0.9,207.49257643584264,7.0,1.0684381572677133,Bozüyük (Bilecik)
632449,2024-07-02 07:50:19,1.3,145.09689939764965,7.0,0.6289146655328481,Tavşanlı (Kütahya)
632452,2024-07-02 11:00:32,1.1,207.11453880711966,7.0,1.254578885226678,Datça (Muğla)
632453,2024-07-02 11:05:01,0.9,145.5538721220913,7.0,1.443560333483104,Söke (Aydın)
632456,2024-07-02 12:25:28,1.0,130.68095308336626,7.0,0.7647565344886372,Soma (Manisa)
632461,2024-07-02 15:26:04,1.3,161.2859273792666,7.0,0.8456552754063147,Balya (Balıkesir)
632463,2024-07-02 16:35:51,1.9,328.9712209041133,7.0,1.0601474318515247,Beypazarı (Ankara)
632464,2024-07-02 16:56:32,1.7,489.9423270298065,9.37,0.7914146653518062,Delice (Kırıkkale)
632468,2024-07-02 17:49:20,1.1,220.50441032602654,6.99,1.580935776286116,Yalvaç (Isparta)
632469,2024-07-02 18:27:58,1.7,214.25324375325442,7.73,0.9052906223778782,Marmara Denizi - Gemlik Körfezi - [03.10 km] Mudanya (Bursa)
632471,2024-07-02 20:06:06,1.9,345.6102139139745,7.02,1.4517150044604172,Beypazarı (Ankara)
632472,2024-07-02 19:46:58,1.5,340.2797496225292,7.11,1.1239729850259879,Beypazarı (Ankara)
632476,2024-07-02 21:06:56,1.4,125.87908168629568,7.93,2.6904073050877693,Soma (Manisa)
632478,2024-07-02 22:29:23,1.0,161.6299427067816,7.0,0.577392772053908,Köyceğiz (Muğla)
632479,2024-07-02 22:26:17,2.0,418.12000082760943,7.4,0.9293822151088406,"Krumovgrad, Kırcaali (Bulgaristan) - [45.52 km] Merkez (Edirne)"
632480,2024-07-02 22:07:46,1.1,232.74222314190436,7.23,0.9479897146675771,Ege Denizi - [12.96 km] Ayvacık (Çanakkale)
632485,2024-07-02 23:14:55,1.0,95.83130365475023,10.66,1.1185094039115553,Gediz (Kütahya)
632487,2024-07-02 23:36:36,1.4,338.0690198292517,6.98,1.038109406220643,Beypazarı (Ankara)
632488,2024-07-03 00:25:28,1.0,190.84780584299241,6.9,1.013967714999818,Ege Denizi - Gökova Körfezi - [14.22 km] Marmaris (Muğla)
632490,2024-07-03 00:37:32,1.0,383.2895880331944,7.0,1.0071792395353063,Altınekin (Konya)
632493,2024-07-03 03:20:00,1.7,122.11774715450973,7.34,1.9035130772529048,Altıeylül (Balıkesir)
632494,2024-07-03 04:55:49,1.6,297.5084953385677,23.11,1.0647342615372906,Akdeniz - [87.53 km] Kaş (Antalya)
632496,2024-07-03 04:48:22,1.7,145.88811270546307,7.0,1.0392586977054825,Seferihisar (İzmir)
632499,2024-07-03 07:43:18,1.8,281.5331443212538,26.4,1.3375400200505072,Akdeniz - [35.51 km] Kaş (Antalya)
632504,2024-07-03 08:47:12,1.6,158.79625886209362,11.82,0.8414023399207038,Balya (Balıkesir)
632505,2024-07-03 08:47:19,1.4,215.17559372673205,6.94,0.9602854333254706,Yalvaç (Isparta)
632507,2024-07-03 09:26:35,1.2,403.5881485675067,7.0,0.5495953081479548,Karatay (Konya)
632508,2024-07-03 09:48:08,1.4,142.8010894985406,7.0,1.1273314615546146,Tavşanlı (Kütahya)
632509,2024-07-03 09:54:02,1.2,146.19924352453344,7.0,0.5973448214751689,Tavşanlı (Kütahya)
632510,2024-07-03 10:07:52,1.9,275.3271200389538,27.2,0.9058522945233701,Ege Denizi - [43.66 km] Ayvacık (Çanakkale)
632511,2024-07-03 10:53:47,1.0,348.96368378855243,9.31,1.3141492493367877,Kaynaşlı (Düzce)
632512,2024-07-03 12:22:13,1.6,263.13154462973455,8.5,0.9333794879339495,Marmara Denizi - [12.14 km] Beylikdüzü (İstanbul)
632515,2024-07-03 14:10:58,1.3,468.36638480988563,12.4,1.1004075607913582,Şabanözü (Çankırı)
632517,2024-07-03 14:18:30,2.3,418.64275810840763,5.87,1.3146213059017728,Merkez (Karaman)
632518,2024-07-03 14:58:06,0.9,437.2323506391129,6.98,1.0920043721257253,Elmadağ (Ankara)
632519,2024-07-03 15:01:57,1.5,116.66542085092615,4.94,1.575752335596551,Emet (Kütahya)
632520,2024-07-03 15:46:49,1.6,262.8588485769558,7.0,1.9505673745736851,Ege Denizi - [51.50 km] Marmaris (Muğla)
632521,2024-07-03 15:29:21,2.0,370.2602050027311,6.98,0.6825566790531384,Akdeniz - [158.84 km] Marmaris (Muğla)
632522,2024-07-03 16:07:03,1.4,251.96985362775618,7.07,0.8116319496430766,Kaş (Antalya)
632523,2024-07-03 16:16:14,2.2,264.89456221867016,12.5,1.0778671185788997,Marmara Denizi - [10.88 km] Avcılar (İstanbul)
632529,2024-07-03 16:51:50,1.1,212.86604245977952,6.91,1.1554176660654158,Çay (Afyonkarahisar)
632533,2024-07-03 17:27:30,1.2,46.95290143975397,4.59,5.332329536208049,Selendi (Manisa)
632534,2024-07-03 17:35:26,1.2,432.2371442082503,7.15,1.3365950045417738,Kızılcahamam (Ankara)
632537,2024-07-03 18:02:01,1.3,109.61536002873667,7.0,0.8984895688516702,Germencik (Aydın)
632538,2024-07-03 18:59:02,1.0,234.8692238208784,11.92,0.7127980177180167,Sultandağı (Afyonkarahisar)
632544,2024-07-03 19:24:06,0.8,12.454351331134621,5.15,5.094493482608736,Alaşehir (Manisa)
632547,2024-07-03 20:19:32,1.0,107.74895210844333,12.63,0.9164344473350661,Gediz (Kütahya)
632550,2024-07-03 21:26:13,1.6,73.9290980898358,10.74,3.292052800458113,Akhisar (Manisa)
632551,2024-07-03 21:14:03,1.1,67.74869922777017,7.0,2.2533295112211627,Sarayköy (Denizli)
632554,2024-07-03 21:56:28,1.4,193.7451197062849,6.1,1.221987419093969,Ege Denizi - Gökova Körfezi - [14.35 km] Bodrum (Muğla)
632563,2024-07-04 00:27:40,1.1,185.79446082477872,6.96,1.0752525063634364,Ege Denizi - Gökova Körfezi - [09.52 km] Milas (Muğla)
632564,2024-07-04 00:12:24,0.8,104.61984039744274,7.0,0.9642346241615708,Hisarcık (Kütahya)
632565,2024-07-03 22:53:41,1.6,314.6019242678488,4.53,1.0586728517246298,Ege Denizi - [96.76 km] Datça (Muğla)
632569,2024-07-03 23:33:51,2.2,139.93125665052696,4.97,6.869599415214556,Altıeylül (Balıkesir)
632570,2024-07-03 23:40:10,1.7,216.22933408333054,7.0,1.0178846257218943,Marmara Denizi - Gemlik Körfezi - [05.03 km] Mudanya (Bursa)
632571,2024-07-03 23:56:01,1.6,214.4637603380145,8.79,1.0782621330632884,Marmara Denizi - Gemlik Körfezi - [03.27 km] Mudanya (Bursa)
632572,2024-07-03 23:42:02,0.8,216.12535120765435,7.0,0.9591852018462158,Marmara Denizi - Gemlik Körfezi - [04.95 km] Mudanya (Bursa)
632578,2024-07-04 00:46:35,1.3,136.92900160861026,7.03,1.118106668570372,Aliağa (İzmir)
632579,2024-07-04 00:57:22,1.0,74.25884134957104,7.03,1.130318662083342,Saruhanlı (Manisa)
632580,2024-07-03 23:29:51,1.1,215.61143979589028,7.0,1.069400869152219,Marmara Denizi - Gemlik Körfezi - [04.24 km] Mudanya (Bursa)
632581,2024-07-03 23:29:25,1.2,224.92994773665916,7.0,1.1410212959649402,Armutlu (Yalova)
632582,2024-07-03 23:14:23,1.5,361.12144484394094,14.42,1.010641077556161,Merkez (Bolu)
632583,2024-07-03 23:11:03,1.5,150.87340210060069,7.0,5.208207817780917,Başmakçı (Afyonkarahisar)
632588,2024-07-04 01:03:04,1.0,140.476169570418,7.0,0.9410540675621112,Aliağa (İzmir)
632589,2024-07-04 01:18:49,1.5,286.03775215293825,29.99,1.0814752723990355,Akdeniz - [83.44 km] Marmaris (Muğla)
632594,2024-07-04 02:41:27,1.6,182.7767769054945,10.82,1.1156641282514155,Ege Denizi - Gökova Körfezi - [10.30 km] Milas (Muğla)
632595,2024-07-04 03:13:05,1.1,66.68542297582619,7.44,4.984526833616102,Sarayköy (Denizli)
632596,2024-07-04 03:23:30,0.8,67.05517211238805,7.0,2.5483512997057494,Sarayköy (Denizli)
632600,2024-07-04 03:47:27,1.1,65.48340726970261,8.1,4.617581735836892,Sarayköy (Denizli)
632601,2024-07-04 03:49:46,1.5,66.51764651706426,7.07,10.625734821842165,Sarayköy (Denizli)
632602,2024-07-04 04:23:55,1.7,152.17722502625628,7.0,1.9979512450076193,İvrindi (Balıkesir)
632611,2024-07-04 05:13:49,1.1,102.23908099012317,7.07,2.1065084522412834,Gediz (Kütahya)
632612,2024-07-04 05:40:38,1.7,323.9576433601588,6.7,1.1680333942058765,Akdeniz - [109.41 km] Datça (Muğla)
632614,2024-07-04 05:50:11,1.5,120.32428825378709,10.2,2.4107181405661637,Altıeylül (Balıkesir)
632615,2024-07-04 05:56:11,1.9,264.6540775497867,12.6,1.2184571778946338,Marmara Denizi - [11.08 km] Avcılar (İstanbul)
632616,2024-07-04 06:00:42,2.4,188.6668527041552,27.62,2.345592216919933,Ege Denizi - Gökova Körfezi - [13.60 km] Datça (Muğla)
632618,2024-07-04 06:34:26,3.0,416.3356669085762,17.5,1.1307517625097963,Ege Denizi
632619,2024-07-04 06:31:40,1.0,188.74444662896272,7.0,0.9662132981652077,Akdeniz - [10.02 km] Köyceğiz (Muğla)
632621,2024-07-04 06:59:53,1.7,183.5748675619994,7.0,1.4098092306412249,Ege Denizi - Gökova Körfezi - [11.36 km] Milas (Muğla)
632625,2024-07-04 08:44:22,1.4,364.18963231211046,7.0,1.1696864971562997,Selçuklu (Konya)
632628,2024-07-04 10:07:28,1.7,427.93177215275193,7.0,0.8538673637957881,Tuz Gölü - [06.25 km] Şereflikoçhisar (Ankara)
632630,2024-07-04 10:20:56,3.1,299.59872167250285,6.99,1.1201040329756264,Ilgın (Konya)
632631,2024-07-04 10:25:06,2.5,299.3617882567498,7.05,0.8236465451478232,Ilgın (Konya)
632632,2024-07-04 10:26:30,1.6,121.74478704193689,11.7,1.9181578153718999,Altıeylül (Balıkesir)
632634,2024-07-04 11:28:31,0.8,43.90569310459379,7.0,3.532386992913752,Eşme (Uşak)
632636,2024-07-04 12:03:58,2.9,126.5809451921594,6.98,13.499820858539858,Dursunbey (Balıkesir)
632640,2024-07-04 13:28:23,2.7,396.9806721060413,32.04,2.239848524656861,Akdeniz - [47.18 km] Gazipaşa (Antalya)
632641,2024-07-04 14:10:30,1.1,196.82148890931956,7.0,0.8849256421302462,İnönü (Eskişehir)
632647,2024-07-04 15:08:28,1.2,293.65167581692504,7.0,4.326728195808264,Ilgın (Konya)
632651,2024-07-04 17:33:03,2.4,428.73619610173864,14.46,1.1716684778226412,Akdeniz - [205.64 km] Datça (Muğla)
632655,2024-07-04 19:48:20,1.1,278.95169633302027,7.0,0.9926079847143375,Kartepe (Kocaeli)
632659,2024-07-04 22:31:19,1.7,334.448071127581,7.0,0.9751511670340502,Beypazarı (Ankara)
632660,2024-07-04 22:58:59,1.8,229.36895899691154,7.0,1.1717776622845961,Ezine (Çanakkale)
632661,2024-07-04 22:54:27,1.3,266.35348287850604,7.0,0.8873519756979883,Akdeniz - [55.92 km] Marmaris (Muğla)
632662,2024-07-04 23:07:02,1.8,312.53871381697667,8.41,1.11562048175915,Akdeniz - [99.73 km] Datça (Muğla)
632663,2024-07-04 22:59:53,3.0,488.3575521379338,15.0,1.2895412356010592,Akdeniz
632664,2024-07-04 23:38:03,2.2,284.688184338702,7.0,2.111330512719891,Ege Denizi - Saros Körfezi - [07.39 km] Gelibolu (Çanakkale)
632667,2024-07-05 00:05:53,1.8,267.7880376926277,7.0,1.6055690304512127,Ege Denizi - [70.13 km] Çeşme (İzmir)
632675,2024-07-05 04:09:17,1.3,108.54220586912888,7.13,3.8477673712005123,Kınık (İzmir)
632678,2024-07-05 05:41:55,3.5,331.8092813487562,33.35,4.691728720450867,Akdeniz - [112.72 km] Datça (Muğla)
632683,2024-07-05 06:39:07,1.6,128.7441464382732,7.0,3.267529065440465,Dursunbey (Balıkesir)
632684,2024-07-05 07:19:31,1.1,148.80060444713146,7.27,1.5489740435306585,Tavşanlı (Kütahya)
632686,2024-07-05 08:07:05,0.9,305.6449561052012,7.0,0.9030084973823668,Adapazarı (Sakarya)
632689,2024-07-05 08:41:06,2.2,339.4018685845858,7.0,1.4521421367117358,Akdeniz - [74.97 km] Kaş (Antalya)
632697,2024-07-05 09:34:40,0.9,437.79252415066594,7.0,1.0233040014743433,Çelebi (Kırıkkale)
632702,2024-07-05 09:56:02,1.6,334.0881012763594,6.92,1.1629198397805114,Karadeniz - [09.40 km] Çatalca (İstanbul)
632705,2024-07-05 10:43:35,3.2,142.58961776619176,12.45,6.448102280697142,Ege Denizi - Kuşadası Körfezi - [11.97 km] Menderes (İzmir)
632708,2024-07-05 12:27:46,1.3,138.21455907628211,7.0,0.9572291676984649,Yeşilova (Burdur)
632709,2024-07-05 12:16:45,1.9,200.650952937253,7.0,0.7701858246305904,Ege Denizi - [12.84 km] Bodrum (Muğla)
632711,2024-07-05 12:34:57,1.3,109.97073241477,7.1,0.9877126499635074,Soma (Manisa)
632719,2024-07-05 18:05:06,2.9,462.6910461705884,6.78,0.8886393188710515,Akdeniz - [240.57 km] Datça (Muğla)
632722,2024-07-05 17:57:08,2.4,499.32562920719494,15.0,1.7222538207220974,Akdeniz - [276.37 km] Datça (Muğla)
632723,2024-07-05 19:13:20,2.5,73.48038155634292,7.0,4.600871507184971,Akhisar (Manisa)
632726,2024-07-05 19:55:46,2.6,129.68692473118384,6.98,3.3921066088808396,Dursunbey (Balıkesir)
632728,2024-07-05 20:52:39,1.7,227.32012549007717,7.38,0.9073790305006747,Akdeniz - [19.32 km] Marmaris (Muğla)
632730,2024-07-06 00:15:22,2.2,329.87703509265066,11.71,1.1996497552121876,Gölyaka (Düzce)
632731,2024-07-06 00:23:53,1.5,182.96083300895793,6.99,1.0880834668416617,Ege Denizi - Gökova Körfezi - [10.78 km] Milas (Muğla)
632732,2024-07-06 00:36:30,2.0,263.64747288540593,18.26,0.9442356258171337,Akdeniz - [53.05 km] Marmaris (Muğla)
632733,2024-07-06 00:35:16,1.3,144.45111503850282,7.0,1.0125525683132877,Menteşe (Muğla)
632734,2024-07-06 01:27:54,1.2,108.90189007996267,6.99,0.9576198742506682,Kınık (İzmir)
632738,2024-07-05 23:32:30,1.4,130.6102805682349,7.0,1.0283245259871796,Dursunbey (Balıkesir)
632740,2024-07-06 04:57:22,1.4,209.1628747137086,6.93,0.8683139205272313,Korkuteli (Antalya)
632742,2024-07-06 06:59:28,2.3,331.8540247886514,7.0,0.937248347125286,Beypazarı (Ankara)
632743,2024-07-06 07:09:22,3.6,205.05642344765707,66.04,4.709742173275581,Marmaris (Muğla)
632747,2024-07-06 08:40:58,1.8,110.01346854913434,7.03,1.1669659543588944,Soma (Manisa)
632750,2024-07-06 09:20:52,1.8,156.84131943707857,7.19,0.9939486376101027,Orhaneli (Bursa)
632751,2024-07-06 08:50:01,1.5,162.75798707457676,6.93,0.873340177014884,Milas (Muğla)
632752,2024-07-06 09:47:56,1.4,149.5521035039291,7.0,2.065456849972124,Tavşanlı (Kütahya)
632753,2024-07-06 09:50:28,1.5,153.56608470484375,7.0,0.5481558712326172,Tavşanlı (Kütahya)
632754,2024-07-06 09:53:31,1.2,142.0894009270962,7.0,1.1651739256473517,Tavşanlı (Kütahya)
632755,2024-07-06 09:55:19,1.4,151.30476055298277,7.0,1.456912624579353,Tavşanlı (Kütahya)
632760,2024-07-06 11:28:56,1.4,396.6073994808693,7.46,0.656729140667811,Merkez (Kırklareli)
632764,2024-07-06 13:08:32,1.8,134.72286114883968,7.0,2.3055159878988913,Ege Denizi - Kuşadası Körfezi - [05.65 km] Menderes (İzmir)
632765,2024-07-06 13:18:38,1.4,293.6048702290224,6.49,0.5487922093610167,Çekmeköy (İstanbul)
632772,2024-07-06 17:09:43,1.6,121.65299377698862,10.29,1.1589280070858476,Buca (İzmir)
632776,2024-07-06 17:32:59,1.9,120.65907933439566,7.14,1.3893302497798565,Savaştepe (Balıkesir)
632777,2024-07-06 19:22:11,1.4,229.07205848856495,9.49,0.7543956914861744,Akdeniz - [26.28 km] Fethiye (Muğla)
632779,2024-07-06 19:37:03,1.2,246.68352910650293,7.18,1.1828644474519119,Biga (Çanakkale)
632783,2024-07-06 21:55:42,1.3,82.61370462855614,8.56,1.5327936639485973,Bayındır (İzmir)
632784,2024-07-06 21:35:49,0.8,96.670870102836,7.16,0.9601628779762641,Tavas (Denizli)
632788,2024-07-07 00:10:37,1.3,103.36388400238991,7.0,0.9313312156237177,İncirliova (Aydın)
632790,2024-07-07 02:01:34,2.1,333.69207462544375,6.97,0.9755868524655625,Beypazarı (Ankara)
632798,2024-07-07 04:14:57,1.7,143.8157639603979,5.9,0.86889194811471,Ege Denizi - Kuşadası Körfezi - [11.14 km] Menderes (İzmir)
632799,2024-07-07 04:35:41,1.7,215.38238445445106,7.07,0.9234928710193737,Marmara Denizi - Gemlik Körfezi - [04.10 km] Mudanya (Bursa)
632805,2024-07-07 07:18:12,1.0,335.95250911783296,7.4,0.7219689596291209,Selçuklu (Konya)
632806,2024-07-07 07:37:16,1.8,118.04655136696711,8.02,2.6375407762741214,Buca (İzmir)
632808,2024-07-07 07:59:42,1.3,120.07694808996335,9.86,1.1131822113854257,Buca (İzmir)
632809,2024-07-07 08:24:09,2.5,263.4535016836994,7.0,1.0163076419603492,Ege Denizi - [74.61 km] Karaburun (İzmir)
632810,2024-07-07 08:04:36,1.4,122.7518222281042,9.82,1.0936896146725632,Savaştepe (Balıkesir)
632811,2024-07-07 08:00:04,1.4,154.01820030105145,7.4,1.1427420926382057,Acıpayam (Denizli)
632815,2024-07-07 09:20:10,1.4,158.29384847121048,7.0,0.5109944665178798,Milas (Muğla)
632818,2024-07-07 09:44:02,1.7,147.05355141689114,6.79,1.242831101234013,Ege Denizi - Çandarlı Körfezi - [02.03 km] Dikili (İzmir)
632819,2024-07-07 09:50:35,2.0,159.24172986402203,6.96,0.9152523897151559,Ula (Muğla)
632820,2024-07-07 10:07:32,1.5,443.4801202206048,8.04,0.9533353369040651,Çerkeş (Çankırı)
632829,2024-07-07 13:55:36,4.1,472.9590015082905,6.97,1.61621258872389,Akdeniz - [251.35 km] Datça (Muğla)
632830,2024-07-07 13:33:39,2.2,403.4472329402619,7.0,0.8501490503072828,Akdeniz - [110.98 km] Kumluca (Antalya)
632831,2024-07-07 13:42:25,2.0,312.15081333733775,12.48,1.0059236878434583,Karadeniz - [03.82 km] Eyüp (İstanbul)
632835,2024-07-07 14:23:21,2.1,213.8954245082912,7.0,0.8188550907011607,Marmara Denizi - Gemlik Körfezi - [02.84 km] Mudanya (Bursa)
632838,2024-07-07 17:14:20,1.2,33.93723785991089,7.0,7.097442395735894,Salihli (Manisa)
632839,2024-07-07 17:39:23,1.5,229.26718843566238,7.0,0.7771730322065928,Akdeniz - Fethiye Körfezi - [06.04 km] Fethiye (Muğla)
632843,2024-07-07 19:42:09,1.5,120.57959062682282,6.77,0.8211089700711618,Savaştepe (Balıkesir)
632844,2024-07-07 20:34:54,1.8,220.60605154146978,87.85,5.545785622556747,Döşemealtı (Antalya)
632850,2024-07-07 22:12:59,1.1,94.45369446520245,7.03,1.8497178434151345,Gediz (Kütahya)
632851,2024-07-07 22:20:13,1.5,142.7866865363914,7.0,1.658781138124901,Söke (Aydın)
632852,2024-07-08 00:01:55,1.7,160.81415068740753,7.0,1.0980236900138496,Ula (Muğla)
632854,2024-07-08 00:42:28,1.0,34.10475682878802,7.0,4.038853330918022,Salihli (Manisa)
632861,2024-07-08 03:35:12,0.9,23.953896486496436,7.0,3.6279658346449692,Salihli (Manisa)
632863,2024-07-08 04:45:01,3.1,459.56053189752095,6.32,0.788147326005775,Akdeniz
632865,2024-07-08 07:05:00,2.0,187.6794664095864,7.12,1.5632937505859206,Ege Denizi - Ildır Körfezi - [04.04 km] Çeşme (İzmir)
632869,2024-07-08 09:27:26,1.2,114.23105773119403,7.0,1.157127659419399,Tavas (Denizli)
632870,2024-07-08 09:35:19,1.5,155.9934980452207,6.71,1.5222515213896033,Orhaneli (Bursa)
632871,2024-07-08 09:39:03,1.3,150.2256774886406,7.0,0.11990721701173462,Tavşanlı (Kütahya)
632872,2024-07-08 09:42:33,1.2,149.5374237745733,7.0,0.9701230248067811,Tavşanlı (Kütahya)
632874,2024-07-08 10:37:02,0.8,413.867657756171,7.0,0.7633728385372834,"Bolyarovo, Yanbolu (Bulgaristan) - [04.60 km] Lalapaşa (Edirne)"
632875,2024-07-08 10:36:05,1.2,193.27209912738815,6.83,1.072492565253342,Fethiye (Muğla)
632876,2024-07-08 10:58:24,1.0,337.02692526103414,6.9,0.8927503280526008,Selçuklu (Konya)
632880,2024-07-08 12:50:11,2.9,434.6373004684037,8.32,0.9063749711895348,"Ege Denizi, Girit Adası (Kriti) - [217.34 km] Datça (Muğla)"
632888,2024-07-08 16:30:46,2.0,301.3643997239176,10.23,0.9652826186004176,Akdeniz - [91.51 km] Kaş (Antalya)
632890,2024-07-08 17:09:34,2.6,211.99436991162054,7.31,1.5494969272378558,Ege Denizi - [10.98 km] Datça (Muğla)
632900,2024-07-08 21:54:48,1.9,168.93945552059932,10.72,0.9931422010790527,Ege Denizi - [07.37 km] Dikili (İzmir)
632905,2024-07-09 00:18:34,1.8,272.8034354186656,7.0,0.9759442609520039,Akdeniz - [62.98 km] Marmaris (Muğla)
632906,2024-07-09 00:19:43,1.6,308.64675347884673,7.31,1.0133190834140067,Akdeniz - [92.65 km] Kaş (Antalya)
632907,2024-07-09 00:06:21,1.1,331.84343118262984,7.0,1.099752527048602,Gölyaka (Düzce)
632910,2024-07-09 00:39:30,1.8,161.68915456628739,7.04,1.1574440855961865,Ege Denizi - [18.85 km] Seferihisar (İzmir)
632911,2024-07-09 00:38:43,1.5,150.7584026237895,7.01,1.037324855996289,Ege Denizi - Kuşadası Körfezi - [13.72 km] Menderes (İzmir)
632912,2024-07-09 00:33:41,1.4,162.34896867556517,7.21,1.06309357688805,Ege Denizi - [19.92 km] Seferihisar (İzmir)
632917,2024-07-09 01:24:50,1.7,283.60516594481084,25.56,0.9751330582493182,Akdeniz - [52.40 km] Kaş (Antalya)
632926,2024-07-09 06:24:16,2.0,244.99081522924152,7.06,1.0528813936763002,Ege Denizi - [53.26 km] Çeşme (İzmir)
632929,2024-07-09 06:56:26,1.9,150.93021866592508,7.11,1.1959322309331157,Acıpayam (Denizli)
632930,2024-07-09 07:14:09,2.4,331.7329411335248,7.0,1.287635276618212,Beypazarı (Ankara)
632931,2024-07-09 07:26:17,1.1,148.1677442331641,6.96,0.8718420044202928,Tavşanlı (Kütahya)
632932,2024-07-09 08:09:11,1.2,176.35576301043702,7.0,1.1496509873674963,Balya (Balıkesir)
632933,2024-07-09 08:06:53,1.4,230.3175068547329,7.0,1.1816334235745747,Ezine (Çanakkale)
632934,2024-07-09 08:17:07,1.8,110.56601321006687,7.0,1.9514052719736998,Soma (Manisa)
632935,2024-07-09 08:18:34,1.4,171.40563688540925,7.0,1.0348860268696742,Balya (Balıkesir)
632936,2024-07-09 09:11:51,4.4,197.72441232591476,67.0,40.60757727717839,Marmaris (Muğla)
632938,2024-07-09 09:19:44,1.6,155.54969619587425,7.11,1.2140451889611956,Orhaneli (Bursa)
632939,2024-07-09 09:22:20,1.9,219.22984268213202,6.75,0.9853113110897548,Akdeniz - [25.00 km] Ortaca (Muğla)
632940,2024-07-09 09:39:22,2.9,439.15116048138447,15.74,1.081615183431609,Akdeniz - [216.77 km] Datça (Muğla)
632941,2024-07-09 09:32:51,1.7,164.43505749533952,7.0,1.4105962936485856,Milas (Muğla)
632943,2024-07-09 10:07:02,1.3,233.05784957938144,6.53,0.564152439941144,Odunpazarı (Eskişehir)
632944,2024-07-09 10:00:18,1.5,151.1798313081768,7.0,1.219093866481961,Tavşanlı (Kütahya)
632947,2024-07-09 10:26:10,1.8,119.1929894371128,7.0,0.9004479625442946,Bigadiç (Balıkesir)
632954,2024-07-09 11:09:36,1.9,229.17341764250978,7.0,0.8492950010903499,Ezine (Çanakkale)
632958,2024-07-09 12:14:01,1.7,85.23290885083395,7.0,1.6943206388980314,Bayındır (İzmir)
632960,2024-07-09 12:28:00,0.9,257.4250100804815,4.98,1.1378817805698005,Sultandağı (Afyonkarahisar)
632961,2024-07-09 12:31:02,1.1,37.68373214601001,7.0,6.869380257152626,Sarıgöl (Manisa)
632962,2024-07-09 12:39:16,1.7,231.38625492895773,7.0,0.8326733542042138,Emirdağ (Afyonkarahisar)
632977,2024-07-09 18:38:55,2.5,376.5226902147638,7.0,1.226154470132895,Merkez (Bolu)
632981,2024-07-09 19:11:01,2.3,205.06438299636275,55.04,0.8766674615058337,Akdeniz - [03.77 km] Marmaris (Muğla)
633000,2024-07-10 00:57:07,2.8,166.4186711602534,5.12,2.059998120622676,Ege Denizi - Gökova Körfezi - [04.95 km] Menteşe (Muğla)
633004,2024-07-10 02:31:56,1.9,262.5440793789986,7.01,0.9801765202741877,Marmara Denizi - [17.62 km] Marmaraereğlisi (Tekirdağ)
633007,2024-07-10 03:07:23,2.0,251.66426085453966,21.02,0.901065492948103,Akdeniz - [48.91 km] Fethiye (Muğla)
633010,2024-07-10 06:44:20,1.8,158.68313525930944,15.0,1.3124331803583886,Ula (Muğla)
633015,2024-07-10 10:35:07,1.5,116.45881599978574,7.0,1.066246468463139,Dursunbey (Balıkesir)
633016,2024-07-10 11:26:27,1.2,249.7962014236895,7.0,1.450435004976449,Ege Denizi - [04.15 km] Ezine (Çanakkale)
633018,2024-07-10 13:10:54,1.4,76.83091009141226,6.97,2.252248307569643,Akhisar (Manisa)
633019,2024-07-10 13:21:08,2.1,268.3585655907958,29.63,0.9941906967422582,Ege Denizi - [63.86 km] Datça (Muğla)
633025,2024-07-10 15:28:23,1.7,123.40156983930675,7.03,1.2884283261160663,Menderes (İzmir)
633032,2024-07-10 19:16:55,3.5,155.66654267640848,7.11,58.613829237240225,Ege Denizi - İzmir Körfezi - [11.61 km] Urla (İzmir)
633033,2024-07-10 19:08:45,1.2,328.1973857009032,6.96,1.02145448639385,Gölyaka (Düzce)
633034,2024-07-10 19:20:06,1.5,156.81365490340397,8.66,1.2506179068854262,Ege Denizi - İzmir Körfezi - [11.74 km] Karaburun (İzmir)
633035,2024-07-10 19:35:30,2.2,155.62206323721372,7.05,1.8603687625533585,Ege Denizi - İzmir Körfezi - [12.19 km] Urla (İzmir)
633036,2024-07-10 19:44:32,1.4,84.591844529104,7.0,1.4084590487317643,Bayındır (İzmir)
633037,2024-07-10 20:34:36,1.3,159.20777247217222,7.0,1.0771958730789328,Ege Denizi - Kuşadası Körfezi - [24.83 km] Menderes (İzmir)
633039,2024-07-10 21:08:47,1.4,156.4257031800353,7.01,1.1659627394004073,Ege Denizi - İzmir Körfezi - [11.48 km] Urla (İzmir)
633046,2024-07-10 21:35:29,1.6,156.2115699064435,7.0,1.4621504996371912,Ege Denizi - İzmir Körfezi - [11.51 km] Urla (İzmir)
633047,2024-07-10 21:36:39,1.2,156.96307011529066,7.34,0.8052184770688113,Ege Denizi - İzmir Körfezi - [12.15 km] Urla (İzmir)
633048,2024-07-10 23:16:37,1.5,229.64416528669685,8.55,1.0024711245670543,Ege Denizi - [27.03 km] Çeşme (İzmir)
633049,2024-07-10 23:25:03,1.2,236.88428340525297,7.0,0.9191226404506923,Akdeniz - [42.49 km] Ortaca (Muğla)
633054,2024-07-11 00:08:19,1.2,243.69155427600938,7.12,1.0660298060103242,Marmara Denizi - [01.81 km] Marmara (Balıkesir)
633055,2024-07-11 03:24:42,4.4,175.0343441465271,6.99,285.7034925400179,Merkez (Afyonkarahisar)
633056,2024-07-11 02:44:39,1.7,80.05596766411507,10.97,9.124515934539176,Pamukkale (Denizli)
633057,2024-07-11 03:30:42,3.5,175.33914566253338,6.99,49.17238592648136,Merkez (Afyonkarahisar)
633058,2024-07-11 03:27:43,2.8,173.1308375597143,6.99,10.46903373991686,Merkez (Afyonkarahisar)
633064,2024-07-11 04:22:30,1.2,177.2553837602171,6.97,0.9942807691917156,Merkez (Afyonkarahisar)
633066,2024-07-11 04:56:55,2.4,173.22817373860792,10.61,6.414578969232322,Merkez (Afyonkarahisar)
633069,2024-07-11 05:00:42,1.3,175.18310142451048,6.99,0.9211052050696031,Merkez (Afyonkarahisar)
633070,2024-07-11 05:40:52,2.3,174.75678512904227,7.03,8.050095854765479,Merkez (Afyonkarahisar)
633071,2024-07-11 05:55:06,1.8,163.2435720222864,7.0,0.9716800844402691,Merkez (Afyonkarahisar)
633072,2024-07-11 05:55:55,1.2,180.24803667035084,7.0,1.1450482322702735,Merkez (Afyonkarahisar)
633073,2024-07-11 05:56:38,1.0,185.25370020161498,7.0,0.8948093448727209,Merkez (Afyonkarahisar)
633074,2024-07-11 06:23:48,1.5,176.9058493082396,7.0,1.0471433088384905,Merkez (Afyonkarahisar)
633075,2024-07-11 06:24:19,1.2,181.05436773869093,7.0,1.038185419194433,Burhaniye (Balıkesir)
633076,2024-07-11 06:45:50,1.3,178.57293707866492,7.0,1.1394042798212938,Merkez (Afyonkarahisar)
633077,2024-07-11 06:54:38,2.6,176.29223837291764,7.0,2.6444034941805175,Merkez (Afyonkarahisar)
633079,2024-07-11 08:14:18,1.7,83.47997950254259,9.99,2.8915603590439405,Pamukkale (Denizli)
633080,2024-07-11 09:24:33,1.1,403.12405299560623,7.0,0.8433508786304478,Karatay (Konya)
633081,2024-07-11 09:41:39,1.2,473.1699755137064,7.11,0.7424966665245563,Merkez (Kırşehir)
633082,2024-07-11 09:37:34,1.6,155.1031970242335,8.36,0.7293588535728608,Orhaneli (Bursa)
633083,2024-07-11 09:47:56,1.7,163.1954783519216,7.01,1.0200930566535764,Mustafakemalpaşa (Bursa)
633084,2024-07-11 09:55:29,1.4,150.4005952778113,7.0,2.539179236625439,Tavşanlı (Kütahya)
633085,2024-07-11 09:57:52,1.1,152.43190217833504,7.0,0.9673848019929996,Tavşanlı (Kütahya)
633086,2024-07-11 11:03:41,1.4,174.00362632910705,7.02,0.7762909317686982,Urla (İzmir)
633089,2024-07-11 12:05:00,1.1,174.53147284412734,7.0,0.8786185319545798,Merkez (Afyonkarahisar)
633090,2024-07-11 12:09:11,1.1,176.2114181472266,7.0,1.5186314601182127,Merkez (Afyonkarahisar)
633096,2024-07-11 14:51:30,1.1,177.86921567488383,6.97,1.415948994727048,Merkez (Afyonkarahisar)
633100,2024-07-11 15:24:03,3.3,198.74454809024326,58.69,1.6461086425104519,Akdeniz - [07.16 km] Marmaris (Muğla)
633110,2024-07-11 17:12:17,1.0,79.43204536410646,9.62,1.306763581604548,Pamukkale (Denizli)
633111,2024-07-11 17:57:09,0.9,102.30276312313994,6.59,1.0271021585564706,Hisarcık (Kütahya)
633115,2024-07-11 18:21:26,1.0,86.8345732644697,10.71,1.3184270908246565,Pamukkale (Denizli)
633117,2024-07-11 18:48:35,1.3,177.8085552781736,9.27,1.0767338966272748,Merkez (Afyonkarahisar)
633123,2024-07-11 19:13:19,1.6,223.37364338867803,7.01,0.9534720513900089,Ege Denizi - [12.50 km] Ayvacık (Çanakkale)
633124,2024-07-11 19:06:24,1.0,176.59477101218076,10.98,0.9334492443325498,Merkez (Afyonkarahisar)
633128,2024-07-11 19:51:10,1.7,107.39361595009504,4.38,3.7285423884192213,Akhisar (Manisa)
633129,2024-07-11 19:36:44,1.2,173.28593212594103,7.09,0.6666769061780584,Merkez (Afyonkarahisar)
633131,2024-07-11 23:05:54,1.3,171.10425182202778,7.05,1.3424748916184828,Merkez (Afyonkarahisar)
633134,2024-07-11 22:50:02,2.4,212.70925915343898,7.0,7.17616925802417,Marmara Denizi - [05.91 km] Mudanya (Bursa)
633135,2024-07-11 22:43:17,1.0,481.8826610169869,6.56,1.0115001419110592,Akpınar (Kırşehir)
633144,2024-07-12 00:05:51,1.9,189.0485577062649,6.98,1.3788965043096035,Ege Denizi - Gökova Körfezi - [11.49 km] Bodrum (Muğla)
633145,2024-07-12 00:03:30,0.8,183.59280218585425,7.0,0.9878943048205504,Ege Denizi - Gökova Körfezi - [07.02 km] Milas (Muğla)
633152,2024-07-12 00:51:41,1.2,137.947924833934,6.27,1.2519157547409134,Milas (Muğla)
633157,2024-07-11 21:09:20,1.5,377.5916787090726,7.18,0.7918669820631289,Akdeniz - [79.27 km] Alanya (Antalya)
633160,2024-07-12 01:19:17,1.3,186.21988659632146,9.76,1.2072143263830517,Karacabey (Bursa)
633161,2024-07-12 01:21:12,1.1,136.5957615640011,7.0,1.1019017296524254,Ege Denizi - Kuşadası Körfezi - [04.45 km] Menderes (İzmir)
633162,2024-07-12 01:47:02,1.1,72.24330938206528,7.01,2.691172780575119,Gördes (Manisa)
633166,2024-07-12 02:26:41,1.0,234.066725051506,6.71,6.8893528290893045,Akdeniz - [39.35 km] Ortaca (Muğla)
633171,2024-07-12 02:56:12,1.3,192.58932307207817,10.17,1.0803620602176678,Senirkent (Isparta)
633177,2024-07-12 03:33:36,2.5,471.61162153083785,5.45,1.0021000153246897,Akdeniz
633178,2024-07-12 04:28:34,1.1,265.1355378989597,7.72,0.9739160908471843,Akdeniz - [54.45 km] Marmaris (Muğla)
633180,2024-07-12 04:23:14,1.2,69.22148369127997,7.0,7.045338694482155,Bayındır (İzmir)
633181,2024-07-12 04:13:05,1.0,197.55586099520724,7.0,1.0852214263644533,İnönü (Eskişehir)
633185,2024-07-12 04:53:20,1.3,183.27854916547636,7.0,0.923502356696126,Ege Denizi - Gökova Körfezi - [06.87 km] Milas (Muğla)
633191,2024-07-12 05:52:47,1.5,64.24728010778198,7.0,5.217094798378306,Ödemiş (İzmir)
633192,2024-07-12 08:00:58,1.9,447.36542375411005,7.0,0.7827426149727483,Karadeniz
633193,2024-07-12 08:05:09,1.1,363.88466696884933,7.0,0.8869854155975272,Merkez (Bolu)
633194,2024-07-12 06:48:29,1.7,112.34284391469895,7.04,1.4922711893731155,Soma (Manisa)
633195,2024-07-12 08:17:21,1.4,436.10822677831015,7.0,0.8667016510135982,Karadeniz
633196,2024-07-12 08:23:35,1.1,345.0796835758794,7.0,0.683106318876824,Karadeniz - [08.39 km] Karasu (Sakarya)
633200,2024-07-12 07:11:34,1.4,257.1688962836416,7.0,0.9879741328089983,Marmara Denizi - [04.52 km] Lapseki (Çanakkale)
633202,2024-07-12 07:30:23,1.3,151.6670876946049,6.99,1.2914903604932992,Tavşanlı (Kütahya)
633203,2024-07-12 09:01:32,1.8,111.60101929834015,7.0,1.8061207544971252,Soma (Manisa)
633205,2024-07-12 09:29:19,1.2,151.67797538525124,7.0,0.9679463448441215,Tavşanlı (Kütahya)
633208,2024-07-12 10:27:02,1.6,154.23092206085306,7.13,0.8255856551216267,Ege Denizi - İzmir Körfezi - [10.38 km] Menemen (İzmir)
633210,2024-07-12 12:40:22,1.6,186.0373951964622,7.01,1.3618662170233342,Ege Denizi - Gökova Körfezi - [09.90 km] Milas (Muğla)
633212,2024-07-12 12:54:12,1.5,247.44202104098153,7.06,1.1012135544149317,Ege Denizi - [40.65 km] Datça (Muğla)
633220,2024-07-12 15:32:12,1.2,157.55802627323058,7.0,0.9850885915917422,Menteşe (Muğla)
633230,2024-07-12 18:35:17,2.0,153.64611169507268,6.97,1.4482416832560951,Ege Denizi - Kuşadası Körfezi - [20.61 km] Kuşadası (Aydın)
633233,2024-07-12 19:19:21,1.4,157.17849141604466,9.09,0.9143545864173929,Didim (Aydın)
633235,2024-07-12 19:54:48,1.1,202.9209555965549,13.68,1.0646244479243088,Ege Denizi - Gökova Körfezi - [12.53 km] Datça (Muğla)
633237,2024-07-12 20:10:25,1.6,234.01109432806135,6.83,0.8590122138204088,Akdeniz - [29.77 km] Fethiye (Muğla)
633238,2024-07-12 20:09:17,1.6,139.62966364235268,7.01,1.8662481385493417,Bergama (İzmir)
633245,2024-07-12 22:22:59,1.8,324.5601289675821,15.33,1.0775980480386629,Ege Denizi - [101.93 km] Datça (Muğla)
633247,2024-07-12 22:57:35,1.0,118.03374803626313,6.92,0.8724954423421256,Bozkurt (Denizli)
633252,2024-07-12 23:49:25,1.6,446.3084169998745,6.97,0.9467455333080055,Orta (Çankırı)
633253,2024-07-12 23:52:59,1.0,494.01309762684224,7.0,0.9474012804318216,Korgun (Çankırı)
633254,2024-07-12 23:53:27,0.9,210.1973964379015,7.0,0.9401629819999723,Akdeniz - [20.45 km] Ortaca (Muğla)
633257,2024-07-13 00:18:13,1.2,80.40059116423024,6.88,2.8687089936479846,Pamukkale (Denizli)
633261,2024-07-13 01:14:05,1.6,160.40783518619787,7.0,1.0641646084473346,Köyceğiz (Muğla)
633262,2024-07-13 01:44:48,2.1,173.53017441958644,6.63,1.4480949609605125,Burhaniye (Balıkesir)
633264,2024-07-13 01:54:50,0.8,237.7896778931214,7.0,1.0438118162562522,Sultandağı (Afyonkarahisar)
633267,2024-07-13 02:26:43,2.0,122.65662919754857,7.0,2.7656389115336237,Karşıyaka (İzmir)
633268,2024-07-13 02:29:40,1.3,253.07156491145028,6.99,0.9521706662755927,Akdeniz - [35.66 km] Seydikemer (Muğla)
633270,2024-07-13 03:24:45,1.8,333.09670282077695,6.7,1.1396406512059243,Beypazarı (Ankara)
633273,2024-07-13 05:33:46,1.1,499.7646319397318,7.0,1.0517655318309753,Ereğli (Konya)
633274,2024-07-13 06:02:26,1.5,223.03638169916283,12.76,1.2412691036031382,Akdeniz - [21.75 km] Dalaman (Muğla)
633279,2024-07-13 08:41:30,2.2,127.93416094138972,15.33,1.381952158086457,Altıeylül (Balıkesir)
633280,2024-07-13 09:18:08,2.3,118.72433971436027,11.66,6.0018535383399465,Gediz (Kütahya)
633285,2024-07-13 13:31:16,2.4,127.59614576216913,7.2,1.9011536040614971,Soma (Manisa)
633287,2024-07-13 11:41:25,1.3,127.08894025373262,12.0,0.9696644119918508,Altıeylül (Balıkesir)
633289,2024-07-13 12:18:33,1.7,177.483003351868,7.0,0.9806864797538917,Dalaman (Muğla)
633290,2024-07-13 12:56:53,1.6,168.79414536196256,10.25,0.9240418582386947,Susurluk (Balıkesir)
633293,2024-07-13 14:52:14,2.0,188.32491767554623,11.24,1.046973352064221,Nilüfer (Bursa)
633295,2024-07-13 17:15:37,1.7,156.84502072447415,6.91,1.3984565899289074,Ege Denizi - Kuşadası Körfezi - [20.24 km] Kuşadası (Aydın)
633296,2024-07-13 17:27:03,2.1,266.8598806952441,7.13,1.0309422206749164,Akdeniz - [56.08 km] Marmaris (Muğla)
633297,2024-07-13 17:28:17,1.9,269.25259113827155,6.57,0.8590322669434317,Akdeniz - [58.85 km] Marmaris (Muğla)
633305,2024-07-13 19:07:03,2.5,235.33734271456953,10.64,1.2144967204162465,Ayvacık (Çanakkale)
633307,2024-07-13 20:33:08,2.1,245.53464179850042,14.67,1.212053053024608,Ege Denizi - [52.81 km] Çeşme (İzmir)
633312,2024-07-14 00:24:54,2.1,373.21702706756395,7.0,0.9767947065888007,Akdeniz - [159.58 km] Datça (Muğla)
633315,2024-07-13 22:02:54,1.4,214.04590835760123,6.97,1.0300850188216517,Marmara Denizi - Gemlik Körfezi - [02.88 km] Mudanya (Bursa)
633316,2024-07-13 23:58:07,1.9,197.02659690433947,6.8,1.1449097402973563,Ege Denizi - [39.66 km] Urla (İzmir)
633317,2024-07-14 04:09:11,1.6,125.14439335925523,6.3,2.5029180039928556,Soma (Manisa)
633323,2024-07-14 05:16:41,1.9,184.57698954797434,49.37,1.2155080047352407,Akdeniz - [00.20 km] Marmaris (Muğla)
633332,2024-07-14 10:55:41,1.7,98.29626444816886,7.0,1.346408921216684,Efeler (Aydın)
633334,2024-07-14 11:43:42,1.4,296.08248973602736,7.03,0.8957124665478093,Ilgın (Konya)
633335,2024-07-14 11:45:25,1.9,188.47094003276862,7.95,0.9971217100864072,Ege Denizi - [04.35 km] Karaburun (İzmir)
633336,2024-07-14 12:15:20,1.7,107.14275489545302,6.19,1.8042830030258474,Soma (Manisa)
633338,2024-07-14 13:34:41,2.4,296.6568340917641,7.03,1.108395199982787,Ilgın (Konya)
633339,2024-07-14 13:59:37,1.2,296.8881698037774,7.0,1.024494579006571,Ilgın (Konya)
633340,2024-07-14 14:36:57,1.5,298.0896146889337,7.8,0.8748979324421775,Ilgın (Konya)
633342,2024-07-14 15:56:52,3.0,176.87390619376782,12.34,1.2550808656872205,Ege Denizi - [31.15 km] Seferihisar (İzmir)
633343,2024-07-14 15:36:21,2.7,128.0139141223911,6.99,2.2446868746689796,Altıeylül (Balıkesir)
633344,2024-07-14 16:18:46,1.5,230.5499140824877,7.82,0.8597086679044059,Emirdağ (Afyonkarahisar)
633345,2024-07-14 19:08:38,3.2,298.4215464242409,7.04,2.363615125970256,Ilgın (Konya)
633346,2024-07-14 19:22:55,2.8,296.52396441397633,7.02,1.285796716354152,Ilgın (Konya)
633349,2024-07-14 19:37:40,1.8,464.93951763493095,12.25,1.0780473022794754,Ayrancı (Karaman)
633351,2024-07-14 19:56:12,1.2,296.84550436514724,6.96,1.1246306247949427,Ilgın (Konya)
633352,2024-07-14 20:33:28,1.8,157.25204255665372,7.09,0.9177377721299762,Ege Denizi - Kuşadası Körfezi - [12.85 km] Söke (Aydın)
633356,2024-07-14 22:21:29,1.5,240.08940537463872,6.9,1.0551557519952455,Döşemealtı (Antalya)
633358,2024-07-14 22:55:00,1.3,146.090940326403,8.16,1.2448657980463014,Karesi (Balıkesir)
633361,2024-07-14 23:16:51,1.7,390.0078841686241,5.15,1.083380570385411,Akdeniz - [80.78 km] Gazipaşa (Antalya)
633365,2024-07-15 03:00:14,1.2,295.94778835998943,35.12,0.9722145364506438,Akdeniz - [25.23 km] Kaş (Antalya)
633366,2024-07-15 02:28:03,1.2,375.56256119341685,6.7,0.9503733721905634,Merkez (Bolu)
633369,2024-07-15 00:25:12,1.4,156.37040514871583,7.41,1.0128570902103526,Ege Denizi - İzmir Körfezi - [11.92 km] Karaburun (İzmir)
633370,2024-07-15 00:20:03,1.0,165.0478810033072,7.22,1.0547799593395144,Ege Denizi - [26.25 km] Seferihisar (İzmir)
633376,2024-07-15 07:06:47,1.5,301.0778006444159,5.64,0.8212784801675627,Ege Denizi - [12.50 km] Gökçeada (Çanakkale)
633377,2024-07-15 07:27:59,1.4,134.44995533839563,4.19,1.0852709041574313,Ege Denizi - Kuşadası Körfezi - [06.10 km] Menderes (İzmir)
633378,2024-07-15 07:02:45,1.2,495.10922018229155,8.2,0.7328403835933768,Delice (Kırıkkale)
633381,2024-07-15 07:39:04,1.5,284.59219899103266,7.0,0.8133585936276017,Akdeniz - [29.47 km] Kaş (Antalya)
633382,2024-07-15 08:31:36,2.2,111.2305889921192,4.22,9.786402857671359,Soma (Manisa)
633386,2024-07-15 09:18:12,1.2,112.6982130200407,4.83,0.9538872836360237,Kemalpaşa (İzmir)
633387,2024-07-15 09:05:20,1.0,198.49541439024995,7.19,1.1804281841831294,İnönü (Eskişehir)
633391,2024-07-15 10:12:43,1.1,181.072052302242,7.03,0.8431009741907096,Merkez (Kütahya)
633392,2024-07-15 10:01:41,1.2,356.6443355882138,7.0,1.605672840077021,Merkez (Düzce)
633393,2024-07-15 10:54:54,2.2,153.66138077378318,9.95,2.3361412280746032,Ege Denizi - İzmir Körfezi - [09.52 km] Urla (İzmir)
633396,2024-07-15 11:21:02,1.0,450.9917579042199,7.0,1.4630494880550853,Keskin (Kırıkkale)
633397,2024-07-15 11:24:16,2.0,333.37266697290005,6.45,1.3408405401425028,Ege Denizi - [110.27 km] Datça (Muğla)
633399,2024-07-15 11:37:59,1.3,116.33210630916008,7.0,0.8020120235090705,Emet (Kütahya)
633403,2024-07-15 13:17:00,1.1,59.234870520584636,6.98,0.198507075837801,Güney (Denizli)
633404,2024-07-15 14:26:15,2.0,188.4829071368272,11.94,1.7596041259783382,Ege Denizi - [21.31 km] Didim (Aydın)
633407,2024-07-15 15:40:59,2.2,364.6658663978736,7.0,0.7915613146024142,Cihanbeyli (Konya)
633408,2024-07-15 15:23:16,3.9,424.4574796166846,10.15,0.91980789920194,Ege Denizi
633420,2024-07-15 21:01:40,1.4,129.99757264026164,11.51,1.0182889618906619,Altıeylül (Balıkesir)
633427,2024-07-15 23:27:58,1.6,128.1253051500371,7.05,1.1642903899144417,Altıeylül (Balıkesir)
633435,2024-07-16 03:41:20,1.3,149.63936765985753,7.0,0.992644893245172,Ege Denizi - Kuşadası Körfezi - [13.82 km] Kuşadası (Aydın)
633436,2024-07-16 03:40:03,1.4,129.76697129624247,12.73,1.2536636427418308,Altıeylül (Balıkesir)
633440,2024-07-16 01:03:19,1.6,156.2076033112072,7.0,0.8404567109119713,Acıpayam (Denizli)
633441,2024-07-16 01:17:10,1.5,149.7280087230458,10.21,1.0107183646168847,Ege Denizi - Çandarlı Körfezi - [08.31 km] Dikili (İzmir)
633442,2024-07-16 04:37:50,2.6,200.25330970539994,7.0,1.591511275778038,Fethiye (Muğla)
633443,2024-07-16 04:41:37,1.5,198.76793100927458,7.0,1.3234464666684893,Fethiye (Muğla)
633446,2024-07-16 05:54:03,2.7,270.89616441119136,11.46,1.389618188666489,Marmara Denizi - [07.26 km] Süleymanpaşa (Tekirdağ)
633451,2024-07-16 08:46:35,0.8,297.45747368667884,7.0,0.7048132769447091,Ilgın (Konya)
633453,2024-07-16 09:05:23,0.9,49.92290355037937,7.0,3.210626034324645,Ulubey (Uşak)
633455,2024-07-16 09:38:37,0.9,296.54441626125447,7.0,0.8352325484378677,Ilgın (Konya)
633456,2024-07-16 09:44:07,1.1,148.9749584433167,7.0,1.0248251558039687,Tavşanlı (Kütahya)
633458,2024-07-16 09:46:54,1.6,148.91736059220673,7.0,1.1014093688874298,Tavşanlı (Kütahya)
633460,2024-07-16 10:28:07,1.5,197.79320881498808,7.05,1.1671125442197845,Merkez (Afyonkarahisar)
633461,2024-07-16 11:33:14,1.5,427.3352556480548,7.0,1.0043402173271903,Kızılcahamam (Ankara)
633462,2024-07-16 11:43:12,1.5,96.12048087919143,7.55,0.44382040252216115,Kemalpaşa (İzmir)
633465,2024-07-16 12:11:54,1.1,159.46528747643347,7.0,1.0835052081777596,Acıpayam (Denizli)
633471,2024-07-16 13:27:30,1.8,283.49472939334566,7.02,1.2621151774713784,Akdeniz - [49.18 km] Kaş (Antalya)
633474,2024-07-16 13:30:28,2.1,286.6300109672249,7.07,1.0266950013051896,Akdeniz - [49.86 km] Kaş (Antalya)
633475,2024-07-16 14:02:27,1.4,149.61853054687177,13.14,1.193178480839894,Kızılören (Afyonkarahisar)
633478,2024-07-16 14:42:14,1.3,230.81042471442998,7.0,0.7988801494954201,Ezine (Çanakkale)
633479,2024-07-16 14:34:35,0.9,80.85094125571975,7.0,0.7644272796388107,Merkezefendi (Denizli)
633485,2024-07-16 18:01:11,1.5,167.66417870387082,7.07,1.0551807352772886,Ege Denizi - [27.74 km] Seferihisar (İzmir)
633490,2024-07-16 19:11:54,1.5,244.60226144025097,7.03,1.1694283747395546,Ege Denizi - [35.70 km] Datça (Muğla)
633492,2024-07-16 19:59:23,1.9,95.92609684503451,9.73,14.566181626225214,Sındırgı (Balıkesir)
633495,2024-07-16 20:39:45,1.0,150.45533485267768,6.97,0.8213338338841859,Ula (Muğla)
633496,2024-07-16 20:47:01,1.1,450.9559827963255,10.64,1.0322484129127887,Çerkeş (Çankırı)
633498,2024-07-16 21:16:06,1.6,187.6159456243976,11.7,1.2762582544038732,Nilüfer (Bursa)
633499,2024-07-16 22:06:12,1.9,75.42634167888103,6.97,9.056750409594061,Akhisar (Manisa)
633501,2024-07-16 22:45:59,1.2,157.83866272415676,6.98,0.9514589968497642,Ula (Muğla)
633502,2024-07-16 23:20:03,1.6,334.1913481066057,7.04,0.9598959654810955,Beypazarı (Ankara)
633503,2024-07-16 23:53:21,2.3,231.60462701911953,35.01,1.3579439088700598,Akdeniz - [32.74 km] Dalaman (Muğla)
633504,2024-07-16 23:47:10,2.0,359.21689406762613,25.65,1.1795271777362093,Akdeniz - [67.89 km] Kumluca (Antalya)
633505,2024-07-17 00:25:32,1.6,295.3567280246903,16.98,0.8739086913028745,Akdeniz - [90.51 km] Kaş (Antalya)
633507,2024-07-17 01:07:12,2.5,362.5138930318664,21.92,2.948266241998732,Akdeniz - [75.01 km] Alanya (Antalya)
633508,2024-07-17 01:19:06,1.7,279.77248437440363,6.77,0.974483362543939,Akdeniz - [69.47 km] Marmaris (Muğla)
633511,2024-07-17 02:09:16,1.0,127.62418465348486,7.01,0.9315313459785229,Altıeylül (Balıkesir)
633513,2024-07-17 02:54:00,1.4,199.44202149573405,7.0,0.8968388476483953,Fethiye (Muğla)
633514,2024-07-17 02:45:57,1.8,102.9510606488495,7.01,3.178843158983601,Soma (Manisa)
633517,2024-07-17 03:42:00,1.8,338.4247775294618,7.16,1.075651205134556,Akdeniz - [127.49 km] Datça (Muğla)
633518,2024-07-17 03:45:27,1.6,190.28381230728078,6.96,1.0243028374555978,Merkez (Isparta)
633520,2024-07-17 04:23:57,2.2,115.71685086010582,7.26,4.5911491026697675,Germencik (Aydın)
633521,2024-07-17 04:33:16,1.4,271.04245029647103,6.36,1.0298503510415273,Ege Denizi - [60.45 km] Marmaris (Muğla)
633525,2024-07-17 05:26:47,1.3,353.1653175892464,7.0,1.0421671669534704,Selçuklu (Konya)
633526,2024-07-17 05:19:26,1.1,355.90111007921837,7.0,1.1960443280832946,Selçuklu (Konya)
633527,2024-07-17 05:20:16,1.0,350.8428550318794,7.0,0.9250636756209357,Selçuklu (Konya)
633530,2024-07-17 05:37:42,1.2,354.08460518045285,7.0,0.5686534032604588,Selçuklu (Konya)
633531,2024-07-17 05:35:54,1.2,354.3645943758728,7.0,1.0430840829771366,Selçuklu (Konya)
633532,2024-07-17 06:09:23,2.2,317.21062722630893,9.43,0.9484716210762386,Ege Denizi - [121.62 km] Bodrum (Muğla)
633534,2024-07-17 05:57:48,1.2,118.9522901070889,6.93,1.0613332962681716,Gaziemir (İzmir)
633535,2024-07-17 06:27:45,1.1,97.49226990458709,7.0,2.0634139634365853,Çivril (Denizli)
633536,2024-07-17 06:57:31,2.7,450.40373924816436,6.13,1.1045629085102142,Akdeniz - [227.09 km] Datça (Muğla)
633537,2024-07-17 06:54:16,1.1,356.9856855001018,7.07,0.8222365125097149,Selçuklu (Konya)
633538,2024-07-17 06:48:26,1.0,356.99374711839215,6.91,0.8675201581988928,Selçuklu (Konya)
633539,2024-07-17 06:56:21,1.3,357.98224359155046,6.58,1.1134820408838342,Selçuklu (Konya)
633540,2024-07-17 07:51:20,1.5,485.99542122293343,9.83,1.1948126765600353,Silifke (Mersin)
633541,2024-07-17 08:22:42,1.0,411.9481196748865,7.0,0.9964581408743518,Lalapaşa (Edirne)
633543,2024-07-17 08:53:23,1.8,142.8300581492647,7.19,1.1951837329003636,Ege Denizi - Kuşadası Körfezi - [12.18 km] Kuşadası (Aydın)
633544,2024-07-17 08:05:08,1.9,274.96199120695087,7.23,1.1381451654358161,Akdeniz - [64.81 km] Marmaris (Muğla)
633545,2024-07-17 09:50:08,3.4,428.11601811763995,8.53,2.0295193372970335,Akdeniz - [205.11 km] Datça (Muğla)
633549,2024-07-17 10:13:52,2.7,372.1124531717435,23.53,1.6615631806635738,Ege Denizi - [152.65 km] Datça (Muğla)
633551,2024-07-17 11:30:52,1.5,229.24815170439214,11.31,1.2222994745714388,Ezine (Çanakkale)
633552,2024-07-17 12:51:10,1.5,90.66703036317578,7.0,0.5861335108109321,Kemalpaşa (İzmir)
633553,2024-07-17 11:35:50,1.1,176.74284754259517,7.0,0.9193017266254692,Merkez (Afyonkarahisar)
633555,2024-07-17 13:21:22,1.3,231.6130950673237,7.0,1.3775704634878576,Ezine (Çanakkale)
633557,2024-07-17 12:34:39,1.2,298.43822490521086,7.0,1.3431901578631433,Ilgın (Konya)
633558,2024-07-17 13:48:13,2.1,225.8377807148331,7.01,1.4945014318789878,Ege Denizi - [48.11 km] Karaburun (İzmir)
633559,2024-07-17 14:27:42,1.2,54.268125800099455,7.37,1.7177579549318933,Gördes (Manisa)
633560,2024-07-17 13:36:08,1.2,164.68103840781706,7.0,1.3825996034568773,Ege Denizi - İzmir Körfezi - [04.38 km] Karaburun (İzmir)
633563,2024-07-17 14:58:39,1.5,114.05562480276285,7.0,1.1214686322192828,Emet (Kütahya)
633565,2024-07-17 15:08:49,0.8,414.4121199414192,5.16,1.562650129704898,Mamak (Ankara)
633566,2024-07-17 15:57:59,1.4,140.30018234355867,7.0,1.5640174572322587,Ege Denizi - Çandarlı Körfezi - [03.66 km] Aliağa (İzmir)
633572,2024-07-17 16:47:41,2.3,331.7054755174711,7.0,0.8597800697373192,Beypazarı (Ankara)
633579,2024-07-17 17:55:52,2.8,446.6388824833676,6.1,0.9402477006142373,"Khalkidiki, Kentriki Makedonia (Yunanistan) - [151.20 km] Gökçeada (Çanakkale)"
633580,2024-07-17 17:52:22,1.2,63.69408827931896,6.96,1.6570884575220937,Turgutlu (Manisa)
633581,2024-07-17 18:04:16,2.2,127.84815514221195,6.96,2.2305156789617038,Altıeylül (Balıkesir)
633582,2024-07-17 18:48:27,2.3,157.61757836057262,7.0,1.6033082395824754,Orhaneli (Bursa)
633584,2024-07-17 19:54:46,2.3,410.2453385470004,6.35,1.0210668657001913,Akdeniz - [187.76 km] Datça (Muğla)
633585,2024-07-17 20:07:34,2.7,237.45164998264772,7.0,1.6299033449474039,Ege Denizi - [63.74 km] Çeşme (İzmir)
633586,2024-07-17 20:13:36,2.2,353.81526384189334,18.18,1.1693452785300877,Yığılca (Düzce)
633587,2024-07-17 19:28:54,2.2,429.6599144273951,7.0,0.8944557319619516,Ege Denizi
633588,2024-07-17 20:15:57,2.3,405.8637674055382,5.78,1.0866333818724108,Akdeniz - [183.16 km] Datça (Muğla)
633591,2024-07-17 21:18:13,1.2,170.69376129275878,13.57,1.0858833557465706,Balya (Balıkesir)
633592,2024-07-17 21:28:56,1.1,444.38940916165234,5.74,0.673750118426551,Çerkeş (Çankırı)
633600,2024-07-17 22:07:23,0.8,112.74899803465667,6.78,1.1239178546332247,Dursunbey (Balıkesir)
633605,2024-07-17 22:43:04,1.2,66.89447195591742,7.35,1.1527233225463762,Sarayköy (Denizli)
633606,2024-07-17 23:07:49,1.7,391.0007835756907,7.0,1.0327450361477715,Ege Denizi
633607,2024-07-17 23:07:51,0.8,251.37046025083254,7.0,0.950284860473208,Sultandağı (Afyonkarahisar)
633614,2024-07-18 00:41:56,1.0,326.3382841462341,7.0,1.0738978144587936,Seydişehir (Konya)
633619,2024-07-18 01:07:38,1.3,140.07107485160014,6.31,0.9829392583932252,Ege Denizi - Kuşadası Körfezi - [11.43 km] Menderes (İzmir)
633624,2024-07-18 02:44:34,2.3,224.82134633182847,11.13,0.9844200652432231,Ege Denizi - [45.59 km] Karaburun (İzmir)
633628,2024-07-18 03:19:37,2.8,423.65946514798907,7.45,1.1266126916774681,Ege Denizi
633630,2024-07-18 03:49:26,2.7,384.92114935975934,8.72,1.0365166241750343,Akdeniz - [164.86 km] Datça (Muğla)
633632,2024-07-18 04:12:04,2.6,172.99878919796785,11.65,1.374205432856455,Ege Denizi - İzmir Körfezi - [08.56 km] Karaburun (İzmir)
633634,2024-07-18 04:38:30,1.0,189.28241756815254,6.99,0.915688391445263,Ege Denizi - Gökova Körfezi - [09.47 km] Bodrum (Muğla)
633635,2024-07-18 04:30:43,1.9,156.55423684069257,9.55,1.1522888447361774,Ege Denizi - İzmir Körfezi - [12.16 km] Urla (İzmir)
633636,2024-07-18 04:33:28,1.4,156.88252800761092,9.73,1.0808385273823855,Ege Denizi - İzmir Körfezi - [11.35 km] Urla (İzmir)
633638,2024-07-18 04:56:34,1.1,283.7022950988265,6.96,0.9445101508391566,Beyşehir (Konya)
633639,2024-07-18 05:31:22,1.6,221.41046021968873,6.93,1.039674225235391,"Ege Denizi, Sakız Adası (Hiyos) - [30.00 km] Çeşme (İzmir)"
633640,2024-07-18 06:27:57,1.2,182.67014009065667,12.2,0.7429953356846601,Ege Denizi - [36.28 km] Söke (Aydın)
633641,2024-07-18 06:31:57,1.8,238.6775706599986,6.86,2.161205042246516,Biga (Çanakkale)
633642,2024-07-18 06:38:47,1.8,240.1585592875232,6.54,1.0198735836096833,Biga (Çanakkale)
633644,2024-07-18 07:01:39,1.8,107.83972532655065,6.87,2.233672884547624,Soma (Manisa)
633646,2024-07-18 09:05:37,1.6,81.36177162021384,8.49,2.9305980285728515,Sındırgı (Balıkesir)
633649,2024-07-18 09:52:44,2.0,111.51396826674373,12.96,1.94023561432856,Soma (Manisa)
633650,2024-07-18 09:24:40,1.2,390.15574349862294,6.97,1.0293647739646477,Karatay (Konya)
633651,2024-07-18 10:13:44,1.4,144.07544873544379,6.1,0.9584638872562478,Ege Denizi - Kuşadası Körfezi - [08.23 km] Kuşadası (Aydın)
633652,2024-07-18 11:03:06,3.0,145.56368762029828,9.21,16.064607690563154,Menemen (İzmir)
633654,2024-07-18 14:16:09,1.4,291.6122669222937,6.97,0.8483554716836113,Yunak (Konya)
633655,2024-07-18 15:41:52,3.1,211.83480256212343,13.41,1.610542652374873,Çan (Çanakkale)
633657,2024-07-18 16:00:16,1.4,171.01898938183538,7.0,0.6900046254845682,Ege Denizi - [10.05 km] Dikili (İzmir)
633660,2024-07-18 17:29:19,3.0,191.9366940382454,7.01,2.871433603129791,Nilüfer (Bursa)
633663,2024-07-18 17:06:35,2.0,187.3348760171841,9.15,0.7703485871720523,Ege Denizi - Gökova Körfezi - [10.66 km] Milas (Muğla)
633665,2024-07-18 18:11:48,2.7,211.01654510477803,7.04,1.3566876279081848,Korkuteli (Antalya)
633666,2024-07-18 19:01:54,2.3,191.51064708000862,7.03,1.0956074091107995,Nilüfer (Bursa)
633668,2024-07-18 18:49:13,2.7,316.33136031587424,17.08,1.0970186562872652,Ege Denizi
633669,2024-07-18 18:47:31,1.6,229.10774393813577,7.29,0.9077408453101603,Akdeniz - [13.27 km] Fethiye (Muğla)
633673,2024-07-18 20:57:07,1.5,243.2282304314477,7.94,0.874537354568457,Akdeniz - [40.88 km] Fethiye (Muğla)
633674,2024-07-18 20:39:39,1.7,234.21750515783592,7.44,0.8546251580889794,Ege Denizi - [24.37 km] Marmaris (Muğla)
633676,2024-07-18 20:38:27,1.4,186.4108723040984,6.96,1.098001422967191,Ege Denizi - Gökova Körfezi - [09.11 km] Bodrum (Muğla)
633678,2024-07-18 21:13:17,1.7,146.56066165429473,11.4,1.0956416321857783,Ege Denizi - İzmir Körfezi - [03.57 km] Menemen (İzmir)
633679,2024-07-18 21:27:59,1.8,176.4393883792079,7.0,1.0474596018433715,Merkez (Afyonkarahisar)
633683,2024-07-18 23:12:34,1.3,189.91569024343113,8.12,0.9481880782377866,Marmaris (Muğla)
633684,2024-07-18 23:14:32,0.8,76.40625966319972,7.0,1.2419771977011966,Sultanhisar (Aydın)
633692,2024-07-19 01:37:48,1.5,112.49784374609763,6.92,1.4001362266448842,Gediz (Kütahya)
633695,2024-07-19 04:22:35,1.6,160.53666653256911,7.13,0.7965791719639683,"Ege Denizi, Sisam Adası (Samos) - [21.13 km] Kuşadası (Aydın)"
633697,2024-07-19 07:12:27,1.2,160.63419114723058,7.0,0.6383383735876669,Ula (Muğla)
633703,2024-07-19 09:22:15,1.0,51.413454915542644,7.0,2.999940643608394,Ulubey (Uşak)
633708,2024-07-19 10:34:03,2.1,330.5376655437904,7.0,1.079645079914136,Beypazarı (Ankara)
633709,2024-07-19 11:48:09,2.1,104.95768803655011,6.83,1.626100631787138,Soma (Manisa)
633710,2024-07-19 11:51:57,1.9,438.585213522693,7.18,1.6013182537104202,Çelebi (Kırıkkale)
633712,2024-07-19 13:01:46,3.1,409.3587784700313,7.15,1.0274607304677732,Ege Denizi
633713,2024-07-19 14:42:00,2.9,418.7501530402483,9.58,0.9456242992047084,Ege Denizi
633714,2024-07-19 16:06:38,2.4,158.459885783466,7.0,1.8750692421236852,Ege Denizi - İzmir Körfezi - [10.47 km] Karaburun (İzmir)
633715,2024-07-19 16:09:31,1.4,157.1482501498045,8.32,1.0680370966258779,Ege Denizi - İzmir Körfezi - [11.70 km] Karaburun (İzmir)
633718,2024-07-19 18:56:14,2.0,238.31799340544953,7.0,0.7249839312452789,Ege Denizi - [44.17 km] Çeşme (İzmir)
633719,2024-07-19 19:26:18,4.1,258.91616224333507,3.66,8.784880513705502,Marmara Denizi - [10.87 km] Marmara (Balıkesir)
633724,2024-07-19 23:02:20,1.7,162.12311396896376,7.0,1.0043670546492598,Ula (Muğla)
633727,2024-07-20 00:36:29,2.0,188.80913913092513,7.0,1.57459618760013,Nilüfer (Bursa)
633728,2024-07-20 00:08:36,1.7,216.83777634248406,65.51,0.8981114340253922,Ege Denizi - [15.76 km] Datça (Muğla)
633729,2024-07-20 00:10:09,1.5,104.60745725901283,7.0,0.890281554485346,Soma (Manisa)
633734,2024-07-20 04:04:59,1.1,133.0280935192747,7.0,1.572141670853166,Altıntaş (Kütahya)
633735,2024-07-20 02:10:08,1.4,120.4001284729738,7.0,0.6418815014731711,Dursunbey (Balıkesir)
633739,2024-07-20 06:44:26,1.1,360.6594448581667,5.0,0.7769884272584395,Selçuklu (Konya)
633741,2024-07-20 07:11:56,1.2,156.64272492774646,6.94,1.0607721306615026,Ula (Muğla)
633742,2024-07-20 07:15:40,1.6,121.60395944919978,7.01,6.260701852558939,Dursunbey (Balıkesir)
633745,2024-07-20 08:41:57,1.8,157.35928871860497,7.0,0.947050250647283,Ege Denizi - Kuşadası Körfezi - [21.32 km] Menderes (İzmir)
633747,2024-07-20 11:16:38,1.5,241.54100911170002,11.27,0.9551904615965617,Akdeniz - [46.01 km] Ortaca (Muğla)
633748,2024-07-20 11:41:04,1.2,230.9326451394261,6.07,1.0584867198835854,Emirdağ (Afyonkarahisar)
633749,2024-07-20 11:47:46,1.5,154.54572418033797,6.99,1.4998466746217247,Milas (Muğla)
633751,2024-07-20 12:36:42,1.4,420.73641491608373,7.0,0.8725526649235094,Çubuk (Ankara)
633752,2024-07-20 12:59:43,1.6,329.7515960622992,5.2,1.3501221446458083,Gölyaka (Düzce)
633757,2024-07-20 16:19:50,1.7,132.67596304310416,7.28,0.7720400613241291,Ege Denizi - Kuşadası Körfezi - [05.78 km] Menderes (İzmir)
633760,2024-07-20 17:06:37,1.7,152.45038023099974,7.44,0.9456412403607952,Ege Denizi - Kuşadası Körfezi - [19.36 km] Menderes (İzmir)
633761,2024-07-20 17:13:43,1.1,110.16087205775668,7.0,0.9125561813059077,Honaz (Denizli)
633765,2024-07-20 18:46:57,1.9,128.50607056673937,6.99,1.9882208073802763,Dursunbey (Balıkesir)
633769,2024-07-20 20:18:35,1.9,129.5634597223619,6.98,1.7245333894779276,Dursunbey (Balıkesir)
633770,2024-07-20 20:05:22,1.4,130.20965782290193,7.0,1.3817693743690733,Dursunbey (Balıkesir)
633781,2024-07-20 23:02:54,1.3,126.03115740652895,7.02,1.0415151015003874,Bigadiç (Balıkesir)
633782,2024-07-20 23:11:00,1.7,242.54598249010633,6.99,1.1509231659320092,Biga (Çanakkale)
633790,2024-07-21 00:36:54,1.1,130.328427451518,11.17,0.9731151020857846,Altıeylül (Balıkesir)
633799,2024-07-21 03:07:17,1.4,128.49374073587998,7.01,1.0299512707716163,Altıntaş (Kütahya)
633808,2024-07-21 04:57:41,1.3,117.46906913254044,7.0,1.220691160115326,Tavas (Denizli)
633812,2024-07-21 06:27:33,1.4,97.52187151605325,7.02,4.735748647482075,Sındırgı (Balıkesir)
633814,2024-07-21 06:55:41,1.2,105.85379331725244,7.01,3.8059813449160886,Kırkağaç (Manisa)
633816,2024-07-21 08:00:19,2.6,388.4057873600512,7.31,2.3350894507047024,Ege Denizi
633820,2024-07-21 09:01:02,1.8,334.6223305338177,6.82,1.1035388728334974,Beypazarı (Ankara)
633823,2024-07-21 10:11:01,0.9,248.7974346110885,11.58,1.0519439626236058,Sultandağı (Afyonkarahisar)
633826,2024-07-21 11:23:54,2.1,375.3245848052669,6.59,1.3869987167713176,Ege Denizi - [152.67 km] Datça (Muğla)
633828,2024-07-21 11:35:14,0.9,261.35702551944166,7.6,0.9494293044300035,Tuzlukçu (Konya)
633829,2024-07-21 12:55:35,1.4,142.09172711729332,7.68,0.8227086790877666,Ege Denizi - Kuşadası Körfezi - [12.15 km] Menderes (İzmir)
633833,2024-07-21 15:44:28,2.3,159.02483937790373,7.47,1.1985718148846276,Ege Denizi - İzmir Körfezi - [10.63 km] Karaburun (İzmir)
633835,2024-07-21 16:35:27,2.4,337.50332165963323,7.04,0.8139041205965658,Çilimli (Düzce)
633840,2024-07-21 18:58:35,2.3,419.1351382681946,11.08,1.2199775291606236,Akdeniz - [66.87 km] Gazipaşa (Antalya)
633844,2024-07-21 22:18:30,1.3,156.81490142752202,7.06,1.250232095077484,Ege Denizi - Kuşadası Körfezi - [20.59 km] Menderes (İzmir)
633846,2024-07-22 00:44:16,3.4,236.82487379430268,7.75,10.019502400748973,Ayvacık (Çanakkale)
633848,2024-07-22 04:04:23,2.1,206.7590548614863,69.14,1.4474582555394844,Marmaris (Muğla)
633853,2024-07-22 05:07:57,1.9,210.4946502301031,15.11,1.7986223949560687,Ege Denizi - [04.79 km] Marmaris (Muğla)
633855,2024-07-22 05:14:49,1.5,159.92975551011213,6.96,0.02842249162487681,Ula (Muğla)
633856,2024-07-22 05:51:40,1.4,166.93912544123032,7.0,0.03540987874256373,Marmaris (Muğla)
633858,2024-07-22 07:08:18,1.4,188.63150203467765,7.0,1.0347409415088298,Ege Denizi - Gökova Körfezi - [12.52 km] Bodrum (Muğla)
633859,2024-07-22 07:17:36,1.7,187.91435701069088,7.0,0.8632108492410594,Ege Denizi - Gökova Körfezi - [10.83 km] Bodrum (Muğla)
633864,2024-07-22 08:46:19,3.3,420.11778827220195,18.11,0.7942505761802323,Ege Denizi
633868,2024-07-22 09:18:17,2.0,155.35253785430484,7.0,1.0946497667354915,Orhaneli (Bursa)
633871,2024-07-22 09:52:31,1.7,108.40812105842838,7.2,1.6909238562824693,Soma (Manisa)
633880,2024-07-22 14:19:43,1.5,123.00078800664899,7.0,2.1306935158445337,Altıntaş (Kütahya)
633882,2024-07-22 15:14:00,1.7,89.79300191044463,7.0,4.505043855063353,Pamukkale (Denizli)
633884,2024-07-22 16:07:30,1.5,374.65862817466893,7.06,0.8966909232582182,Merkez (Bolu)
633885,2024-07-22 16:26:56,1.7,123.79369597933726,7.0,0.8428635252021733,Emet (Kütahya)
633888,2024-07-22 17:36:39,1.1,232.86149347719007,7.0,0.8870981014057033,Ezine (Çanakkale)
633890,2024-07-22 18:27:34,1.8,228.4123356809532,11.22,0.8154433860499969,Ezine (Çanakkale)
633891,2024-07-22 18:39:02,1.6,230.04063553366422,10.86,1.60797101267088,Ezine (Çanakkale)
633892,2024-07-22 19:04:44,1.5,214.52769586053694,6.99,0.9065199236718341,Seydikemer (Muğla)
633894,2024-07-22 20:15:01,2.4,229.0626077363315,12.96,1.821096151588049,Ezine (Çanakkale)
633897,2024-07-22 21:00:37,1.3,229.7174967152533,9.0,0.7808324092023128,Ezine (Çanakkale)
633898,2024-07-22 21:36:35,1.7,229.0759195963395,10.3,1.1136197363105471,Ezine (Çanakkale)
633899,2024-07-22 21:51:10,1.8,408.7042276843965,12.71,0.9244924968226703,Eskil (Aksaray)
633900,2024-07-23 01:28:51,2.6,245.2955883600735,7.19,3.926907565914372,Ege Denizi - [49.33 km] Çeşme (İzmir)
633901,2024-07-23 02:12:15,1.4,238.46733200077037,7.0,1.001124127359657,Ayvacık (Çanakkale)
633904,2024-07-23 03:07:29,1.0,166.7465278066625,7.0,0.9910676698150058,Ege Denizi - [06.44 km] Dikili (İzmir)
633905,2024-07-22 22:11:29,1.6,148.1059420372262,6.63,2.033406091784296,Ege Denizi - Çandarlı Körfezi - [04.10 km] Dikili (İzmir)
633906,2024-07-22 22:02:26,1.3,231.9759646380696,6.31,0.795837968730426,Ezine (Çanakkale)
633907,2024-07-23 04:07:51,2.1,327.8718586942489,7.35,0.979335948444237,Beypazarı (Ankara)
633909,2024-07-22 22:38:34,1.7,232.0417777564152,7.0,0.5003927700932499,Ezine (Çanakkale)
633910,2024-07-22 22:34:36,1.4,229.46886749810457,7.0,1.0740757859363639,Ezine (Çanakkale)
633911,2024-07-22 22:38:24,1.3,78.21731473664586,7.0,3.115362245291983,Kemalpaşa (İzmir)
633913,2024-07-23 00:08:31,1.6,104.11907581791499,7.0,6.006786569601199,Hisarcık (Kütahya)
633918,2024-07-23 04:08:07,2.0,250.61008411360706,6.98,0.9666583445548022,Ege Denizi - [33.30 km] Datça (Muğla)
633921,2024-07-22 23:14:15,1.4,194.745553135804,51.7,2.3931544565475273,Marmaris (Muğla)
633929,2024-07-23 05:33:33,1.6,229.06487413293596,7.01,1.0956819299760958,Ezine (Çanakkale)
633931,2024-07-23 05:53:13,1.6,230.97536202991063,7.0,1.0807773334463258,Ezine (Çanakkale)
633932,2024-07-23 08:05:27,1.3,147.20046322770665,7.0,1.2025459345096194,Tavşanlı (Kütahya)
633933,2024-07-23 08:14:04,0.8,435.87803235056316,7.0,1.0955985970578574,Çelebi (Kırıkkale)
633935,2024-07-23 06:05:26,2.1,162.58399418216698,6.99,1.6127456789592425,Köyceğiz (Muğla)
633937,2024-07-23 06:52:53,1.5,107.71799204463314,7.08,2.1839026235847867,Soma (Manisa)
633939,2024-07-23 08:45:35,1.9,235.23342201503755,6.92,0.8491379615027134,Ege Denizi - [53.44 km] Karaburun (İzmir)
633945,2024-07-23 09:18:59,1.6,297.75343099944234,7.0,0.8290032368432232,Ilgın (Konya)
633947,2024-07-23 09:23:56,0.9,426.354281376228,7.0,0.9822689615375407,Bala (Ankara)
633948,2024-07-23 07:14:25,2.2,175.4086655804121,7.0,1.8311988443277893,Marmaris (Muğla)
633949,2024-07-23 07:03:37,2.3,136.20773738258436,6.74,4.3344910962751815,Ege Denizi - Kuşadası Körfezi - [05.18 km] Menderes (İzmir)
633950,2024-07-23 07:11:00,1.4,236.91611218028646,7.0,0.9980556896088438,Ayvacık (Çanakkale)
633951,2024-07-23 09:25:53,3.2,443.5523846253089,4.72,1.149483651410424,Ege Denizi
633952,2024-07-23 09:39:13,0.8,491.04779390016233,7.0,1.203242669694038,Merkez (Kırşehir)
633954,2024-07-23 09:48:00,1.3,152.1328816850981,7.0,1.0363937205426663,Tavşanlı (Kütahya)
633958,2024-07-23 07:18:49,1.3,199.53121948799534,7.0,1.0297538019746244,Korkuteli (Antalya)
633959,2024-07-23 07:55:26,1.8,242.91052200256496,7.0,0.8857321485385617,Akdeniz - [30.59 km] Fethiye (Muğla)
633961,2024-07-23 10:37:05,1.7,155.37187179496064,7.09,1.0283709664496232,Tavşanlı (Kütahya)
633962,2024-07-23 12:11:15,1.7,139.8003445337838,13.69,0.6550536881823926,Söke (Aydın)
633964,2024-07-23 12:36:56,2.3,229.90767643863384,13.84,0.8186973082502905,Ezine (Çanakkale)
633973,2024-07-23 15:34:42,2.2,392.0782630457189,7.0,1.0208980833110601,Ege Denizi
633976,2024-07-23 17:08:16,2.2,457.27618751496226,7.0,1.3607402604186383,Ege Denizi
633980,2024-07-23 17:42:01,1.8,175.92859549365548,11.28,1.5418828307627594,Merkez (Afyonkarahisar)
633981,2024-07-23 18:27:05,1.5,30.576891586821535,6.34,11.757814487197104,Salihli (Manisa)
633983,2024-07-23 18:44:24,1.2,332.1305878521099,6.27,0.929637118805818,Beypazarı (Ankara)
633988,2024-07-23 20:21:55,1.5,228.2975499933153,5.72,1.1561132025226404,Ezine (Çanakkale)
633992,2024-07-23 20:49:46,1.3,228.72571060135007,10.31,0.9714266026066418,Ezine (Çanakkale)
633995,2024-07-23 21:10:10,0.9,111.02049573811438,5.37,1.2076365274153935,Honaz (Denizli)
634004,2024-07-23 22:03:51,2.3,390.3215271616308,8.83,1.0648832682348193,Ege Denizi
634005,2024-07-23 22:06:55,1.7,391.89777855591285,6.97,1.0182639913247908,Ege Denizi
634006,2024-07-23 22:14:37,2.5,406.17591252295733,8.11,1.065036836713456,Ege Denizi
634013,2024-07-23 23:05:59,1.3,114.46373740279736,10.75,1.4947643832000481,Bozkurt (Denizli)
634015,2024-07-23 23:33:39,1.5,234.47162664895959,7.02,1.0511404417639587,Ege Denizi - [25.19 km] Datça (Muğla)
633998,2024-07-24 00:15:17,2.2,329.1503851429929,7.0,0.9934199635916244,Beypazarı (Ankara)
634003,2024-07-24 00:16:51,1.7,228.69528293870394,9.28,0.996533848999419,Ezine (Çanakkale)
634008,2024-07-24 01:02:23,1.7,331.4348778773465,7.0,0.8928996629564789,Beypazarı (Ankara)
634018,2024-07-24 01:40:52,1.0,101.04824914040891,6.97,0.8173367542862326,Çal (Denizli)
634026,2024-07-24 04:27:06,2.0,497.05699067016764,7.0,0.8673549824361251,"Drama, Anatoliki Makedonia kai Thraki (Yunanistan) - [180.54 km] Enez (Edirne)"
634033,2024-07-24 05:47:53,1.7,136.33250111652288,7.42,1.3119085844825928,Ege Denizi - Kuşadası Körfezi - [05.30 km] Menderes (İzmir)
634034,2024-07-24 07:14:09,3.3,334.4425020851313,35.8,8.918686227703258,Akdeniz - [50.62 km] Kumluca (Antalya)
634035,2024-07-24 07:23:23,1.3,283.8581861418295,10.1,1.4342588604048356,Yunak (Konya)
634036,2024-07-24 07:46:03,1.7,140.8427300280678,6.2,1.9283129378852097,Bergama (İzmir)
634039,2024-07-24 06:57:53,1.6,154.38755526553481,7.1,1.2577310770500014,Acıpayam (Denizli)
634040,2024-07-24 10:10:14,1.6,99.37724492949908,6.85,1.3352523764892288,Hisarcık (Kütahya)
634041,2024-07-24 10:44:19,1.2,27.033570122473126,7.0,2.858173127203391,Alaşehir (Manisa)
634042,2024-07-24 10:02:45,2.0,253.0930592605675,84.8,1.0434659476952235,Aksu (Antalya)
634043,2024-07-24 10:49:08,2.0,333.5999657196117,11.7,0.8455114881135637,Akdeniz - [43.12 km] Kumluca (Antalya)
634046,2024-07-24 12:27:59,2.2,333.7769461900249,6.86,0.9577000176043559,Beypazarı (Ankara)
634047,2024-07-24 12:04:27,1.4,218.95160059200157,8.8,1.1603960122874493,"Ege Denizi, Midilli Adası (Lesvos) - [13.97 km] Ayvacık (Çanakkale)"
634058,2024-07-24 18:28:13,1.7,74.75036135994524,11.3,4.953752565472961,Pamukkale (Denizli)
634059,2024-07-24 19:05:24,2.5,253.9079646212234,41.49,0.7652778673901233,Akdeniz - [58.24 km] Marmaris (Muğla)
634062,2024-07-24 19:31:14,2.0,265.5101786639581,5.04,0.9529599208626262,Ege Denizi - [68.03 km] Çeşme (İzmir)
634065,2024-07-24 21:18:50,2.1,84.0539037811007,7.0,9.781269401019463,Akhisar (Manisa)
634066,2024-07-25 02:34:24,3.4,261.7590823779514,5.58,13.146586675016861,Manavgat (Antalya)
634070,2024-07-25 03:47:32,1.6,228.5961937336824,8.28,1.167138285952007,Ezine (Çanakkale)
634071,2024-07-25 03:30:40,2.0,175.55720641808423,6.96,2.2759418182972784,Ege Denizi - [17.61 km] Dikili (İzmir)
634072,2024-07-24 22:59:15,1.4,227.35266901053046,7.0,1.189148626608275,Ezine (Çanakkale)
634073,2024-07-24 22:36:40,1.3,122.68119294127942,7.0,1.2857165111316065,Torbalı (İzmir)
634074,2024-07-24 23:00:46,1.3,253.57624417373424,7.0,1.043855079973384,Ege Denizi - [03.60 km] Ezine (Çanakkale)
634077,2024-07-25 02:48:13,1.5,228.7492237564645,7.0,1.0804832987294308,Ezine (Çanakkale)
634082,2024-07-25 01:05:17,1.3,230.95981525677794,7.0,1.0056231196946084,Ezine (Çanakkale)
634084,2024-07-25 00:02:43,1.3,273.70999889549705,8.75,2.1301502926274423,Doğanhisar (Konya)
634085,2024-07-25 01:51:55,1.3,224.18020185627697,7.0,1.1349325807151678,Gemlik (Bursa)
634086,2024-07-25 04:03:19,2.2,236.36934945497663,7.07,1.069257072182928,Ayvacık (Çanakkale)
634089,2024-07-25 06:49:56,2.5,425.9419394985079,7.0,1.1468711465741719,Kızılcahamam (Ankara)
634090,2024-07-25 06:28:30,1.6,162.67956840916932,7.0,0.9753267863735452,Köyceğiz (Muğla)
634096,2024-07-25 09:55:15,0.9,286.6551130823264,7.0,0.9890583939651454,Ilgın (Konya)
634097,2024-07-25 09:37:47,1.5,115.94045718553843,7.0,1.1571413659032939,Serinhisar (Denizli)
634098,2024-07-25 10:05:13,1.2,150.9378741897814,7.0,1.08374416669472,Tavşanlı (Kütahya)
634100,2024-07-25 10:27:11,1.9,230.00314860638824,7.0,1.0966666853131046,Ezine (Çanakkale)
634102,2024-07-25 10:32:46,1.3,123.95005522672798,10.98,1.0512139834243415,Kale (Denizli)
634105,2024-07-25 12:00:49,2.4,73.40282908051697,6.98,7.8291703373377,Akhisar (Manisa)
634108,2024-07-25 13:07:39,0.6,396.9533210862885,7.0,1.5008089383180407,Merkez (Kırklareli)
634110,2024-07-25 14:13:46,0.8,146.91246563895584,6.98,0.8983922156823639,Dikili (İzmir)
634116,2024-07-25 14:58:17,1.6,116.96428441136116,7.93,1.0351971083243285,Torbalı (İzmir)
634118,2024-07-25 15:08:55,1.1,117.28644435867251,7.0,0.9561795474482391,Emet (Kütahya)
634120,2024-07-25 15:50:31,3.5,157.13918615830954,7.01,12.862260393327897,"Ege Denizi, Sisam Adası (Samos) - [18.75 km] Kuşadası (Aydın)"
634124,2024-07-25 16:51:28,1.4,158.42326720599146,7.0,1.2761507146143023,"Ege Denizi, Sisam Adası (Samos) - [20.44 km] Kuşadası (Aydın)"
634125,2024-07-25 19:04:28,2.5,177.19608842730003,6.95,1.332601162178603,Ege Denizi - [23.30 km] Karaburun (İzmir)
634129,2024-07-25 22:05:53,2.1,161.00587626384902,11.27,3.825552681860817,Ege Denizi - [26.41 km] Kuşadası (Aydın)
634131,2024-07-25 22:42:51,1.5,86.44419486664921,7.0,8.60577874992856,Bayındır (İzmir)
634133,2024-07-25 23:59:36,3.8,256.87203501650794,39.84,54.00452649869953,Akdeniz - [49.38 km] Marmaris (Muğla)
634135,2024-07-26 00:11:21,1.3,229.02745847338363,12.85,0.9675666790872973,Ezine (Çanakkale)
634137,2024-07-26 00:57:29,2.0,328.79032982368994,7.0,0.9779071776644608,Beypazarı (Ankara)
634139,2024-07-26 03:56:47,1.6,191.98349709602235,7.09,1.9060447039596866,Nilüfer (Bursa)
634143,2024-07-26 03:26:30,1.5,110.4582491383557,6.96,1.6942702775624248,Kavaklıdere (Muğla)
634145,2024-07-26 01:57:22,2.0,201.7524625435501,7.16,1.7713720332090102,"Ege Denizi, Hurşit Adası (Furni) - [57.29 km] Söke (Aydın)"
634146,2024-07-26 04:35:57,0.9,273.36037865135495,6.94,1.0849619765463554,Doğanhisar (Konya)
634148,2024-07-26 05:31:41,1.5,155.00829418050418,7.0,1.0624883519231942,Ege Denizi - Kuşadası Körfezi - [18.23 km] Kuşadası (Aydın)
634151,2024-07-26 06:31:21,3.2,366.0331749812203,26.49,5.239680909984735,Akdeniz - [64.47 km] Alanya (Antalya)
634152,2024-07-26 07:02:15,1.9,109.28430350106719,7.0,1.7710399845576834,Soma (Manisa)
634156,2024-07-26 08:28:16,1.4,144.69585791884165,7.04,0.9218057236446773,Tavşanlı (Kütahya)
634157,2024-07-26 08:38:39,1.2,280.76425451743717,7.0,1.7359734369717963,Marmara Denizi - [00.54 km] Süleymanpaşa (Tekirdağ)
634158,2024-07-26 08:43:26,1.5,224.9277461040034,7.02,0.9926220157055207,Ayvacık (Çanakkale)
634163,2024-07-26 10:05:36,1.3,100.19504487690075,7.0,1.0468722739408807,Çivril (Denizli)
634164,2024-07-26 09:43:33,1.2,175.8903527695477,4.6,0.676988063229349,Merkez (Kütahya)
634168,2024-07-26 11:13:16,1.3,231.18528492109678,8.22,0.9969393794257402,Orhangazi (Bursa)
634171,2024-07-26 11:23:28,1.6,417.08710972872433,7.08,0.5848939420975373,Çubuk (Ankara)
634172,2024-07-26 12:08:06,0.6,221.50424994870298,7.0,1.254183441260778,Çay (Afyonkarahisar)
634180,2024-07-26 13:25:47,1.7,141.92475015204687,7.0,1.207889788082849,Ege Denizi - Kuşadası Körfezi - [12.09 km] Kuşadası (Aydın)
634182,2024-07-26 13:34:18,1.4,76.05400063962641,7.0,1.9593490571623116,Pamukkale (Denizli)
634183,2024-07-26 14:03:33,1.5,207.88828418007958,9.44,0.9353455246064053,Ege Denizi - [19.64 km] Karaburun (İzmir)
634187,2024-07-26 14:32:19,1.4,226.30978729012875,7.0,0.9347877673581101,Ayvacık (Çanakkale)
634188,2024-07-26 14:37:04,1.3,197.5631403111906,7.0,0.6573890342120644,İnönü (Eskişehir)
634191,2024-07-26 15:43:29,1.1,111.50715316348476,14.64,1.0285564470089175,Emet (Kütahya)
634192,2024-07-26 16:02:29,4.5,422.9590461464261,8.87,1.5570870348507162,Ege Denizi
634193,2024-07-26 15:49:17,1.4,230.6740220038951,10.23,0.17002194240728416,Ezine (Çanakkale)
634194,2024-07-26 16:26:34,3.8,392.401486785601,5.07,1.1584239652535744,Ege Denizi - [170.48 km] Datça (Muğla)
634195,2024-07-26 16:10:27,2.7,407.88508627976574,8.78,0.742134922396531,Ege Denizi
634199,2024-07-26 17:39:33,1.1,272.4617030669445,12.23,1.6992276752939333,Doğanhisar (Konya)
634203,2024-07-26 18:43:31,1.3,452.7618452672929,7.03,0.8841937907902436,Kalecik (Ankara)
634207,2024-07-26 20:14:29,1.4,119.0682981881241,7.0,1.1516110777805377,Menderes (İzmir)
634208,2024-07-26 21:13:36,1.4,112.10599220300004,7.0,1.0432869677722811,Kavaklıdere (Muğla)
634210,2024-07-26 22:08:32,1.7,285.6203946662499,27.39,0.9857857651842807,Akdeniz - Finike Körfezi - [04.33 km] Finike (Antalya)
634218,2024-07-27 00:58:46,1.4,444.6940822421745,7.0,1.0691475390940361,Elmadağ (Ankara)
634219,2024-07-27 02:57:51,1.6,219.68277602496192,11.05,0.9700109148802057,Ayvacık (Çanakkale)
634221,2024-07-27 04:10:37,2.9,277.60017612399446,40.51,1.470551895401141,Akdeniz - [69.96 km] Marmaris (Muğla)
634222,2024-07-27 04:37:34,2.3,198.75426030872976,59.56,0.9939296773645785,Akdeniz - [06.61 km] Marmaris (Muğla)
634223,2024-07-27 05:09:23,2.5,85.39131079945456,6.99,15.84215292358755,Sındırgı (Balıkesir)
634227,2024-07-27 06:45:19,2.3,237.9452520968174,7.11,0.8508315585732145,Ege Denizi - [44.28 km] Çeşme (İzmir)
634228,2024-07-27 07:42:45,1.4,149.3094493703267,7.05,0.974437238000476,Tavşanlı (Kütahya)
634231,2024-07-27 10:00:48,2.8,423.3741445114192,14.4,0.7065094281944002,Ege Denizi
634232,2024-07-27 10:53:08,1.8,335.66496852245245,7.04,0.9189092356255257,Beypazarı (Ankara)
634233,2024-07-27 11:08:38,0.9,50.210813439445275,7.0,5.290927937416003,Ulubey (Uşak)
634236,2024-07-27 12:18:57,1.6,89.7268700315203,9.95,1.5992835678505284,Pamukkale (Denizli)
634240,2024-07-27 13:14:19,2.5,186.68279710869464,9.81,1.3981955461979172,Gönen (Balıkesir)
634243,2024-07-27 14:20:09,2.1,359.4291725767948,6.71,1.0032751783248808,Akdeniz - [142.68 km] Datça (Muğla)
634244,2024-07-27 14:16:46,2.0,352.6373991793422,13.35,1.4571602321896722,Kaynaşlı (Düzce)
634245,2024-07-27 15:23:39,2.0,433.0864856285009,7.34,0.861328403750042,Çerkeş (Çankırı)
634249,2024-07-27 16:10:39,1.4,298.93744508550816,7.0,0.7688995296742569,Sarıyer (İstanbul)
634253,2024-07-27 18:43:52,1.7,222.01586775930744,8.72,1.1078094364879838,Odunpazarı (Eskişehir)
634255,2024-07-27 18:55:28,2.4,491.3302628223041,71.01,0.8440634092572082,Akdeniz
634257,2024-07-27 19:26:00,1.3,87.32682377255256,10.63,1.0986944613736884,Pamukkale (Denizli)
634262,2024-07-27 22:31:39,3.1,237.1528094967562,7.58,1.0517968013020382,Ayvacık (Çanakkale)
634266,2024-07-28 01:12:14,1.0,243.13434392703346,7.57,1.0840313995598905,Biga (Çanakkale)
634269,2024-07-28 03:36:46,1.4,221.50105117295269,7.0,1.024318696913431,Bayramiç (Çanakkale)
634270,2024-07-28 03:29:17,1.7,233.96576210949377,7.09,1.0659290359019522,Ayvacık (Çanakkale)
634271,2024-07-28 03:40:00,1.4,128.41240616550883,6.98,0.8477997245340763,Menderes (İzmir)
634275,2024-07-28 04:23:44,2.3,331.9763969912977,7.0,0.9858833959908014,Beypazarı (Ankara)
634276,2024-07-28 04:32:01,2.4,121.79794539479539,7.0,4.525316858481287,Dursunbey (Balıkesir)
634277,2024-07-28 04:52:39,1.5,122.29266374805772,6.99,0.7743378630469345,Dursunbey (Balıkesir)
634278,2024-07-28 05:10:03,1.1,334.9085867065311,7.08,1.1995173899763623,Merkez (Düzce)
634279,2024-07-28 05:56:42,1.1,230.73808164110244,8.2,1.3395094281223947,Akdeniz - [24.11 km] Fethiye (Muğla)
634280,2024-07-28 06:24:40,1.6,66.41801363194762,7.09,3.1063380944610017,Buharkent (Aydın)
634282,2024-07-28 06:55:26,1.7,215.3681069128555,7.02,1.364582454900847,Marmara Denizi - Gemlik Körfezi - [03.58 km] Mudanya (Bursa)
634284,2024-07-28 10:49:14,2.1,332.41117822565036,4.65,0.754057395552781,Beypazarı (Ankara)
634285,2024-07-28 11:19:32,1.7,356.1609169018839,7.0,0.7141277180912597,Yığılca (Düzce)
634286,2024-07-28 12:09:35,1.3,157.68841145671013,6.99,0.5934239839835996,Ula (Muğla)
634287,2024-07-28 09:48:42,1.2,353.5918840373881,7.1,1.0776776272758761,Selçuklu (Konya)
634289,2024-07-28 12:40:54,1.4,245.36128192295843,7.06,0.42329375857129375,Ege Denizi - [34.15 km] Marmaris (Muğla)
634290,2024-07-28 13:04:13,1.3,374.61066686645205,6.84,2.9628040891722067,Merkez (Bolu)
634293,2024-07-28 14:57:34,1.0,62.84898222918951,7.0,1.8476540512213429,Ödemiş (İzmir)
634297,2024-07-28 15:25:02,1.5,107.34474926823866,4.4,1.5897220460306658,Kınık (İzmir)
634299,2024-07-28 15:50:27,1.0,166.90195866704164,7.0,0.8550673105864615,Köyceğiz (Muğla)
634301,2024-07-28 15:59:43,2.4,226.78083057618863,21.19,1.65738082223606,Akdeniz - Fethiye Körfezi - [06.83 km] Fethiye (Muğla)
634302,2024-07-28 16:04:37,1.3,276.8506356834276,5.63,1.1072288199391878,Kaş (Antalya)
634303,2024-07-28 16:23:43,1.1,219.48201790051127,6.63,0.9368453544486991,Marmara Denizi - Gemlik Körfezi - [04.83 km] Armutlu (Yalova)
634304,2024-07-28 16:32:47,1.2,220.9957029154602,7.18,1.3109326292829373,Marmara Denizi - Gemlik Körfezi - [04.09 km] Armutlu (Yalova)
634305,2024-07-28 16:38:44,1.1,140.80707334289872,7.04,0.9525250525739367,Acıpayam (Denizli)
634307,2024-07-28 17:01:38,1.5,229.6246280974899,8.79,0.9610767447770318,Ezine (Çanakkale)
634308,2024-07-28 17:02:55,1.6,239.7284576891776,8.22,0.8821055944485955,Ege Denizi - [51.67 km] Bodrum (Muğla)
634310,2024-07-28 17:43:03,1.1,219.44560107425087,6.65,1.0518266572131019,Döşemealtı (Antalya)
634311,2024-07-28 17:45:20,1.5,220.54650430663986,9.59,0.8875124600791361,Biga (Çanakkale)
634313,2024-07-28 18:32:01,1.0,63.18586289981923,7.38,1.326788748873377,Akhisar (Manisa)
634314,2024-07-28 18:30:38,1.4,156.26364215119509,12.93,0.9986088205351065,Ege Denizi - İzmir Körfezi - [12.39 km] Menemen (İzmir)
634316,2024-07-28 19:23:29,1.1,167.32179769786765,6.87,0.9149906053299771,Milas (Muğla)
634317,2024-07-28 19:11:04,1.0,158.74661723339597,7.01,0.9038335707273655,Ula (Muğla)
634318,2024-07-28 19:19:27,1.1,119.61150527758338,6.32,1.0712145305570329,Dursunbey (Balıkesir)
634321,2024-07-28 19:51:01,0.9,153.05963185551934,7.09,0.9013610146197089,Ula (Muğla)
634330,2024-07-28 20:02:31,1.8,214.52339100495604,7.0,1.1128348091026417,Ege Denizi - [12.83 km] Datça (Muğla)
634331,2024-07-28 20:36:47,1.1,98.10174701045352,5.54,1.0814201907936603,Honaz (Denizli)
634336,2024-07-29 00:25:16,1.4,246.44687112055146,8.74,0.9409572463237875,Ege Denizi - [36.81 km] Datça (Muğla)
634337,2024-07-29 00:03:54,1.5,217.6504724040533,11.89,0.9359530852334034,Marmara Denizi - Gemlik Körfezi - [06.07 km] Mudanya (Bursa)
634343,2024-07-28 21:03:05,1.2,369.5504587911599,9.3,0.9854422673236398,Merkez (Bolu)
634349,2024-07-28 21:36:49,1.3,159.36853050043763,10.81,1.1191181515560666,Dinar (Afyonkarahisar)
634356,2024-07-28 22:02:51,2.3,256.19392938770704,6.25,1.0088157058196587,Ege Denizi - [67.14 km] Karaburun (İzmir)
634357,2024-07-28 22:20:42,1.5,215.85002804046596,5.0,0.9884149358923131,Marmara Denizi - Gemlik Körfezi - [04.97 km] Mudanya (Bursa)
634358,2024-07-28 22:25:38,1.3,135.9837246926728,5.55,0.9429713293382215,Bergama (İzmir)
634359,2024-07-28 22:09:00,1.1,139.14772994153947,8.71,0.8452793565108825,Kuşadası (Aydın)
634366,2024-07-28 22:42:32,2.0,359.7065398796258,29.55,1.0074700382905937,Akdeniz - [68.52 km] Kumluca (Antalya)
634367,2024-07-28 23:56:45,0.8,377.11231561609975,6.72,0.9890342259968895,Merkez (Bolu)
634370,2024-07-29 01:55:28,1.2,367.15184604249606,9.2,0.8739477325001794,Merkez (Bolu)
634376,2024-07-29 01:59:45,1.0,298.02081085724274,7.82,1.0712513038968003,Derbent (Konya)
634377,2024-07-29 02:43:16,1.1,162.69906188577514,7.0,1.0498910495552312,Sinanpaşa (Afyonkarahisar)
634381,2024-07-29 03:49:44,1.1,55.88739895899079,7.0,0.9718078311802669,Gördes (Manisa)
634385,2024-07-29 05:02:59,1.1,299.1735181621637,7.04,0.845303736077164,Derbent (Konya)
634389,2024-07-29 05:45:36,1.7,187.78112453844395,7.0,1.1324324446394471,Ege Denizi - [16.01 km] Karaburun (İzmir)
634391,2024-07-29 08:00:39,1.8,156.37734930032326,7.0,1.6423073712875522,Ege Denizi - Kuşadası Körfezi - [20.57 km] Menderes (İzmir)
634392,2024-07-29 08:28:51,1.3,99.87840503664451,6.98,1.238075059130981,Akhisar (Manisa)
634393,2024-07-29 08:19:53,1.3,168.7365466459933,7.0,0.9237028516869233,Köyceğiz (Muğla)
634395,2024-07-29 09:28:13,1.1,367.1515524950142,7.0,1.0759303544900691,Selçuklu (Konya)
634400,2024-07-29 11:10:12,1.0,297.85509434178766,7.0,0.7468848229644924,Derbent (Konya)
634403,2024-07-29 11:37:36,2.7,300.85404016255615,16.94,1.1263165187901842,Ege Denizi - [77.45 km] Datça (Muğla)
634404,2024-07-29 11:39:59,1.0,387.73483515587884,13.46,1.0012530718707657,Merkez (Kırklareli)
634405,2024-07-29 13:37:19,2.0,140.78728855803328,6.67,2.04720426201031,Bergama (İzmir)
634409,2024-07-29 15:42:48,1.5,160.66685743135284,7.0,0.5048262508859764,"Ege Denizi, Sisam Adası (Samos) - [19.60 km] Kuşadası (Aydın)"
634410,2024-07-29 15:33:47,1.5,227.43254819789763,8.3,1.00951312687532,Korkuteli (Antalya)
634415,2024-07-29 17:21:07,1.8,251.3121200254577,6.98,1.2906098477702435,Kumluca (Antalya)
634416,2024-07-29 17:37:39,1.7,177.8734311118878,7.06,1.2120539253993188,Köyceğiz (Muğla)
634417,2024-07-29 17:45:59,1.8,78.99093482078793,7.0,1.7654127263258996,Kemalpaşa (İzmir)
634419,2024-07-29 18:28:54,1.7,255.95365863107884,6.87,0.9693710474351477,Akdeniz - [19.23 km] Seydikemer (Muğla)
634421,2024-07-29 19:22:43,1.8,282.67486552230326,7.0,0.906206889197172,Tuzlukçu (Konya)
634423,2024-07-29 20:26:40,2.4,279.27344600287796,40.29,1.1329739657905913,Akdeniz - [06.79 km] Kaş (Antalya)
634424,2024-07-29 21:26:29,1.2,161.68028298870647,7.03,1.1008097113541033,Sinanpaşa (Afyonkarahisar)
634425,2024-07-29 22:14:05,1.4,157.72042619276274,7.0,0.9799027707289737,Ege Denizi - Kuşadası Körfezi - [19.95 km] Kuşadası (Aydın)
634426,2024-07-29 22:15:07,1.1,159.79134310392462,7.14,1.0042625202050641,"Ege Denizi, Sisam Adası (Samos) - [21.76 km] Kuşadası (Aydın)"
634427,2024-07-29 22:37:22,1.6,107.87570898210218,7.0,3.857846449604696,Çivril (Denizli)
634430,2024-07-29 23:51:04,1.2,89.89032538278728,7.58,4.673360123842236,Çal (Denizli)
634436,2024-07-30 01:44:33,2.4,322.63648200271257,7.0,1.2395137724927252,Ege Denizi
634438,2024-07-30 02:07:36,1.1,272.10640871376705,9.55,1.3752847421614343,Doğanhisar (Konya)
634444,2024-07-30 03:35:12,1.1,160.1293431147087,7.0,0.9100069731042205,Köyceğiz (Muğla)
634449,2024-07-30 05:55:14,1.0,96.55101236327295,7.0,2.367489480641347,Gediz (Kütahya)
634451,2024-07-30 06:02:20,0.9,154.66359891854026,6.21,1.2204644562212894,Acıpayam (Denizli)
634453,2024-07-30 06:23:30,0.9,256.49461340583076,7.0,0.9286742146427677,Emirdağ (Afyonkarahisar)
634454,2024-07-30 07:30:48,1.8,221.80123710301243,6.25,1.0708630307495297,Ege Denizi - [34.78 km] Çeşme (İzmir)
634457,2024-07-30 08:16:55,1.2,130.68478768775464,10.96,0.7402741120772007,Söke (Aydın)
634458,2024-07-30 08:22:42,2.5,439.16552804242764,8.18,1.3180278415289246,Ayion Oros (Yunanistan) - [144.95 km] Gökçeada (Çanakkale)
634462,2024-07-30 09:10:39,2.1,267.9169495436104,6.97,1.5121934451974977,Marmara Denizi - [20.30 km] Silivri (İstanbul)
634463,2024-07-30 09:25:04,1.5,155.79343758463125,7.0,1.5465857344691072,Orhaneli (Bursa)
634464,2024-07-30 09:32:39,1.4,95.74014609225537,7.97,1.1798663849516202,Kırkağaç (Manisa)
634477,2024-07-30 12:25:42,1.7,497.133026252534,6.86,1.4758437658205281,Araç (Kastamonu)
634481,2024-07-30 12:32:16,1.4,238.68174692079293,7.0,0.9644447769847777,Döşemealtı (Antalya)
634482,2024-07-30 12:35:56,1.2,234.899169092201,4.13,0.6217262135067906,Korkuteli (Antalya)
634483,2024-07-30 12:39:41,1.4,236.67133349288247,7.0,1.133705632100554,Döşemealtı (Antalya)
634484,2024-07-30 12:46:05,1.4,239.38753108633662,7.0,0.9933226864564716,Döşemealtı (Antalya)
634485,2024-07-30 13:05:14,1.0,223.0770016795654,6.93,1.175553939408734,Korkuteli (Antalya)
634486,2024-07-30 13:05:45,1.6,235.9935900248931,7.0,0.8265602265546232,Döşemealtı (Antalya)
634491,2024-07-30 15:19:47,2.7,233.6974881463411,7.03,4.423833500452835,Marmara Denizi - [05.12 km] Armutlu (Yalova)
634493,2024-07-30 15:51:11,2.4,234.602580175976,7.07,1.1374694608420761,Marmara Denizi - [05.33 km] Armutlu (Yalova)
634498,2024-07-30 17:18:23,1.6,237.22878596443346,6.93,1.1244297029240795,Marmara Denizi - [08.68 km] Armutlu (Yalova)
634500,2024-07-30 20:01:23,2.1,139.93438670841806,8.72,1.8013006375604024,Ege Denizi - Kuşadası Körfezi - [07.32 km] Menderes (İzmir)
634505,2024-07-30 21:29:40,1.7,157.32011986575293,7.09,1.0259383105121291,Ege Denizi - Kuşadası Körfezi - [23.21 km] Kuşadası (Aydın)
634507,2024-07-30 22:32:21,1.7,235.30932349814978,7.02,0.9669968372515149,Marmara Denizi - [07.05 km] Armutlu (Yalova)
634508,2024-07-30 22:34:27,1.5,92.54277191824448,5.14,1.672672735583829,Çal (Denizli)
634509,2024-07-30 22:57:17,2.0,282.54374321558544,6.99,1.1447033865490284,Ege Denizi - [59.89 km] Datça (Muğla)
634510,2024-07-30 23:53:42,2.2,247.77495484973423,6.64,1.1722799747964705,Ege Denizi - [48.18 km] Çeşme (İzmir)
634512,2024-07-31 01:02:23,1.3,235.86456654900203,7.08,1.030698045651515,Çınarcık (Yalova)
634520,2024-07-31 04:07:11,1.8,141.86121663566237,7.65,0.9284493362781887,Ege Denizi - Kuşadası Körfezi - [11.72 km] Menderes (İzmir)
634524,2024-07-31 02:44:24,2.2,333.87888320548586,7.0,0.9723115499994734,Beypazarı (Ankara)
634529,2024-07-31 07:35:36,1.2,402.37815140537487,7.0,0.6664169484334356,Gerede (Bolu)
634533,2024-07-31 08:56:20,1.1,148.31572443400825,23.8,2.006158296506982,Tavşanlı (Kütahya)
634534,2024-07-31 08:59:08,2.0,111.0248675641726,6.78,2.8184623555776844,Soma (Manisa)
634544,2024-07-31 10:13:11,1.9,260.2033578634992,7.0,0.8353137847763344,Marmara Denizi - [10.25 km] Şarköy (Tekirdağ)
634550,2024-07-31 11:13:20,1.4,97.99103686693782,7.0,2.2387343088130587,Honaz (Denizli)
634552,2024-07-31 11:37:30,1.9,173.59178751235896,7.0,1.393064075909469,Köyceğiz Gölü - [02.75 km] Köyceğiz (Muğla)
634555,2024-07-31 13:03:43,1.8,287.3052734157347,20.7,0.9353783569082855,Akdeniz - [09.87 km] Kaş (Antalya)
634558,2024-07-31 15:01:39,1.4,63.00561664260155,5.99,5.936254915968444,Güney (Denizli)
634562,2024-07-31 17:59:28,2.0,89.21981390532929,5.98,3.9047728880793136,Pamukkale (Denizli)
634565,2024-07-31 20:04:29,3.2,436.5671265187791,35.0,0.9003777121243655,Ege Denizi
634566,2024-07-31 19:48:26,1.9,299.4021591888232,6.85,1.008766486682271,Ilgın (Konya)
634568,2024-07-31 21:23:43,1.5,177.32381452555998,11.92,0.979668190844237,Manyas (Balıkesir)
634569,2024-07-31 21:13:01,1.9,443.2166407279909,8.96,0.8614013369184521,"Topolovgrad, Hasköy (Bulgaristan) - [28.19 km] Lalapaşa (Edirne)"
634571,2024-07-31 19:37:49,1.7,87.48092105698788,6.99,1.7189985562460843,Pamukkale (Denizli)
634574,2024-07-31 22:00:13,0.9,170.8085461601959,7.0,0.9660761269358751,Dalaman (Muğla)
634575,2024-07-31 18:35:35,2.2,88.61614533217687,8.64,3.0711139169076307,Pamukkale (Denizli)
634581,2024-07-31 23:17:46,1.2,178.75673404122819,7.0,1.0277850042003456,Dalaman (Muğla)
634582,2024-07-31 23:06:04,1.7,235.6909903043055,6.8,0.7538531940490467,Korkuteli (Antalya)
634586,2024-08-01 00:00:33,1.7,265.9122314263235,6.35,0.8903494316436037,Marmara Denizi - [20.34 km] Marmara (Balıkesir)
634587,2024-08-01 00:43:30,1.4,203.20506314565299,7.61,1.067947852608196,Bandırma (Balıkesir)
634592,2024-08-01 02:11:22,2.0,126.51424037436593,7.0,2.1384163654492125,Acıgöl - [04.16 km] Çardak (Denizli)
634596,2024-08-01 06:08:28,1.6,175.31854197877144,7.01,1.3361985404869543,Merkez (Afyonkarahisar)
634598,2024-08-01 06:28:14,1.7,220.01170491217616,7.0,0.9556486285873452,"Ege Denizi, Kelemez Adası (Kalimnos) - [26.05 km] Bodrum (Muğla)"
634599,2024-08-01 06:40:58,1.6,266.96178571894734,12.02,0.9210867401231311,Emirdağ (Afyonkarahisar)
634601,2024-08-01 07:13:05,2.2,279.25335508501377,12.18,1.0874867396757855,Ege Denizi - [47.80 km] Ayvacık (Çanakkale)
634604,2024-08-01 07:39:48,1.9,142.3662185785045,7.25,1.609682555025369,Ege Denizi - Kuşadası Körfezi - [12.29 km] Kuşadası (Aydın)
634606,2024-08-01 08:29:16,1.6,53.51941015191515,7.0,17.606335244245273,Demirci (Manisa)
634607,2024-08-01 08:32:28,1.5,139.47581184930087,7.0,1.384171863570973,Ege Denizi - Kuşadası Körfezi - [10.46 km] Kuşadası (Aydın)
634610,2024-08-01 09:18:06,2.2,230.21217548193792,11.28,1.7722933576003808,Ezine (Çanakkale)
634611,2024-08-01 09:21:21,1.9,167.53340438889143,5.71,2.138204955081554,Mustafakemalpaşa (Bursa)
634613,2024-08-01 11:10:44,1.2,277.4684319078028,7.0,0.9124915681684461,Geyve (Sakarya)
634614,2024-08-01 09:00:33,0.8,48.65464174349648,7.0,17.035898508791387,Ulubey (Uşak)
634618,2024-08-01 11:39:48,1.9,277.77236948907165,14.83,1.0544170226547076,Manavgat (Antalya)
634620,2024-08-01 12:12:21,1.4,103.27262247530514,7.0,1.215792180254155,Germencik (Aydın)
634621,2024-08-01 12:40:58,1.6,211.19198194145406,7.0,1.528777255648165,Fethiye (Muğla)
634623,2024-08-01 14:05:00,2.9,451.14311720308655,15.0,1.0974383376624026,Akdeniz - [227.35 km] Datça (Muğla)
634625,2024-08-01 15:58:33,2.4,228.5745605638162,9.73,1.3101496186555646,Eber Gölü - [03.91 km] Bolvadin (Afyonkarahisar)
634627,2024-08-01 16:10:21,1.3,140.72754871119974,7.0,1.0466251674780274,Başmakçı (Afyonkarahisar)
634628,2024-08-01 17:14:37,2.5,210.7094533530469,7.0,3.013581190038502,Gönen (Balıkesir)
634629,2024-08-01 17:16:40,2.9,437.2531976981457,6.6,1.7838024256289202,"Topolovgrad, Hasköy (Bulgaristan) - [21.58 km] Lalapaşa (Edirne)"
634636,2024-08-01 18:14:02,1.7,202.9473025319115,75.0,0.7809023852803358,Ege Denizi - Gökova Körfezi - [04.04 km] Datça (Muğla)
634639,2024-08-01 20:24:38,1.1,98.39944079966058,7.01,1.3808595478454826,Pamukkale (Denizli)
634643,2024-08-01 21:55:52,2.1,229.0970267911588,9.16,1.6184495043714993,Eber Gölü - [03.76 km] Bolvadin (Afyonkarahisar)
634646,2024-08-02 02:44:16,2.7,395.71575666467425,18.58,3.0342945126582896,Akdeniz - [66.38 km] Gazipaşa (Antalya)
634654,2024-08-02 05:10:55,1.1,178.8044147212118,7.18,0.9075266237274732,Gölhisar (Burdur)
634657,2024-08-02 05:50:47,1.2,215.7476622725022,7.0,1.044828686639227,Marmara Denizi - Gemlik Körfezi - [04.41 km] Mudanya (Bursa)
634658,2024-08-02 06:09:14,1.8,177.8617465083432,7.0,1.0586679562682326,Dalaman (Muğla)
634660,2024-08-02 06:39:47,1.9,109.66007697750055,6.99,4.5635573436330885,Soma (Manisa)
634665,2024-08-02 07:23:42,1.3,239.17391358220698,6.65,1.0809140821719947,Akdeniz - [44.96 km] Ortaca (Muğla)
634668,2024-08-02 08:42:55,1.3,124.99528040779657,7.18,0.9955734168991287,Söke (Aydın)
634670,2024-08-02 09:24:51,1.6,155.21759312206075,7.15,3.3402703706672034,Orhaneli (Bursa)
634678,2024-08-02 10:41:00,1.2,178.54225055768606,7.0,0.8427662007030343,Çavdır (Burdur)
634679,2024-08-02 10:51:10,1.2,116.24761058371737,7.0,1.2212961028763554,Emet (Kütahya)
634690,2024-08-02 12:33:26,0.6,433.808783189679,7.0,0.6537622461585593,Bala (Ankara)
634693,2024-08-02 14:12:44,1.4,215.71304046345128,7.02,0.5604952397117202,Marmara Denizi - Gemlik Körfezi - [04.48 km] Mudanya (Bursa)
634695,2024-08-02 14:10:35,1.1,181.1886110241152,7.0,1.0931466309200792,Merkez (Kütahya)
634696,2024-08-02 14:37:02,1.5,156.65855139549612,7.0,1.658846718166149,Ege Denizi - Kuşadası Körfezi - [22.74 km] Menderes (İzmir)
634699,2024-08-02 14:49:10,1.3,297.61375453423915,8.75,1.1642216437837623,Ilgın (Konya)
634704,2024-08-02 15:53:14,1.8,156.06398291665246,10.98,1.367051879569861,Ege Denizi - Kuşadası Körfezi - [22.22 km] Menderes (İzmir)
634712,2024-08-02 17:01:42,1.9,285.1532683600762,26.98,1.1300884827668594,Akdeniz - [39.43 km] Kaş (Antalya)
634713,2024-08-02 17:11:59,0.9,489.47849523009444,7.0,0.8227197559477112,Merkez (Çankırı)
634717,2024-08-02 17:29:56,2.2,335.1162659919517,8.38,1.0581253618489426,Ege Denizi - [111.44 km] Datça (Muğla)
634722,2024-08-02 19:01:43,1.4,272.4285298152428,5.04,0.8782339609098587,Marmara Denizi - [03.32 km] Şarköy (Tekirdağ)
634723,2024-08-02 19:18:15,1.4,184.58515807676847,12.64,0.9465649372047267,Ege Denizi - [29.73 km] Söke (Aydın)
634726,2024-08-02 20:19:00,2.0,421.8480825867988,7.05,1.3178326795393493,Ege Denizi
634727,2024-08-02 20:18:49,1.3,220.69991092941234,5.15,0.9257341897091924,Tepebaşı (Eskişehir)
634730,2024-08-02 20:51:22,2.2,335.71473673306866,7.0,1.0595120345017264,Ege Denizi - [107.98 km] Ayvacık (Çanakkale)
634731,2024-08-02 20:40:14,1.8,383.6218636917308,44.9,0.9295717991048211,Akdeniz - [48.71 km] Alanya (Antalya)
634732,2024-08-02 20:37:49,1.0,377.3101055596615,7.1,0.9967075704288759,Merkez (Bolu)
634735,2024-08-02 21:00:51,1.4,164.8843384526523,5.48,0.932574969862894,Ege Denizi - İzmir Körfezi - [05.63 km] Karaburun (İzmir)
634739,2024-08-02 21:10:52,1.5,375.11831008075796,9.68,0.8762924485574939,Merkez (Bolu)
634741,2024-08-02 21:25:55,1.1,160.9142357027166,7.01,0.8956690032771225,Ula (Muğla)
634743,2024-08-03 00:11:58,1.9,333.28463963609016,6.68,1.0608520752943078,Beypazarı (Ankara)
634744,2024-08-03 00:17:10,1.0,77.3238342423688,7.06,3.35798550352274,Simav (Kütahya)
634749,2024-08-02 22:18:07,2.1,177.32826656410174,9.27,2.8038839858587252,Köyceğiz (Muğla)
634750,2024-08-02 22:21:13,1.3,237.48064595406709,7.24,0.44261554792191926,Ayvacık (Çanakkale)
634754,2024-08-02 23:02:28,1.8,229.267336101902,9.74,1.269261053377169,Bayramiç (Çanakkale)
634758,2024-08-02 23:36:30,1.9,228.60074932960939,8.45,1.4625579985823287,Ezine (Çanakkale)
634763,2024-08-03 01:46:37,1.4,170.53238977691865,6.96,1.081551776659741,Ege Denizi - [16.83 km] Foça (İzmir)
634764,2024-08-03 02:05:35,4.0,148.87106213880742,4.69,738.026372933297,Büyükorhan (Bursa)
634765,2024-08-03 01:52:50,1.9,343.1859985377484,6.0,1.014441199838314,Akdeniz - [123.75 km] Datça (Muğla)
634766,2024-08-03 02:27:00,1.4,187.5505295897975,7.82,1.0702515626370173,Ege Denizi - Gökova Körfezi - [08.64 km] Bodrum (Muğla)
634773,2024-08-03 02:41:48,1.1,178.61373170901,7.0,1.1361500276702134,Bodrum (Muğla)
634774,2024-08-03 03:20:42,1.3,333.90799093863444,6.96,1.129908978055291,Ege Denizi - [30.92 km] Gökçeada (Çanakkale)
634775,2024-08-03 03:29:02,1.3,326.0652179210836,7.11,0.941893278061418,Nallıhan (Ankara)
634783,2024-08-03 03:45:53,1.1,226.84692663836904,7.52,1.166006896123415,Gemlik (Bursa)
634788,2024-08-03 05:40:46,1.3,266.9179893429732,7.14,1.1476571206059065,Akdeniz - [56.97 km] Marmaris (Muğla)
634790,2024-08-03 06:14:50,2.1,239.47282205789585,11.55,1.722388553947531,Ege Denizi - [36.62 km] Çeşme (İzmir)
634791,2024-08-03 06:43:22,2.8,381.27178776599493,11.61,1.9787033808375967,Akdeniz - [89.66 km] Kumluca (Antalya)
634792,2024-08-03 06:51:37,1.9,110.42766309321145,6.99,4.724205289401865,Soma (Manisa)
634794,2024-08-03 10:30:05,1.2,155.4152183708824,7.0,0.1953211611784912,Karesi (Balıkesir)
634797,2024-08-03 12:21:37,1.9,335.6047818081634,6.79,0.9877659594007585,Beypazarı (Ankara)
634798,2024-08-03 12:01:58,2.0,135.752535526098,7.0,2.5277890288426668,Yatağan (Muğla)
634799,2024-08-03 12:22:18,2.4,110.91864204908855,7.02,4.600065641131474,Honaz (Denizli)
634800,2024-08-03 14:56:46,2.1,182.34304281708128,6.96,1.2528005799352058,Ege Denizi - Gökova Körfezi - [03.65 km] Bodrum (Muğla)
634803,2024-08-03 17:32:50,1.0,98.5555497972516,6.96,1.3541022008619594,Emet (Kütahya)
634807,2024-08-03 21:00:31,2.7,221.20094885710333,7.06,2.90665577614301,Ege Denizi - [23.84 km] Çeşme (İzmir)
634808,2024-08-03 21:01:37,2.4,222.78460475277234,6.61,0.4254847356565298,Ege Denizi - [24.70 km] Çeşme (İzmir)
634809,2024-08-03 20:33:44,1.9,220.0789511384742,7.33,1.1206338352785066,Ege Denizi - [21.88 km] Çeşme (İzmir)
634810,2024-08-03 20:36:19,1.7,218.63075924864134,4.56,0.9354109560417907,Ege Denizi - [22.09 km] Çeşme (İzmir)
634811,2024-08-03 20:39:45,1.7,218.2194888961689,6.89,0.9856471778956046,Ege Denizi - [20.04 km] Çeşme (İzmir)
634812,2024-08-03 21:07:32,1.9,222.9662883437236,7.71,1.1906579091400586,Ege Denizi - [26.22 km] Çeşme (İzmir)
634814,2024-08-03 21:08:29,1.4,224.5876035647968,7.03,0.8191266675230696,Ege Denizi - [28.11 km] Çeşme (İzmir)
634815,2024-08-03 21:21:18,2.1,219.61827785254687,13.49,1.246648377728684,Ege Denizi - [23.03 km] Çeşme (İzmir)
634816,2024-08-03 21:26:37,1.7,155.91191162008235,14.49,1.1518605163680837,Ege Denizi - İzmir Körfezi - [10.75 km] Foça (İzmir)
634817,2024-08-03 21:22:05,1.7,224.7236817939708,6.7,0.7661598450616702,Ege Denizi - [28.48 km] Çeşme (İzmir)
634819,2024-08-03 21:42:51,1.6,226.93728492375664,6.91,0.9141662643667274,Ege Denizi - [32.20 km] Çeşme (İzmir)
634820,2024-08-03 21:30:08,1.5,248.5142386581597,7.49,1.0223046290813427,Ege Denizi - [46.08 km] Çeşme (İzmir)
634821,2024-08-03 21:57:58,1.3,227.39698449941298,6.3,0.9442767162045703,Ege Denizi - [32.26 km] Çeşme (İzmir)
634823,2024-08-03 22:29:16,1.2,174.54220434382276,7.0,0.95297311075447,Köyceğiz (Muğla)
634824,2024-08-03 22:09:45,2.0,221.78301112012232,7.01,1.5087728932949473,Ege Denizi - [25.63 km] Çeşme (İzmir)
634827,2024-08-03 22:42:11,1.4,279.70975189111215,11.83,0.9742221944319989,Ege Denizi - [90.33 km] Çeşme (İzmir)
634831,2024-08-03 23:09:07,1.1,160.60419670967715,7.02,1.1740935487253685,Domaniç (Kütahya)
634832,2024-08-03 23:53:26,1.1,182.4442505740369,7.0,0.9964600317684621,Ege Denizi - [17.23 km] Karaburun (İzmir)
634834,2024-08-04 03:25:58,3.9,488.515080698197,7.28,2.9993596414922052,Akdeniz
634836,2024-08-04 02:37:13,1.9,332.96399655111605,6.73,0.9282809637834958,Beypazarı (Ankara)
634844,2024-08-04 01:08:39,2.5,224.40127294138182,7.02,2.747643173706803,Ege Denizi - [26.93 km] Çeşme (İzmir)
634845,2024-08-04 00:48:33,1.9,223.34255323993042,7.01,1.3551455541026205,Ege Denizi - [27.22 km] Çeşme (İzmir)
634848,2024-08-04 00:29:35,2.1,227.18426935733626,7.14,1.4860330582697687,Ege Denizi - [28.71 km] Çeşme (İzmir)
634849,2024-08-04 04:31:34,3.8,377.29102310345183,6.97,2.9334906854284393,Merkez (Bolu)
634850,2024-08-04 04:33:59,3.0,371.22785671137115,5.96,2.992181590461683,Merkez (Bolu)
634851,2024-08-04 04:50:49,2.5,375.1071826874015,14.5,1.0052465342503119,Merkez (Bolu)
634852,2024-08-04 04:48:29,1.6,230.75009693988818,16.96,0.9922321128261928,Biga (Çanakkale)
634853,2024-08-04 05:09:32,1.5,229.1110407998286,19.96,1.0828053626299838,Ege Denizi - [30.50 km] Çeşme (İzmir)
634854,2024-08-04 03:45:30,1.7,222.89872428004685,6.93,0.886745838113954,Akdeniz - [21.53 km] Dalaman (Muğla)
634859,2024-08-04 06:39:49,2.3,374.84236503268716,10.2,1.0367523643716945,Merkez (Bolu)
634860,2024-08-04 05:58:00,1.2,377.2116426428666,7.02,0.8889163982309257,Merkez (Bolu)
634861,2024-08-04 07:14:31,1.2,378.2206810983383,7.0,1.040397427447032,Merkez (Bolu)
634867,2024-08-04 09:26:06,2.1,221.12571108928407,7.0,1.1375560083342764,Ege Denizi - [23.74 km] Çeşme (İzmir)
634869,2024-08-04 09:38:56,1.2,100.17834934698138,6.95,1.3807131232784475,Hisarcık (Kütahya)
634870,2024-08-04 09:40:02,1.0,99.51091129427067,7.0,1.1156555468067786,Hisarcık (Kütahya)
634871,2024-08-04 11:20:19,1.4,181.50440239458024,7.0,2.027706065934623,Dalaman (Muğla)
634878,2024-08-04 13:29:04,1.1,372.3053768707439,7.0,1.2839203370894792,Merkez (Bolu)
634881,2024-08-04 13:34:22,1.8,222.5942979582938,7.0,1.0230408585915285,Ege Denizi - [28.06 km] Çeşme (İzmir)
634884,2024-08-04 15:18:33,2.2,219.96911688859637,7.0,0.8470425683797633,Ege Denizi - [24.36 km] Çeşme (İzmir)
634885,2024-08-04 15:28:20,1.5,54.350433645266136,6.37,4.760898058868714,Demirci (Manisa)
634891,2024-08-04 18:22:03,1.7,313.9112599784439,8.2,0.757875178557715,Kadınhanı (Konya)
634892,2024-08-04 18:17:14,1.9,225.5119650434792,5.98,1.1729595996062632,Ege Denizi - [29.23 km] Çeşme (İzmir)
634896,2024-08-04 18:35:40,1.4,169.2369619039783,7.07,1.054907558791463,Ege Denizi - Gökova Körfezi - [02.77 km] Marmaris (Muğla)
634897,2024-08-04 19:14:04,2.2,328.0144864285923,8.11,0.9676750679105509,Nallıhan (Ankara)
634898,2024-08-04 19:18:16,2.1,219.11846782087343,12.46,1.3693026234962484,Ege Denizi - [22.10 km] Çeşme (İzmir)
634902,2024-08-04 20:50:12,2.0,219.20251869551575,7.21,1.2340510644614315,Ege Denizi - [20.56 km] Çeşme (İzmir)
634903,2024-08-04 21:34:06,3.5,271.5992673589609,14.38,4.238770567623773,Marmara Denizi - [07.14 km] Süleymanpaşa (Tekirdağ)
634904,2024-08-04 21:31:57,2.3,273.25329098665725,7.1,1.476056601942282,Marmara Denizi - [05.78 km] Süleymanpaşa (Tekirdağ)
634906,2024-08-04 21:41:26,2.2,272.0576560819139,5.13,2.1200938347903113,Marmara Denizi - [06.20 km] Süleymanpaşa (Tekirdağ)
634907,2024-08-04 21:40:49,1.7,271.5727443360359,11.25,1.0130619643200682,Marmara Denizi - [06.42 km] Süleymanpaşa (Tekirdağ)
634908,2024-08-04 21:39:07,1.7,272.5316556764086,5.41,0.959260771586353,Marmara Denizi - [05.86 km] Süleymanpaşa (Tekirdağ)
634909,2024-08-04 22:00:40,1.5,119.84917540309866,7.82,2.3949621933442793,Altıeylül (Balıkesir)
634910,2024-08-04 21:55:55,1.2,119.69515169899468,7.0,1.330750988114095,Altıeylül (Balıkesir)
634912,2024-08-04 22:48:17,1.7,274.10575262987504,7.23,1.0707507709852466,Marmara Denizi - [05.52 km] Süleymanpaşa (Tekirdağ)
634913,2024-08-04 22:45:39,1.4,274.2050362646641,8.54,1.0056284891480614,Marmara Denizi - [05.01 km] Süleymanpaşa (Tekirdağ)
634914,2024-08-04 22:49:45,1.2,272.90017495458807,9.75,0.984453108262029,Marmara Denizi - [05.23 km] Süleymanpaşa (Tekirdağ)
634915,2024-08-04 22:53:53,1.4,177.71436034985248,8.47,1.066212223589828,Burhaniye (Balıkesir)
634916,2024-08-05 00:15:48,2.4,352.5645816550139,6.76,1.1118523703315908,Kaynaşlı (Düzce)
634917,2024-08-04 23:40:58,1.2,271.6193815486574,6.99,1.1939779196438112,Marmara Denizi - [06.13 km] Süleymanpaşa (Tekirdağ)
634918,2024-08-04 23:03:51,1.0,270.7647132716726,5.89,0.9065153752626188,Marmara Denizi - [07.58 km] Süleymanpaşa (Tekirdağ)
634919,2024-08-04 23:24:20,1.1,271.6850633892743,10.7,0.9919453794757264,Marmara Denizi - [06.59 km] Süleymanpaşa (Tekirdağ)
634920,2024-08-04 23:17:24,1.0,272.2777337012914,7.82,1.1193971361463073,Marmara Denizi - [05.77 km] Süleymanpaşa (Tekirdağ)
634921,2024-08-05 01:00:41,2.5,261.40418974364974,7.4,1.3541429362872754,Ege Denizi - [55.73 km] Datça (Muğla)
634923,2024-08-05 02:52:32,2.2,270.91293842679573,6.99,1.0189962196402322,Marmara Denizi - [13.43 km] Süleymanpaşa (Tekirdağ)
634924,2024-08-05 02:56:56,1.5,267.4750270987742,12.19,0.9718155960670003,Marmara Denizi - [15.56 km] Marmara (Balıkesir)
634927,2024-08-05 02:09:24,1.8,253.35392611330266,39.67,1.1323958371369238,Akdeniz - [47.09 km] Marmaris (Muğla)
634929,2024-08-05 03:50:27,2.0,219.39284587087832,7.0,1.2759495606592917,Ege Denizi - [23.40 km] Çeşme (İzmir)
634930,2024-08-05 04:10:28,2.0,216.57084506197648,7.0,1.1065304267254443,Ege Denizi - [19.15 km] Çeşme (İzmir)
634931,2024-08-05 03:57:49,2.0,222.1852293713737,9.1,0.6470679662321634,Ege Denizi - [26.52 km] Çeşme (İzmir)
634932,2024-08-05 04:20:13,2.5,214.36181202193146,7.0,1.5413834048827322,Ege Denizi - [17.98 km] Çeşme (İzmir)
634933,2024-08-05 03:03:30,1.1,220.42224755432864,15.8,0.9873392224100465,Ege Denizi - [21.90 km] Çeşme (İzmir)
634935,2024-08-05 05:02:21,1.5,225.11109436253403,6.85,0.4992010948570636,Ege Denizi - [27.45 km] Çeşme (İzmir)
634936,2024-08-05 04:29:20,1.3,227.46832399866523,7.02,0.8015312818137772,Ezine (Çanakkale)
634938,2024-08-05 05:21:45,1.3,340.85664245843947,7.14,1.0208923822526579,Merkez (Düzce)
634940,2024-08-05 05:46:57,1.5,250.24029030757399,6.55,1.045630869525905,Ege Denizi - [47.92 km] Çeşme (İzmir)
634941,2024-08-05 06:04:40,1.6,222.12877986975806,7.0,1.1489577346544642,"Ege Denizi, Sakız Adası (Hiyos) - [20.51 km] Çeşme (İzmir)"
634945,2024-08-05 06:54:30,1.6,224.83536249360134,7.0,0.7856732366198708,Ege Denizi - [25.82 km] Çeşme (İzmir)
634952,2024-08-05 07:56:01,1.4,365.79250774316074,6.94,1.094416897871415,Selçuklu (Konya)
634953,2024-08-05 07:49:13,0.5,283.2257381734323,7.0,0.9526182930726748,Tuzlukçu (Konya)
634957,2024-08-05 09:50:49,1.5,157.69540851837087,27.4,1.069288600730319,Domaniç (Kütahya)
634958,2024-08-05 10:18:34,1.4,271.4696689000563,7.01,1.035034064869593,Marmara Denizi - [07.44 km] Süleymanpaşa (Tekirdağ)
634959,2024-08-05 09:56:34,1.4,149.71746225499922,19.9,1.1512211902513967,Tavşanlı (Kütahya)
634963,2024-08-05 11:05:11,1.3,149.37813380300963,7.0,1.0968068537288886,Ege Denizi - Çandarlı Körfezi - [07.15 km] Aliağa (İzmir)
634965,2024-08-05 12:58:18,2.0,229.29293043210777,8.9,0.7788082189624548,Ezine (Çanakkale)
634966,2024-08-05 13:26:57,2.3,246.06931569938914,23.9,0.565503112372798,Ege Denizi - [08.19 km] Ayvacık (Çanakkale)
634971,2024-08-05 15:04:55,1.8,225.59790945799867,11.83,0.763606547122336,Marmara Denizi - Erdek Körfezi - [10.92 km] Gönen (Balıkesir)
634973,2024-08-05 15:31:07,1.6,271.67301905330424,10.39,0.79150939346471,Marmara Denizi - [06.40 km] Süleymanpaşa (Tekirdağ)
634978,2024-08-05 16:12:23,1.8,278.8921347865688,8.97,0.8863884695770247,Ege Denizi - [55.33 km] Datça (Muğla)
634981,2024-08-05 17:42:58,1.7,271.69901733200135,6.51,1.0132259765613538,Marmara Denizi - [07.61 km] Süleymanpaşa (Tekirdağ)
634982,2024-08-05 17:35:20,1.5,123.44564821402916,6.15,1.0570777334091734,Gaziemir (İzmir)
634986,2024-08-05 18:51:42,1.3,420.27132052053696,7.01,0.7259726139934723,Tuz Gölü - [06.20 km] Kulu (Konya)
634987,2024-08-05 18:49:04,1.2,239.8355304050656,7.0,0.92060509320017,Ayvacık (Çanakkale)
634989,2024-08-05 19:22:41,1.1,391.9551259012232,6.91,0.8862258926429747,Kulu (Konya)
634993,2024-08-05 19:38:44,1.1,213.7259116695845,7.0,1.0925190591053688,Söğüt (Bilecik)
634995,2024-08-05 20:01:13,1.5,333.8772124544712,6.85,0.9497164751783066,Beypazarı (Ankara)
634996,2024-08-05 20:15:12,1.8,462.4272598582881,19.43,0.9759757256889132,Akdeniz - [26.44 km] Anamur (Mersin)
635004,2024-08-05 21:13:13,1.1,102.13908076182446,7.0,1.3264328271071526,Çal (Denizli)
635008,2024-08-05 21:51:34,1.4,272.15808096226,9.42,1.217955342597351,Marmara Denizi - [06.74 km] Süleymanpaşa (Tekirdağ)
635011,2024-08-06 00:59:57,1.5,236.16421890150136,7.0,1.1814143566356665,Marmara Denizi - [08.25 km] Armutlu (Yalova)
635012,2024-08-06 01:37:53,2.6,224.9378698215061,10.39,2.9886716318749844,Ege Denizi - [12.30 km] Ayvacık (Çanakkale)
635013,2024-08-06 01:47:03,1.1,163.52743110292653,7.0,1.5177591168175053,Köyceğiz (Muğla)
635014,2024-08-06 01:33:13,1.1,391.59757166223386,7.14,0.9867877326837396,Kulu (Konya)
635020,2024-08-05 22:35:19,1.5,116.1196825361361,7.04,5.733929331099949,Bozkurt (Denizli)
635025,2024-08-05 22:18:22,1.5,90.32383542273774,8.82,9.652387312384965,Akhisar (Manisa)
635026,2024-08-05 23:34:00,1.0,117.26217574675938,7.0,1.1030535140043634,Tavas (Denizli)
635027,2024-08-05 23:54:27,1.2,232.96434930263197,9.16,0.9031810178081517,Marmara Denizi - [06.78 km] Armutlu (Yalova)
635031,2024-08-06 02:18:01,1.6,163.3683865721502,7.0,2.2897662107483745,Susurluk (Balıkesir)
635033,2024-08-06 02:32:58,1.5,188.6090800260428,6.82,0.9488939387655783,Ege Denizi - [30.27 km] Dikili (İzmir)
635034,2024-08-06 02:32:27,0.9,133.9457860429158,9.09,1.0028431419022819,Tavas (Denizli)
635042,2024-08-06 00:34:16,1.4,160.40918963884243,7.01,1.2120648423179725,Köyceğiz (Muğla)
635043,2024-08-05 23:18:37,1.3,151.80307555892244,5.76,1.146832163251794,Ege Denizi - Kuşadası Körfezi - [18.19 km] Kuşadası (Aydın)
635048,2024-08-06 00:02:23,1.1,98.47592726573863,7.03,1.7144009706000807,Çal (Denizli)
635049,2024-08-06 00:18:16,1.5,184.87289731653198,7.62,1.158909380583407,Çameli (Denizli)
635051,2024-08-06 03:12:15,1.5,427.0585740797722,10.67,0.6171333610811345,Çubuk (Ankara)
635058,2024-08-06 03:53:00,1.0,331.47220984037733,7.98,1.0461963156056453,Beypazarı (Ankara)
635059,2024-08-06 04:02:58,1.2,215.69928311277232,7.0,1.1297559846537004,Marmara Denizi - Gemlik Körfezi - [04.19 km] Mudanya (Bursa)
635060,2024-08-06 04:20:00,1.0,395.08476307010244,8.56,0.9427570776623792,Gölbaşı (Ankara)
635064,2024-08-06 04:35:24,1.5,259.69046251249773,6.34,0.9853520903422961,Marmara Denizi - [10.25 km] Şarköy (Tekirdağ)
635065,2024-08-06 04:49:38,1.3,140.39277890361225,7.02,1.156876828565797,Yeşilova (Burdur)
635071,2024-08-06 05:17:52,1.7,226.70976592959485,9.28,1.1119575112751259,Ege Denizi - [27.93 km] Çeşme (İzmir)
635076,2024-08-06 06:30:47,0.9,129.32602889002473,11.15,1.0547661630895462,Menderes (İzmir)
635078,2024-08-06 07:14:02,0.7,37.328519563832586,6.93,6.871024839257923,Salihli (Manisa)
635081,2024-08-06 08:32:17,1.2,161.39054479837006,7.0,0.8843285844897295,Ege Denizi - [11.46 km] Dikili (İzmir)
635085,2024-08-06 11:05:01,1.5,254.36945034580478,10.49,1.1390101168937723,Ege Denizi - [02.93 km] Ezine (Çanakkale)
635086,2024-08-06 11:33:31,1.8,166.6187656404116,11.21,0.7378522914388187,Gölhisar (Burdur)
635089,2024-08-06 12:03:14,0.8,398.6060637759186,7.5,1.297299598698173,Merkez (Kırklareli)
635090,2024-08-06 12:51:57,1.4,229.91464549837576,6.05,1.2348783070466793,Korkuteli (Antalya)
635091,2024-08-06 12:57:36,1.2,158.04361696787313,7.0,1.2201015912351323,Ege Denizi - [10.68 km] Foça (İzmir)
635092,2024-08-06 13:04:26,1.4,236.21329590349555,3.61,1.3766450933012169,Korkuteli (Antalya)
635093,2024-08-06 13:20:03,1.6,235.56607013741723,5.61,1.2841993119502357,Korkuteli (Antalya)
635094,2024-08-06 13:18:30,1.2,462.9406837449556,7.05,0.8568726389000031,"Burgas, Burgaz (Bulgaristan) - [52.65 km] Kofçaz (Kırklareli)"
635095,2024-08-06 13:35:40,1.6,158.3421267851727,11.46,0.8252017349541083,Ege Denizi - [10.78 km] Foça (İzmir)
635099,2024-08-06 15:11:10,1.3,484.674915692306,43.75,1.1085125970234098,Sliven (Bulgaristan) - [65.72 km] Lalapaşa (Edirne)
635102,2024-08-06 16:15:11,1.9,233.15505945398615,7.19,1.1262080238217753,"Ege Denizi, Sakız Adası (Hiyos) - [40.42 km] Çeşme (İzmir)"
635104,2024-08-06 17:50:04,1.8,186.67436776550943,7.0,1.0155001887159585,Ege Denizi - Gökova Körfezi - [15.60 km] Milas (Muğla)
635106,2024-08-06 19:43:04,1.4,295.95418686863286,7.36,0.8977864768105767,Manavgat (Antalya)
635108,2024-08-06 20:28:09,1.4,202.1043278178995,7.04,0.8776599264532898,Yenice (Çanakkale)
635109,2024-08-06 20:20:31,2.0,361.33724725983933,9.52,0.9265437535992264,Akdeniz - [151.95 km] Marmaris (Muğla)
635113,2024-08-06 21:55:02,1.2,222.58109620751839,7.0,1.164543389142133,Ege Denizi - [10.08 km] Ayvacık (Çanakkale)
635117,2024-08-07 00:15:19,2.9,241.47560798301626,7.14,2.6551248857579663,Ege Denizi - [54.52 km] Karaburun (İzmir)
635129,2024-08-07 01:53:22,1.8,365.74776612675225,6.45,0.935252901716622,Merkez (Bolu)
635132,2024-08-07 03:29:20,3.3,467.6597948257343,7.0,1.304460461753048,Ege Denizi
635138,2024-08-07 03:46:08,1.7,213.5591670008607,7.03,1.027927102482122,Marmara Denizi - Gemlik Körfezi - [02.80 km] Mudanya (Bursa)
635143,2024-08-07 04:46:18,1.9,338.4323983344726,6.99,1.2046109635228428,Beypazarı (Ankara)
635146,2024-08-07 05:14:06,1.4,271.42376090537357,7.0,1.0757426270697221,Marmara Denizi - [02.33 km] Şarköy (Tekirdağ)
635147,2024-08-07 05:19:57,3.5,446.24288608587614,9.03,1.0922142567028361,Ege Denizi
635149,2024-08-07 06:12:24,1.2,490.1734453766021,7.0,0.9366539616659425,Sulakyurt (Kırıkkale)
635150,2024-08-07 06:04:23,1.5,111.55528189234464,6.99,1.496486778706571,Soma (Manisa)
635155,2024-08-07 07:34:41,0.8,477.7930340548816,7.0,1.078223450491833,Kaman (Kırşehir)
635157,2024-08-07 07:52:21,1.0,146.00665395195804,29.67,0.9102620680877165,Sandıklı (Afyonkarahisar)
635166,2024-08-07 08:59:26,0.7,52.93871555831353,7.0,10.951659929847844,Ulubey (Uşak)
635167,2024-08-07 08:45:22,1.3,164.60542858933738,7.0,1.337925907506026,Mustafakemalpaşa (Bursa)
635168,2024-08-07 09:06:33,1.1,195.93054731789107,7.0,1.006576092413169,Tepebaşı (Eskişehir)
635173,2024-08-07 09:21:30,1.2,115.76704183532182,7.0,1.1525496859800484,Torbalı (İzmir)
635179,2024-08-07 09:56:36,1.2,148.95197117458832,7.0,1.1864793669162628,Tavşanlı (Kütahya)
635180,2024-08-07 09:53:02,1.3,264.64036581742164,7.53,1.0569998244178067,Marmara Denizi - [22.38 km] Silivri (İstanbul)
635181,2024-08-07 10:15:39,1.7,154.49104144365424,8.67,1.2570557319969846,Dikili (İzmir)
635183,2024-08-07 10:51:25,1.5,116.24942725604554,1.83,1.2589632987669674,Emet (Kütahya)
635184,2024-08-07 11:00:25,2.3,361.0489863228079,14.1,1.0097330552528618,Akdeniz - [150.81 km] Marmaris (Muğla)
635185,2024-08-07 11:26:33,1.8,142.6309906890569,7.3,1.1456045239677457,Ege Denizi - Kuşadası Körfezi - [08.41 km] Kuşadası (Aydın)
635186,2024-08-07 11:52:34,1.8,141.65844590618212,8.13,0.9897686173262685,Ege Denizi - Kuşadası Körfezi - [07.83 km] Kuşadası (Aydın)
635188,2024-08-07 12:24:51,1.5,276.39330188963845,7.0,1.0508318131017447,Dilovası (Kocaeli)
635217,2024-08-07 19:55:47,1.1,109.32681427168338,7.0,1.205729674422352,Bozkurt (Denizli)
635219,2024-08-07 21:23:23,1.3,130.95919463345848,5.11,1.543628322644563,Çardak (Denizli)
635222,2024-08-07 22:24:07,1.3,140.1295656587931,9.52,1.1623894880416679,Ege Denizi - Kuşadası Körfezi - [02.40 km] Menderes (İzmir)
635229,2024-08-07 23:20:46,1.6,377.3648696724061,13.7,1.0285589911412454,Merkez (Bolu)
635230,2024-08-07 23:41:27,1.2,181.5959059432256,7.0,1.1285362962124073,Ege Denizi - Gökova Körfezi - [04.64 km] Milas (Muğla)
635231,2024-08-07 23:57:44,1.7,332.8221845788547,7.13,1.1458536170763454,Beypazarı (Ankara)
635235,2024-08-08 03:14:02,1.0,398.92768287030964,7.0,1.0012003432568595,Çankaya (Ankara)
635238,2024-08-08 03:44:26,1.0,362.85215908997725,9.75,1.024833001793363,Merkez (Bolu)
635242,2024-08-08 04:15:58,1.4,217.85809450134175,7.0,1.0725465558455733,Marmara Denizi - Gemlik Körfezi - [06.53 km] Mudanya (Bursa)
635243,2024-08-08 00:10:11,1.0,244.2709536526581,7.03,0.9159323923272118,Sultandağı (Afyonkarahisar)
635247,2024-08-08 01:17:51,1.0,151.81185492180754,7.0,1.0572496175157815,Ula (Muğla)
635250,2024-08-08 06:26:24,1.8,225.68102240782585,19.3,1.2013351225027158,Ege Denizi - [26.28 km] Çeşme (İzmir)
635253,2024-08-08 08:22:10,2.8,386.51801343168825,7.84,1.0231695225257749,Akdeniz - [166.24 km] Datça (Muğla)
635258,2024-08-08 09:07:15,1.5,140.1930644788709,7.0,1.3178241012871885,Dinar (Afyonkarahisar)
635262,2024-08-08 10:37:29,1.2,115.87691670508615,5.04,1.2217191681209718,Emet (Kütahya)
635263,2024-08-08 11:00:46,1.3,66.57317474509749,7.0,3.907930921129386,Sarayköy (Denizli)
635264,2024-08-08 11:17:36,2.2,285.2796005762376,9.45,0.9472208909786085,Ilgın (Konya)
635267,2024-08-08 12:10:30,0.7,363.7927594555072,9.41,1.2670178112122807,Yığılca (Düzce)
635269,2024-08-08 12:56:32,1.2,151.18988084385114,7.0,1.132139475117127,Tavşanlı (Kütahya)
635274,2024-08-08 14:31:45,1.0,198.3243693711814,7.0,0.9966659286714816,İnönü (Eskişehir)
635277,2024-08-08 15:36:08,1.6,215.58040626104255,7.0,1.6274107869816583,Ege Denizi - [19.04 km] Çeşme (İzmir)
635279,2024-08-08 16:16:57,3.5,385.8201992801262,7.0,1.6211251433998384,Ege Denizi
635280,2024-08-08 17:07:11,3.3,271.2775438711888,10.06,3.785209961205661,Akdeniz - [44.22 km] Kaş (Antalya)
635283,2024-08-08 18:03:21,1.2,136.78030585625118,7.0,0.7783448373744377,Yatağan (Muğla)
635286,2024-08-08 20:08:28,1.4,211.86867330952435,7.17,1.8748983940547073,Ege Denizi - [03.80 km] Marmaris (Muğla)
635289,2024-08-08 20:45:09,1.2,65.51330513281212,6.85,2.309865618079886,Buharkent (Aydın)
635290,2024-08-08 20:44:08,1.0,61.93631162829692,7.01,2.3070252303031458,Kuyucak (Aydın)
635292,2024-08-08 21:28:22,1.9,234.78879585300962,70.76,1.6420114302158306,Döşemealtı (Antalya)
635293,2024-08-08 21:31:24,1.5,284.6457753464341,7.0,1.0315528330942125,Ilgın (Konya)
635296,2024-08-08 22:47:29,3.2,194.27148389282183,7.47,8.321867315595101,Ege Denizi - Gökova Körfezi - [11.62 km] Datça (Muğla)
635300,2024-08-08 23:25:31,2.5,210.2501941851126,7.0,3.1609962960727316,Ege Denizi - Edremit Körfezi - [04.95 km] Ayvacık (Çanakkale)
635302,2024-08-08 23:59:00,1.8,166.02333321742339,7.0,1.1188450751109795,Ege Denizi - Gökova Körfezi - [04.04 km] Menteşe (Muğla)
635303,2024-08-08 23:51:56,2.5,380.55927852118475,2.23,1.779401644419574,Akdeniz - [77.82 km] Alanya (Antalya)
635307,2024-08-09 02:08:21,2.2,330.753369847968,6.98,0.9832243015127275,Beypazarı (Ankara)
635308,2024-08-09 02:14:12,1.2,365.89244091646316,7.0,0.9680470813008938,Merkez (Bolu)
635311,2024-08-09 03:02:21,2.4,370.39965749228014,40.32,1.884050872998679,Akdeniz - [55.80 km] Alanya (Antalya)
635314,2024-08-09 02:53:08,1.5,234.95070984916921,7.02,0.16675927727191212,Marmara Denizi - [06.03 km] Armutlu (Yalova)
635315,2024-08-09 03:49:06,2.0,312.63033188698296,8.0,1.8215820097804323,İbradı (Antalya)
635316,2024-08-09 04:01:31,1.5,140.96557879177467,7.0,1.5261436868004727,Bergama (İzmir)
635319,2024-08-09 05:30:59,1.8,219.11519502651132,12.57,1.1597791042312546,Ege Denizi - [20.44 km] Çeşme (İzmir)
635320,2024-08-09 06:41:13,1.2,369.7020741578873,7.0,0.9829330286399116,Selçuklu (Konya)
635321,2024-08-09 06:32:56,1.8,369.80035477042776,6.0,1.086522689189328,Merkez (Bolu)
635323,2024-08-09 06:53:59,1.5,112.78640432061624,7.16,1.7028892126779644,Soma (Manisa)
635324,2024-08-09 07:38:21,4.1,276.1529951987807,11.76,21.24605466459333,Akdeniz - [48.11 km] Kaş (Antalya)
635326,2024-08-09 07:59:06,1.7,376.34628474090016,7.0,0.9406636188095009,Merkez (Bolu)
635327,2024-08-09 08:51:50,4.2,275.468679691266,12.4,12.551464297418084,Akdeniz - [52.11 km] Kaş (Antalya)
635330,2024-08-09 09:09:21,1.5,415.72492902531206,24.8,1.3372255087377884,Çubuk (Ankara)
635333,2024-08-09 09:47:55,1.3,155.55299110984424,22.2,1.0473355372345075,Domaniç (Kütahya)
635334,2024-08-09 09:48:18,2.4,232.45910370752992,35.8,1.3390305218303389,Ege Denizi - [11.21 km] Ayvacık (Çanakkale)
635335,2024-08-09 10:09:57,1.9,273.9024494181838,6.82,0.8145150107422253,Akdeniz - [44.51 km] Kaş (Antalya)
635337,2024-08-09 10:22:38,1.3,113.5747791670824,3.93,0.9836528976605071,Emet (Kütahya)
635338,2024-08-09 11:07:21,1.4,151.61727112908852,13.9,0.972020358205974,Tavşanlı (Kütahya)
635339,2024-08-09 10:55:56,3.0,272.053204736216,5.27,2.5715182870844764,Akdeniz - [46.96 km] Kaş (Antalya)
635344,2024-08-09 12:57:24,3.0,443.876111572211,4.7,0.9155820502987781,Ege Denizi
635352,2024-08-09 15:03:37,2.0,89.58306280728574,14.76,3.7133669002975576,Çal (Denizli)
635356,2024-08-09 15:54:17,1.3,67.16108241549031,5.66,1.588348545450431,Sarayköy (Denizli)
635357,2024-08-09 16:08:07,1.1,87.4412916011044,11.59,1.0998292503892784,Pamukkale (Denizli)
635358,2024-08-09 16:02:04,1.6,257.4751852028539,8.05,0.9079877036340105,Şarkikaraağaç (Isparta)
635362,2024-08-09 16:16:10,1.6,225.82520121262266,11.55,1.0064552139487968,Erdek (Balıkesir)
635364,2024-08-09 16:50:22,1.0,147.40250668377072,7.0,0.7177563928960417,Salda Gölü - [03.01 km] Yeşilova (Burdur)
635370,2024-08-09 19:51:58,1.7,263.61178278873075,10.79,1.0423554942917117,Ege Denizi - [42.54 km] Ayvacık (Çanakkale)
635371,2024-08-09 19:57:59,1.6,228.96271793297603,7.03,1.1569200057839655,Ege Denizi - [39.18 km] Karaburun (İzmir)
635372,2024-08-09 19:47:02,1.1,94.6252609944979,7.0,1.3272274391379801,Pamukkale (Denizli)
635376,2024-08-09 20:58:43,1.3,87.01171407518468,5.63,2.2377328084146426,Akhisar (Manisa)
635377,2024-08-09 21:16:15,1.3,87.1261637975276,9.37,1.5307093143241504,Akhisar (Manisa)
635386,2024-08-09 22:02:07,1.8,307.3499152316297,7.0,0.8588489783846422,Ege Denizi - [92.70 km] Datça (Muğla)
635391,2024-08-09 23:25:57,0.9,371.6596948270972,4.05,1.4017221713571353,Merkez (Bolu)
635396,2024-08-10 01:23:21,1.5,363.2988318920058,9.55,1.0600553558828154,Akdeniz - [73.21 km] Kumluca (Antalya)
635397,2024-08-10 02:26:48,1.7,319.4095292269745,9.17,1.0890054284863016,Ege Denizi - [53.61 km] Gökçeada (Çanakkale)
635400,2024-08-10 03:10:00,1.2,98.44307258124554,7.09,3.728340570624001,Çivril (Denizli)
635405,2024-08-10 04:19:19,1.4,253.06251478283224,12.38,1.0388102524309815,Ege Denizi - [13.61 km] Ayvacık (Çanakkale)
635406,2024-08-10 04:25:58,0.9,355.20683321756553,9.73,0.9337385493844435,Selçuklu (Konya)
635407,2024-08-10 04:33:54,1.1,250.66720878984933,15.01,0.940691778428067,Ege Denizi - [13.28 km] Ayvacık (Çanakkale)
635408,2024-08-10 05:18:03,1.1,156.33914103784406,7.0,1.0693867279422693,Ege Denizi - Kuşadası Körfezi - [21.97 km] Menderes (İzmir)
635409,2024-08-10 05:00:00,1.5,242.62459929877733,7.0,1.0778762291987538,Korkuteli (Antalya)
635410,2024-08-10 05:19:54,1.2,203.5881313111777,7.0,0.9803716059600468,Merkez (Isparta)
635418,2024-08-10 11:53:52,2.3,247.91084921450692,7.0,1.4319578054211024,Ege Denizi - [08.78 km] Ayvacık (Çanakkale)
635422,2024-08-10 15:49:03,1.5,280.11663030623987,7.4,0.630805049211226,Akdeniz - [46.19 km] Kaş (Antalya)
635424,2024-08-10 16:57:55,1.0,159.76108343157193,7.0,0.8334113946180174,Köyceğiz (Muğla)
635425,2024-08-10 17:05:10,3.3,416.40178480240456,7.0,0.9349086642944657,Ayion Oros (Yunanistan) - [122.95 km] Gökçeada (Çanakkale)
635430,2024-08-10 18:21:04,2.4,324.08822278263847,14.18,0.9470018993237729,Ege Denizi - [102.88 km] Datça (Muğla)
635435,2024-08-10 19:03:07,1.4,64.76228441196847,7.0,11.377542872110924,Sarayköy (Denizli)
635437,2024-08-10 20:54:14,2.5,430.7636131829723,7.0,1.1175822686770474,Ege Denizi
635441,2024-08-10 22:07:06,2.2,285.656941143373,6.32,2.0441050238758853,Ege Denizi - [85.34 km] Çeşme (İzmir)
635442,2024-08-10 22:18:56,1.1,298.2138141479209,10.34,1.2678546794226548,Ilgın (Konya)
635444,2024-08-10 22:53:35,1.8,107.63453025367242,9.18,2.438589397747476,Germencik (Aydın)
635445,2024-08-11 00:04:23,1.2,73.49533982618543,6.77,0.929116089425266,Ödemiş (İzmir)
635448,2024-08-11 01:48:26,3.2,455.24069125742756,10.65,1.0527818574852674,Ege Denizi
635449,2024-08-11 01:54:18,2.2,329.4598678200741,7.0,0.8631675858849142,Beypazarı (Ankara)
635452,2024-08-11 03:21:49,1.3,131.9900390590422,5.3,1.1237271878445403,Ege Denizi - Kuşadası Körfezi - [07.16 km] Selçuk (İzmir)
635458,2024-08-11 05:48:28,2.3,401.10618687914393,6.45,1.079846639593938,Ege Denizi
635460,2024-08-11 07:56:32,2.1,173.7601010713856,7.0,2.170993318203197,Ege Denizi - [17.62 km] Foça (İzmir)
635463,2024-08-11 10:25:26,2.3,141.03427186809952,6.81,2.2544304248162437,Yatağan (Muğla)
635465,2024-08-11 10:03:56,1.6,113.13494507601692,7.0,1.3619117956911007,Emet (Kütahya)
635466,2024-08-11 09:43:56,1.4,150.87984755156603,7.01,0.9428258437260874,Tavşanlı (Kütahya)
635470,2024-08-11 12:45:30,2.1,272.1213035142459,7.75,1.3275056229522346,Marmara Denizi - [06.93 km] Süleymanpaşa (Tekirdağ)
635471,2024-08-11 12:56:46,2.4,271.41221691076436,7.02,1.0100595455295103,Marmara Denizi - [06.18 km] Süleymanpaşa (Tekirdağ)
635473,2024-08-11 14:00:15,2.1,225.83660718217206,6.02,1.0801665510997147,Akdeniz - Fethiye Körfezi - [11.56 km] Fethiye (Muğla)
635477,2024-08-11 15:04:04,1.6,190.59256718131883,7.0,0.9181925179614778,Ege Denizi - [27.17 km] Karaburun (İzmir)
635481,2024-08-11 16:05:59,1.7,197.40705660631295,12.68,1.8824712077967656,Yenice (Çanakkale)
635482,2024-08-11 16:10:37,1.4,118.94360650210935,9.44,0.8593463656925123,Buca (İzmir)
635483,2024-08-11 16:59:40,3.7,447.4449159306942,4.71,0.9925405677557657,Ege Denizi
635484,2024-08-11 16:45:20,1.5,154.4201032016546,6.77,0.7838210251875227,Ege Denizi - Kuşadası Körfezi - [12.52 km] Kuşadası (Aydın)
635485,2024-08-11 16:31:15,1.0,386.1879481604526,6.42,0.8371371997543766,Mengen (Bolu)
635488,2024-08-11 17:21:45,3.0,443.10334307795046,10.25,1.1921475531036718,Ege Denizi
635491,2024-08-11 18:07:48,1.3,306.7993794346554,21.4,1.0868733211016581,Akdeniz - [20.35 km] Kumluca (Antalya)
635493,2024-08-11 18:38:58,3.1,436.4192312866679,15.97,0.957490184770925,Ege Denizi
635494,2024-08-11 18:40:07,2.4,246.87630179472154,9.97,1.1333610976316888,Lapseki (Çanakkale)
635496,2024-08-11 19:26:45,1.3,333.7883992757266,7.0,1.0659374313385626,Beypazarı (Ankara)
635497,2024-08-11 19:11:14,0.9,199.40587634008273,7.77,1.0909751231257083,Merkez (Afyonkarahisar)
635498,2024-08-11 19:46:28,1.0,332.10043002881906,9.47,1.0132067298066147,Beypazarı (Ankara)
635501,2024-08-11 20:13:02,1.2,60.42426179117081,7.09,1.3975489077859318,Buldan (Denizli)
635502,2024-08-11 20:04:33,1.8,356.5588577588335,5.16,0.9842632092942996,Ege Denizi - [132.99 km] Datça (Muğla)
635504,2024-08-11 20:32:13,1.1,95.77136620783708,10.26,1.0142770378246397,Gediz (Kütahya)
635513,2024-08-11 21:58:35,1.5,137.40170502512544,5.35,0.9590705826888871,Söke (Aydın)
635518,2024-08-11 22:31:57,1.7,139.2596371312543,7.0,1.0945411070321192,Yatağan (Muğla)
635519,2024-08-11 22:52:53,1.5,342.91142342426065,7.07,0.9580466729545646,Akdeniz - [50.99 km] Kumluca (Antalya)
635521,2024-08-11 22:32:50,3.1,441.61745386916033,11.76,0.951750381754922,Ege Denizi
635522,2024-08-11 22:05:24,1.1,125.09448957977958,11.12,0.9028098744993376,Menderes (İzmir)
635523,2024-08-11 22:17:31,1.4,89.95564468796718,13.35,1.0955445066201852,Çal (Denizli)
635524,2024-08-11 22:36:57,2.9,441.79128220508187,5.48,0.9486289882728534,Ege Denizi
635527,2024-08-12 01:21:43,1.2,331.9609334384504,6.85,1.0918247727038703,Beypazarı (Ankara)
635531,2024-08-12 01:41:43,1.6,105.74156175448896,7.53,1.172920057687835,Kırkağaç (Manisa)
635532,2024-08-11 23:06:01,1.5,155.95815346500635,6.4,0.9960117802577371,Ege Denizi - Kuşadası Körfezi - [19.23 km] Menderes (İzmir)
635544,2024-08-12 02:24:55,2.1,270.7119717381439,6.96,0.9504132069079011,Marmara Denizi - [06.85 km] Süleymanpaşa (Tekirdağ)
635546,2024-08-12 00:54:43,1.1,313.3954823279124,6.89,1.066032619074051,Meram (Konya)
635547,2024-08-12 00:58:08,1.4,313.64139890375924,7.49,0.9997891120482214,Meram (Konya)
635549,2024-08-12 02:02:43,1.1,117.23632283622969,9.37,1.0260075007822007,Gediz (Kütahya)
635552,2024-08-12 02:11:59,1.0,333.21731448843093,6.97,1.0426525445448238,Beypazarı (Ankara)
635553,2024-08-12 02:46:42,1.8,346.96046833813574,6.25,1.0448864577101613,Ege Denizi
635563,2024-08-12 05:18:15,2.3,194.46058719063313,9.77,1.0973714577674323,Gönen (Balıkesir)
635564,2024-08-12 05:10:25,1.4,406.5959675355978,12.2,0.9919047604367947,Gerede (Bolu)
635566,2024-08-12 05:45:26,1.4,274.0063535828719,7.03,0.9264135111124655,Marmara Denizi - [04.88 km] Süleymanpaşa (Tekirdağ)
635567,2024-08-12 05:55:35,1.8,374.8262903146997,13.57,1.4435934886130668,Merkez (Bolu)
635571,2024-08-12 07:20:56,1.9,251.434384589651,12.64,0.7220382896817767,Ege Denizi - [21.66 km] Ayvacık (Çanakkale)
635577,2024-08-12 09:33:44,1.5,220.44541367318035,16.5,1.227078401520096,Çan (Çanakkale)
635578,2024-08-12 09:49:36,2.3,354.09113878081877,17.7,1.3970212097773982,Yığılca (Düzce)
635579,2024-08-12 09:48:57,1.8,352.51611329215893,18.6,1.0900695488931174,Yığılca (Düzce)
635580,2024-08-12 10:01:04,1.4,169.8418971709223,22.54,0.7121243943669795,Mustafakemalpaşa (Bursa)
635581,2024-08-12 11:05:41,2.0,472.40610957732207,7.02,1.011290299319778,Mut (Mersin)
635583,2024-08-12 13:24:52,4.3,455.8627493654529,14.59,0.9087266242328752,Ege Denizi
635584,2024-08-12 13:39:45,4.3,473.98972395994355,10.52,0.8782264552763933,"Khalkidiki, Kentriki Makedonia (Yunanistan) - [177.59 km] Gökçeada (Çanakkale)"
635585,2024-08-12 14:07:41,1.2,411.7630748386387,7.02,1.3855004871520789,Mamak (Ankara)
635589,2024-08-12 15:09:49,2.3,221.07880733305694,7.0,1.1985835296732772,"Ege Denizi, Midilli Adası (Lesvos) - [14.32 km] Ayvacık (Çanakkale)"
635592,2024-08-12 16:03:01,3.1,449.0453103347996,4.15,0.7907508197986406,Ege Denizi
635593,2024-08-12 16:52:50,3.3,432.5807074411533,7.0,1.101810804916788,Ege Denizi
635595,2024-08-12 18:20:49,2.1,398.58357963602566,6.73,0.8269614036766384,Ege Denizi
635596,2024-08-12 18:52:08,1.1,95.82670742115731,7.0,1.7221127405649732,Kırkağaç (Manisa)
635598,2024-08-12 19:26:47,2.0,320.7627115646498,18.1,1.7145168217837918,Akdeniz - [31.47 km] Kumluca (Antalya)
635599,2024-08-12 20:15:52,2.3,416.2903377952171,7.0,0.9384164525119488,Ege Denizi
635600,2024-08-12 20:20:42,1.4,335.4525560199538,6.87,0.9214657598826124,Beypazarı (Ankara)
635609,2024-08-12 21:22:47,2.6,444.4627458005827,6.33,1.2357334846635422,Ege Denizi
635614,2024-08-12 22:54:51,1.1,418.6690172944641,7.0,1.1647995299318952,Elmadağ (Ankara)
635615,2024-08-13 00:04:53,3.2,63.488014082948325,6.93,87.19931353102204,Güney (Denizli)
635616,2024-08-13 00:08:58,0.9,63.11554411457257,7.0,1.2212580872207779,Güney (Denizli)
635620,2024-08-13 00:32:24,1.5,64.56303303617919,6.94,2.5278199754202144,Güney (Denizli)
635622,2024-08-12 23:56:33,1.8,163.95262951051487,7.0,1.078823701423669,Ege Denizi - [16.91 km] Seferihisar (İzmir)
635623,2024-08-13 00:43:07,1.7,66.44273575976591,7.0,5.495115361833417,Pamukkale (Denizli)
635625,2024-08-13 00:51:36,1.6,65.48545880555515,8.98,2.8443321600182343,Pamukkale (Denizli)
635626,2024-08-13 00:57:47,1.2,164.95486577721036,7.0,0.9857227400312408,Ege Denizi - [21.67 km] Seferihisar (İzmir)
635627,2024-08-13 01:10:58,2.1,168.13986866871502,7.0,0.9771691929255428,Ege Denizi - [21.27 km] Seferihisar (İzmir)
635629,2024-08-13 01:35:57,1.1,130.15288317349965,7.0,0.970777665292372,Dumlupınar (Kütahya)
635630,2024-08-13 01:52:34,2.1,165.962526878794,7.0,0.9481802667718807,Ege Denizi - [20.19 km] Seferihisar (İzmir)
635631,2024-08-13 01:50:07,1.7,165.79586465429114,7.0,1.0339567999295654,Ege Denizi - [19.45 km] Seferihisar (İzmir)
635635,2024-08-13 02:31:53,2.0,389.0595852438026,21.82,0.9980726611432756,Akdeniz - [99.91 km] Kumluca (Antalya)
635636,2024-08-13 03:03:09,2.2,167.09344597771596,7.0,1.5182199554509976,Ege Denizi - [18.66 km] Seferihisar (İzmir)
635637,2024-08-13 03:00:33,2.9,63.17812862241959,7.0,94.21354817554486,Güney (Denizli)
635642,2024-08-13 04:14:26,1.2,239.50802198797047,7.0,0.8372031287400447,Biga (Çanakkale)
635644,2024-08-13 06:54:34,2.4,63.72814421918737,10.92,7.77819434873681,Güney (Denizli)
635648,2024-08-13 08:03:04,1.5,64.76055590255123,7.05,0.9082258193398577,Güney (Denizli)
635650,2024-08-13 08:33:34,1.8,127.00424594600246,11.14,0.8628309634354517,Selçuk (İzmir)
635652,2024-08-13 08:59:20,1.4,162.55071942222756,7.0,1.9424669242687895,Milas (Muğla)
635653,2024-08-13 09:09:17,0.8,50.521186582079174,7.5,2.1799218392574793,Ulubey (Uşak)
635654,2024-08-13 09:12:52,0.9,51.91431759228557,7.0,2.839498391347632,Ulubey (Uşak)
635656,2024-08-13 10:01:36,1.5,131.1975621709117,6.97,0.56358157268097,Ege Denizi - Kuşadası Körfezi - [05.84 km] Selçuk (İzmir)
635657,2024-08-13 10:09:06,1.2,115.31927294750838,7.0,1.1590676200736707,Emet (Kütahya)
635658,2024-08-13 10:03:01,1.3,152.50760347319564,6.91,0.552962780997557,Tavşanlı (Kütahya)
635660,2024-08-13 10:22:12,1.1,451.1663501005583,7.0,1.4309609683794458,Keskin (Kırıkkale)
635663,2024-08-13 11:21:39,2.3,250.85100015295592,10.72,1.207385818678931,Ege Denizi - [09.79 km] Ayvacık (Çanakkale)
635666,2024-08-13 12:02:36,1.5,111.7318138522618,5.06,0.9628507535778323,Buca (İzmir)
635668,2024-08-13 12:21:09,1.4,165.8548361632716,9.02,0.9708142581985996,Ege Denizi - [04.42 km] Dikili (İzmir)
635672,2024-08-13 15:02:44,1.6,234.10885156019373,76.75,1.653281610272798,Döşemealtı (Antalya)
635683,2024-08-13 18:32:59,2.5,339.2209846264048,6.83,1.2362800483143281,Akdeniz - [122.01 km] Kaş (Antalya)
635687,2024-08-13 20:12:21,2.0,324.1098310078927,7.0,1.0861409766503463,Nallıhan (Ankara)
635693,2024-08-13 21:24:14,1.0,63.00371320340268,7.0,1.06393188608926,Güney (Denizli)
635695,2024-08-13 21:49:41,1.0,64.29069319108854,10.29,1.929044367815663,Güney (Denizli)
635698,2024-08-13 22:22:21,2.2,421.4470983410375,5.41,0.9060557086886423,Ege Denizi
635699,2024-08-13 22:13:37,1.2,424.2925329480591,6.98,0.9501946499491345,Karapınar (Konya)
635705,2024-08-13 23:45:51,2.3,163.7225412492096,10.88,3.047390901688111,Ege Denizi - İzmir Körfezi - [05.49 km] Foça (İzmir)
635707,2024-08-14 00:09:52,1.7,162.19598314912147,12.21,1.077456706734352,Ege Denizi - İzmir Körfezi - [04.44 km] Foça (İzmir)
635714,2024-08-14 01:19:01,1.8,159.98530802661912,6.97,1.2337402675795737,Menteşe (Muğla)
635715,2024-08-14 01:17:50,1.3,456.0219474935808,11.96,1.148450814499273,Kalecik (Ankara)
635718,2024-08-14 01:43:13,2.0,178.88280302360803,6.97,1.3653424755738022,Ege Denizi - [19.36 km] Dikili (İzmir)
635719,2024-08-14 01:32:41,0.9,159.95840152992142,7.0,1.0296223637166972,Menteşe (Muğla)
635720,2024-08-14 02:05:32,2.7,250.09407189101805,9.4,1.0676995537638172,Ege Denizi - [09.90 km] Ayvacık (Çanakkale)
635723,2024-08-14 02:33:02,1.6,152.56219318157537,7.0,1.0940388863027244,Susurluk (Balıkesir)
635724,2024-08-14 02:49:47,1.7,202.43926246265332,9.86,0.9623769750356894,Gürsu (Bursa)
635727,2024-08-14 04:11:50,1.1,129.42933731035436,6.29,1.1979823215623255,Ege Denizi - Kuşadası Körfezi - [04.24 km] Selçuk (İzmir)
635728,2024-08-14 04:11:01,2.6,421.06091894346673,6.2,0.9348374414998472,"Ege Denizi, Taşoz (Tasos) - [116.36 km] Gökçeada (Çanakkale)"
635731,2024-08-14 05:31:55,1.3,152.59646407591464,7.09,0.8624893485030981,Ege Denizi - Kuşadası Körfezi - [19.79 km] Kuşadası (Aydın)
635732,2024-08-14 06:05:38,1.0,129.91249688374367,7.0,0.9871333373009835,Ege Denizi - Kuşadası Körfezi - [05.05 km] Selçuk (İzmir)
635733,2024-08-14 06:13:25,2.1,309.13507969643973,7.03,0.8801920672124257,Ege Denizi - [13.96 km] Gökçeada (Çanakkale)
635734,2024-08-14 06:40:17,1.4,215.0218391360521,7.0,1.1622589560131753,Marmara Denizi - Gemlik Körfezi - [03.59 km] Mudanya (Bursa)
635735,2024-08-14 06:24:48,1.1,101.40035709118295,7.0,0.7039887952236706,Gediz (Kütahya)
635737,2024-08-14 07:04:52,1.2,359.54383493777397,7.14,1.092254674948873,Selçuklu (Konya)
635739,2024-08-14 07:32:35,2.6,64.57241054225914,6.99,24.535123603341795,Güney (Denizli)
635741,2024-08-14 08:28:05,2.2,347.5153630965436,7.0,0.7525815285457033,Ege Denizi
635742,2024-08-14 08:00:31,2.1,229.22918285404975,7.05,0.8298249687744018,Ege Denizi - [44.62 km] Karaburun (İzmir)
635743,2024-08-14 08:06:58,1.3,197.14401129015744,7.0,1.0193985038602722,Bozüyük (Bilecik)
635745,2024-08-14 08:53:37,1.0,83.84315706814547,7.56,0.7892141665483915,Simav (Kütahya)
635749,2024-08-14 09:09:10,1.0,103.99984595072893,7.0,0.8318644155288806,Honaz (Denizli)
635752,2024-08-14 09:30:13,1.6,157.63733424259036,7.0,0.8514062638389395,Orhaneli (Bursa)
635753,2024-08-14 09:39:24,1.4,154.98892822057184,7.66,0.78151683570542,Orhaneli (Bursa)
635754,2024-08-14 09:52:15,1.0,226.47860517660808,7.0,0.4705767228900104,Söğüt (Bilecik)
635755,2024-08-14 09:48:02,1.4,152.0683805321822,6.65,0.8505488680178945,Tavşanlı (Kütahya)
635760,2024-08-14 10:14:09,1.2,234.18202188715694,7.0,0.9046448142659693,Odunpazarı (Eskişehir)
635761,2024-08-14 10:06:12,1.6,156.46394183447393,7.04,3.2879335573955117,Orhaneli (Bursa)
635762,2024-08-14 10:16:38,1.5,396.9545655513276,7.0,0.9713411315763899,Gerede (Bolu)
635764,2024-08-14 10:34:18,1.3,114.58260777077768,7.0,3.873633609905838,Emet (Kütahya)
635769,2024-08-14 11:33:43,3.1,176.58220008780367,10.23,1.0854393543931635,Ege Denizi - [13.90 km] Karaburun (İzmir)
635770,2024-08-14 11:53:59,2.1,176.51576961652438,6.97,0.4949870302404636,Ege Denizi - [15.11 km] Karaburun (İzmir)
635771,2024-08-14 12:06:36,1.8,383.5188448062084,7.0,0.5322514747132143,Merkez (Bolu)
635772,2024-08-14 12:25:11,1.9,250.92008144961645,7.11,1.8887354796415858,Ege Denizi - [10.41 km] Ayvacık (Çanakkale)
635773,2024-08-14 12:22:57,1.5,411.1436578800686,7.13,0.8732539382191739,Kazan (Ankara)
635776,2024-08-14 12:37:22,1.1,485.3164776795626,7.36,1.9747252021837052,Mut (Mersin)
635778,2024-08-14 12:53:35,2.2,328.33332123023,6.83,6.6866506737555165,Nallıhan (Ankara)
635779,2024-08-14 12:49:43,0.8,65.63097129019583,7.0,1.7389330537282666,Sarayköy (Denizli)
635781,2024-08-14 13:24:51,1.1,174.86643093796337,7.0,0.9121879347038037,Merkez (Afyonkarahisar)
635782,2024-08-14 13:16:09,1.3,444.9050659183636,7.0,0.6636767889740247,Yahşihan (Kırıkkale)
635784,2024-08-14 14:07:07,1.2,172.09976165091567,7.0,0.8218998252276679,Ege Denizi - [11.89 km] Urla (İzmir)
635786,2024-08-14 13:48:33,1.3,197.51143270503553,7.0,0.9696497338068829,Fethiye (Muğla)
635788,2024-08-14 14:39:38,0.9,54.501989341815545,7.0,1.3130856999662925,Ulubey (Uşak)
635789,2024-08-14 14:39:52,1.2,198.63125981299993,6.99,0.2929275150504606,İnönü (Eskişehir)
635791,2024-08-14 16:21:59,3.0,301.1585577212535,20.44,0.9062596471826103,Ege Denizi - [86.25 km] Datça (Muğla)
635792,2024-08-14 16:17:11,1.6,189.63366774302258,7.0,0.9871053626469001,Ege Denizi - [38.50 km] Seferihisar (İzmir)
635799,2024-08-14 19:06:36,2.6,254.32086886223013,7.0,2.8925174317966924,Ege Denizi - [68.36 km] Bodrum (Muğla)
635800,2024-08-14 19:08:20,2.2,244.73186096551146,7.0,0.7119732873297616,Ege Denizi - [58.48 km] Bodrum (Muğla)
635807,2024-08-14 22:20:25,1.3,227.60892936203868,7.0,0.9438293476104089,Korkuteli (Antalya)
635808,2024-08-14 23:58:51,1.3,363.5265549030939,6.82,1.2686498940862592,Merkez (Bolu)
635811,2024-08-14 23:34:13,1.6,217.49080529957735,6.88,0.9401267968914261,Marmara Denizi - Gemlik Körfezi - [05.14 km] Armutlu (Yalova)
635815,2024-08-15 01:43:49,1.4,123.4854849123137,7.01,1.007331624992455,Menteşe (Muğla)
635819,2024-08-15 03:20:31,3.6,216.80566598260128,7.0,6.358624080782414,Marmara Denizi - Gemlik Körfezi - [04.75 km] Armutlu (Yalova)
635820,2024-08-15 03:18:02,2.4,157.67935944055947,7.0,1.0124495939726401,Ula (Muğla)
635821,2024-08-15 03:18:56,2.1,158.50003306673915,7.0,0.851102999635407,Ula (Muğla)
635822,2024-08-15 02:30:32,1.4,253.23935057603177,7.33,0.906759605159647,Akdeniz - [35.40 km] Fethiye (Muğla)
635824,2024-08-15 04:03:06,2.4,333.73168358811245,7.0,1.0291259789327194,Beypazarı (Ankara)
635826,2024-08-15 04:51:46,1.5,251.12435038950585,6.49,1.260027144977585,Marmara Denizi - [07.75 km] Çınarcık (Yalova)
635830,2024-08-15 05:09:04,1.8,254.21676712251312,6.82,1.1883840944789352,Ege Denizi - [58.15 km] Çeşme (İzmir)
635831,2024-08-15 06:53:09,1.7,110.4068086475408,7.0,2.061940750945503,Germencik (Aydın)
635832,2024-08-15 06:58:29,1.4,107.15101211928204,7.0,0.690046895405793,Soma (Manisa)
635835,2024-08-15 08:10:12,0.9,111.79311640348912,7.0,0.9383178121005881,Germencik (Aydın)
635840,2024-08-15 09:15:35,1.7,274.66432158749444,7.06,1.1805486482105692,Akdeniz - [49.08 km] Kaş (Antalya)
635841,2024-08-15 09:27:41,0.9,362.8962481591637,7.0,0.9607348065665411,Vize (Kırklareli)
635842,2024-08-15 09:27:05,0.8,363.64683051012594,7.0,1.0998579293622208,Vize (Kırklareli)
635845,2024-08-15 09:30:00,1.3,398.86004558048694,7.0,0.9343837050059188,Karatay (Konya)
635850,2024-08-15 10:40:03,2.2,253.50031290864516,10.2,0.8097689705061418,Ege Denizi - [28.31 km] Ayvacık (Çanakkale)
635851,2024-08-15 10:47:41,2.4,215.37763858392873,9.98,2.1801422001122805,Marmara Denizi - Gemlik Körfezi - [05.69 km] Mudanya (Bursa)
635852,2024-08-15 11:13:22,2.0,229.01286526038047,18.83,1.1103048178171826,Akdeniz - Fethiye Körfezi - [06.69 km] Fethiye (Muğla)
635855,2024-08-15 11:25:20,1.2,10.894687758075932,7.31,40.047320511852426,Alaşehir (Manisa)
635856,2024-08-15 11:41:32,1.0,240.27993010309433,7.01,0.9564307735271281,Bolvadin (Afyonkarahisar)
635857,2024-08-15 11:42:23,1.3,176.21201111284273,7.0,1.0317209612881229,Merkez (Kütahya)
635862,2024-08-15 12:53:02,1.2,187.26185787952417,7.0,0.9108310262199973,Çameli (Denizli)
635870,2024-08-15 14:53:16,2.5,308.44054919888526,7.0,1.4966597346911774,Ege Denizi - [82.93 km] Ayvacık (Çanakkale)
635875,2024-08-15 15:56:20,1.9,258.042262722619,9.16,1.022687931873766,Akdeniz - [35.84 km] Seydikemer (Muğla)
635882,2024-08-15 17:24:24,2.7,232.13931088867923,68.63,3.7409071796285627,Döşemealtı (Antalya)
635883,2024-08-15 18:03:06,2.1,258.4588665291296,11.41,1.0809643773405673,Akdeniz - [35.62 km] Seydikemer (Muğla)
635884,2024-08-15 18:17:12,1.8,102.06402796052747,6.66,1.2952945070363753,Saruhanlı (Manisa)
635886,2024-08-15 19:27:48,1.3,187.99804654876402,7.03,0.9955031290494185,Ege Denizi - Gökova Körfezi - [08.31 km] Bodrum (Muğla)
635887,2024-08-15 19:21:54,1.4,337.9086204474708,6.52,1.2936349822235371,Beypazarı (Ankara)
635894,2024-08-15 21:02:01,1.6,227.36326821295685,10.3,1.1433603831171233,Akdeniz - Fethiye Körfezi - [04.41 km] Fethiye (Muğla)
635895,2024-08-15 21:08:55,0.8,221.95085790903957,7.0,1.1793516454241941,Fethiye (Muğla)
635896,2024-08-15 21:20:33,1.0,221.4062476836034,7.03,1.0140995312067254,Fethiye (Muğla)
635898,2024-08-15 22:02:13,1.6,186.48600777826368,7.0,0.9738706503644002,Ege Denizi - Gökova Körfezi - [14.58 km] Milas (Muğla)
635899,2024-08-15 22:09:48,1.2,178.59157310662545,7.0,1.0085980605192162,Ege Denizi - Gökova Körfezi - [05.44 km] Milas (Muğla)
635900,2024-08-15 22:18:22,1.4,282.66924419886567,6.81,1.00503592135173,Ege Denizi - [34.17 km] Bozcaada (Çanakkale)
635901,2024-08-15 22:19:37,1.1,297.7145746455613,7.02,1.0302016191029506,Akyazı (Sakarya)
635904,2024-08-15 22:49:16,0.8,361.9301187642729,7.0,0.9046792107300652,Akören (Konya)
635911,2024-08-16 01:19:56,1.2,330.83121978375254,7.0,0.8465321146095405,Beypazarı (Ankara)
635912,2024-08-16 02:08:03,1.0,415.6074957081516,7.0,1.1004237860251473,Bala (Ankara)
635915,2024-08-16 02:14:17,2.5,388.66168130503104,9.5,0.8577214297531731,Ege Denizi
635917,2024-08-16 01:39:49,1.0,230.0681325733561,8.01,0.9860839754737954,Emirdağ (Afyonkarahisar)
635920,2024-08-15 23:38:42,1.1,381.484640022607,7.01,1.0139816413961773,Kulu (Konya)
635923,2024-08-15 23:15:09,1.7,470.5774502312868,11.09,1.1248522326344828,Mut (Mersin)
635924,2024-08-15 23:13:26,1.0,412.22406262522946,4.87,0.7278437144837626,Bala (Ankara)
635927,2024-08-16 02:44:09,1.0,401.53324364925766,7.0,1.0546173652687207,Çankaya (Ankara)
635928,2024-08-16 03:19:59,1.2,185.85642198778712,6.99,1.0280602609182066,Ege Denizi - [27.73 km] Karaburun (İzmir)
635929,2024-08-16 03:00:23,1.0,101.57708659958561,7.0,0.6653999483833695,Hisarcık (Kütahya)
635930,2024-08-16 03:28:03,1.9,334.5939922662452,6.98,0.8803833723364063,Beypazarı (Ankara)
635933,2024-08-16 04:28:12,1.0,120.17662833733137,7.0,1.063257220892259,Buca (İzmir)
635934,2024-08-16 04:04:36,1.2,134.87579680740006,5.14,0.9763019716097474,Ege Denizi - Kuşadası Körfezi - [05.22 km] Menderes (İzmir)
635937,2024-08-16 05:31:14,1.0,195.30942690534062,7.0,1.1836462778782124,Bozüyük (Bilecik)
635938,2024-08-16 06:07:31,1.4,210.99533397538144,9.37,0.7531852493112872,Bandırma (Balıkesir)
635940,2024-08-16 05:50:13,0.9,170.47248672299764,7.0,0.8303828851359962,Merkez (Afyonkarahisar)
635943,2024-08-16 08:18:19,0.9,237.7530484761402,7.0,1.0161037648835687,Akşehir (Konya)
635945,2024-08-16 08:59:06,1.2,52.87053424746871,7.0,7.37227577369326,Ulubey (Uşak)
635950,2024-08-16 09:36:32,1.3,151.00608533912802,7.0,0.9149978499454953,Tavşanlı (Kütahya)
635957,2024-08-16 10:57:01,1.0,387.35066091525675,13.64,1.6102478796810842,Merkez (Kırklareli)
635965,2024-08-16 12:55:53,1.0,151.59628524083098,7.0,0.9669396379841155,Beyağaç (Denizli)
635969,2024-08-16 13:53:40,1.3,469.71971356743904,7.0,0.8610628155440918,Mut (Mersin)
635970,2024-08-16 14:23:04,1.7,234.17283267846335,6.39,0.8505928304459061,Ayvacık (Çanakkale)
635971,2024-08-16 14:34:48,0.8,317.52664507620415,7.0,0.9129413793493185,Söğütlü (Sakarya)
635976,2024-08-16 18:16:50,2.4,176.58297320934048,7.08,1.5365555843554888,Ege Denizi - [25.12 km] Seferihisar (İzmir)
635977,2024-08-16 18:23:36,1.7,173.30729667869477,7.0,1.0778100687752703,Ege Denizi - [22.09 km] Seferihisar (İzmir)
635978,2024-08-16 19:40:58,2.3,101.5330024231313,10.62,3.7041373850956765,Şehzadeler (Manisa)
635981,2024-08-16 23:11:00,1.2,151.1759220477486,7.0,1.0384759377465498,Menteşe (Muğla)
635983,2024-08-16 22:51:17,1.1,330.1493162304033,10.82,0.944454157734341,Gümüşova (Düzce)
635989,2024-08-17 00:09:28,1.1,248.0016355003202,7.06,0.9690040960770756,Akşehir Gölü - [08.42 km] Sultandağı (Afyonkarahisar)
635992,2024-08-17 02:03:28,2.1,265.1354666980671,23.95,1.1854273789417342,Akdeniz - [31.21 km] Kaş (Antalya)
635993,2024-08-17 01:06:01,1.2,179.81146876595025,7.0,0.9950816195203743,Ortaca (Muğla)
635995,2024-08-17 05:57:35,1.7,94.18812719479659,0.47,2.486483871457027,Akhisar (Manisa)
635999,2024-08-17 06:53:16,1.0,180.05678862875294,8.1,0.9031960193436911,Merkez (Kütahya)
636005,2024-08-17 11:55:56,2.0,332.4238883069743,6.63,1.8069888905830465,Beypazarı (Ankara)
636006,2024-08-17 08:59:21,0.9,205.01604990551812,7.0,1.1076299686583408,Bozüyük (Bilecik)
636007,2024-08-17 09:20:23,2.0,399.2959675987985,7.01,0.5704024861941293,Çankaya (Ankara)
636008,2024-08-17 09:43:06,1.7,156.73203635609073,7.06,1.8672642247280358,Orhaneli (Bursa)
636011,2024-08-17 12:51:11,1.3,142.32866376173993,7.0,0.9903483983304637,Ege Denizi - Kuşadası Körfezi - [07.46 km] Kuşadası (Aydın)
636013,2024-08-17 14:04:02,2.0,301.1208778656846,6.21,0.8445934568718797,Ege Denizi - [82.34 km] Datça (Muğla)
636014,2024-08-17 14:23:34,1.9,286.71938107152096,10.38,1.3229407500949075,Akdeniz - [46.10 km] Kaş (Antalya)
636019,2024-08-17 16:58:34,1.3,193.93902688965818,7.07,0.9940335054958271,Merkez (Isparta)
636020,2024-08-17 17:18:49,2.3,334.3168663925824,11.5,1.1626669923061832,Akdeniz - [117.62 km] Datça (Muğla)
636023,2024-08-17 18:58:25,2.7,311.47792201110553,8.86,1.3579129786479538,Kadınhanı (Konya)
636024,2024-08-17 18:34:24,1.8,255.12569811168592,7.17,0.8954194212660134,Ege Denizi - [28.71 km] Ayvacık (Çanakkale)
636026,2024-08-17 19:03:19,1.5,252.2069839065876,22.57,0.9455939288627941,Kaş (Antalya)
636029,2024-08-17 19:43:47,2.8,476.0575513816169,8.4,1.2412466182275235,Akdeniz - [256.95 km] Datça (Muğla)
636034,2024-08-17 20:33:26,1.2,119.66702147385979,9.06,1.156147929853601,Dursunbey (Balıkesir)
636036,2024-08-17 21:11:19,3.5,486.52267282726007,15.7,1.010792279156618,Akdeniz
636039,2024-08-17 21:39:13,1.9,144.51223746964226,7.0,1.0048683163802155,Ege Denizi - Kuşadası Körfezi - [09.52 km] Kuşadası (Aydın)
636040,2024-08-17 21:54:36,1.3,124.73098277146119,7.0,1.036277650043772,Kınık (İzmir)
636042,2024-08-17 22:06:50,2.3,122.9489424584083,7.0,3.2414267436519886,Altıeylül (Balıkesir)
636045,2024-08-17 22:22:11,1.3,335.1137102715258,6.87,1.0940350954538085,Beypazarı (Ankara)
636046,2024-08-17 22:47:30,2.2,99.13756698219132,6.97,14.334659190231973,Bigadiç (Balıkesir)
636051,2024-08-18 00:11:53,1.6,97.52953699288688,5.63,4.114274207187916,Bigadiç (Balıkesir)
636053,2024-08-18 00:33:07,1.6,330.8809520958121,6.99,0.9949634345902361,Beypazarı (Ankara)
636056,2024-08-18 01:02:36,1.6,96.05661147410044,6.98,4.943423109587069,Bigadiç (Balıkesir)
636060,2024-08-18 01:53:17,1.2,348.5389498897706,8.92,1.2505904862924484,Akdeniz - [60.68 km] Manavgat (Antalya)
636061,2024-08-18 02:10:31,1.4,96.8597034170671,6.99,2.4629759437833143,Bigadiç (Balıkesir)
636063,2024-08-18 02:30:52,1.2,102.80383013946432,6.97,3.16996552611829,Kırkağaç (Manisa)
636064,2024-08-18 02:50:09,1.4,328.9623734438476,7.08,1.007071042444423,Beypazarı (Ankara)
636067,2024-08-18 03:10:01,1.3,202.56420381713184,8.28,1.0664832315455162,Ege Denizi - [06.27 km] Bodrum (Muğla)
636069,2024-08-18 03:07:19,1.7,65.46697564372359,11.24,18.086406539740885,Sarayköy (Denizli)
636073,2024-08-18 04:00:11,1.2,113.65075509557772,7.0,1.0872886673767137,Tavas (Denizli)
636074,2024-08-18 04:36:06,1.3,272.69422682560185,6.96,1.1612120070582874,Marmara Denizi - [06.49 km] Süleymanpaşa (Tekirdağ)
636078,2024-08-18 05:04:09,1.2,97.15868346005266,6.98,1.3595757474795716,Bigadiç (Balıkesir)
636079,2024-08-18 05:17:11,1.4,162.55506289361637,7.0,3.30562030190137,Ege Denizi - İzmir Körfezi - [05.60 km] Foça (İzmir)
636080,2024-08-18 05:20:20,1.2,131.1197625484814,9.15,1.075140605098088,Yunusemre (Manisa)
636082,2024-08-18 05:53:40,0.8,141.72402769778392,6.94,0.910513504172076,Ege Denizi - Kuşadası Körfezi - [06.76 km] Kuşadası (Aydın)
636084,2024-08-18 07:30:20,0.4,220.70120440165653,5.9,1.0041185941231854,Çay (Afyonkarahisar)
636087,2024-08-18 08:03:44,1.0,459.4796886803994,7.09,1.0409849581204382,Evren (Ankara)
636088,2024-08-18 09:20:24,1.4,141.3673529267998,7.0,0.9535811064942749,Menteşe (Muğla)
636090,2024-08-18 09:56:17,1.4,412.85270359407826,5.37,0.8471961472762268,Bala (Ankara)
636091,2024-08-18 10:40:07,0.7,75.37254681267447,7.75,1.837253661680456,Simav (Kütahya)
636093,2024-08-18 11:32:16,1.6,383.4581049123648,8.87,0.8499807293027284,Kulu (Konya)
636094,2024-08-18 11:52:48,1.4,249.21986575805792,10.95,1.0470553859130007,Marmara Denizi - [01.10 km] Merkez (Yalova)
636098,2024-08-18 12:50:22,1.2,108.03657102532839,7.1,1.4096192514301507,Gediz (Kütahya)
636100,2024-08-18 13:04:08,1.8,280.1730698827297,7.13,0.7674490173426259,Akdeniz - [21.53 km] Kaş (Antalya)
636103,2024-08-18 15:17:18,1.5,331.6318941423194,7.0,1.0646191671220275,Gölyaka (Düzce)
636109,2024-08-18 18:01:14,1.8,242.0235517490502,7.0,0.8347671465210756,Çınarcık (Yalova)
636110,2024-08-18 18:02:07,1.8,243.434849955241,6.23,0.9252519995739342,Marmara Denizi - [00.73 km] Çınarcık (Yalova)
636120,2024-08-18 20:43:42,1.2,181.89933803570318,7.0,1.0552531399719198,Marmaris (Muğla)
636121,2024-08-18 21:32:48,2.3,217.54964206684207,27.24,2.1112909467258505,Akdeniz - Fethiye Körfezi - [09.56 km] Fethiye (Muğla)
636123,2024-08-18 22:39:05,1.5,204.67420451845274,7.0,1.1565374157074584,Ege Denizi - [34.63 km] Karaburun (İzmir)
636126,2024-08-19 01:32:39,3.5,120.4329312460387,7.0,82.77919767513345,Menderes (İzmir)
636130,2024-08-19 04:21:05,2.4,335.5426319633223,7.73,1.0086839172278723,Beypazarı (Ankara)
636131,2024-08-19 04:32:38,3.5,455.23388575474894,8.78,3.224566875716965,"Ege Denizi, Girit Adası (Kriti) - [234.40 km] Datça (Muğla)"
636136,2024-08-19 03:02:19,1.6,120.91770860114498,7.0,3.1626241829615918,Menderes (İzmir)
636137,2024-08-19 03:10:33,2.8,222.63140656740848,6.86,2.697637127818085,"Ege Denizi, Midilli Adası (Lesvos) - [14.90 km] Ayvacık (Çanakkale)"
636138,2024-08-19 02:13:34,2.8,220.14014675866758,7.0,1.5063377049795013,Ege Denizi - [12.21 km] Ayvacık (Çanakkale)
636139,2024-08-19 02:14:41,1.5,220.02404422956195,7.0,0.6343849103392234,Ege Denizi - [12.35 km] Ayvacık (Çanakkale)
636141,2024-08-19 05:32:06,1.7,220.4731034329024,8.49,0.9435363264712519,Ege Denizi - [09.27 km] Ayvacık (Çanakkale)
636142,2024-08-19 05:34:43,1.7,220.75939876455746,7.0,1.0168064167799256,"Ege Denizi, Midilli Adası (Lesvos) - [14.83 km] Ayvacık (Çanakkale)"
636144,2024-08-19 06:05:08,1.4,221.2689149332074,7.0,0.9660304545094134,Ege Denizi - [10.79 km] Ayvacık (Çanakkale)
636147,2024-08-19 06:57:27,1.3,217.09207366373477,7.0,0.8694369839589513,"Ege Denizi, Midilli Adası (Lesvos) - [15.42 km] Ayvacık (Çanakkale)"
636148,2024-08-19 07:27:36,2.0,205.81911798595365,11.51,1.4813814789065816,Ege Denizi - [60.44 km] Seferihisar (İzmir)
636156,2024-08-19 09:29:04,1.0,106.76209756072022,6.28,1.3859479218116555,Soma (Manisa)
636159,2024-08-19 09:27:00,2.6,372.75138262230945,10.72,0.8987505575099506,Akdeniz - [150.64 km] Datça (Muğla)
636160,2024-08-19 09:35:51,2.5,374.4218694784051,7.97,1.3866827299399982,Ege Denizi - [150.75 km] Datça (Muğla)
636161,2024-08-19 08:23:50,1.0,117.88582361036168,7.0,1.2307701419986241,Menderes (İzmir)
636163,2024-08-19 09:48:09,1.4,150.17502232495934,7.0,1.3125002558780536,Tavşanlı (Kütahya)
636168,2024-08-19 10:35:38,1.5,216.97623896629435,7.0,0.9795271041732584,Çan (Çanakkale)
636173,2024-08-19 12:04:00,1.4,147.3231670292527,31.94,0.7846741789700215,Menteşe (Muğla)
636184,2024-08-19 15:21:32,1.1,124.82233912617292,7.0,3.6011925227755808,Söke (Aydın)
636185,2024-08-19 15:23:30,1.3,194.35129765318626,6.99,0.9807811604771896,Bucak (Burdur)
636190,2024-08-19 15:40:09,1.8,221.64333030695133,11.55,1.2292541108883877,Ege Denizi - [12.90 km] Ayvacık (Çanakkale)
636191,2024-08-19 15:57:10,1.5,113.28172077536327,7.0,1.3541976636955664,Emet (Kütahya)
636192,2024-08-19 15:33:28,1.0,100.35490758658646,6.99,1.0600393566481097,Gediz (Kütahya)
636193,2024-08-19 15:32:07,2.0,351.20553129064524,8.46,0.9868997159355272,Akdeniz - [134.77 km] Datça (Muğla)
636194,2024-08-19 16:20:40,2.9,269.34814780975796,7.0,1.818563708909544,Akdeniz - [48.11 km] Kaş (Antalya)
636201,2024-08-19 17:06:35,1.7,202.65563894060693,7.13,1.3614394901040439,Ege Denizi - [08.30 km] Bodrum (Muğla)
636202,2024-08-19 17:12:30,2.1,294.3126337326877,15.22,1.235053287042956,Ege Denizi - [84.33 km] Marmaris (Muğla)
636203,2024-08-19 17:29:06,2.2,341.8164547695076,11.83,1.207713071416921,Ege Denizi - [120.19 km] Datça (Muğla)
636207,2024-08-19 18:37:39,1.9,375.33664509154914,5.88,0.9981346149384407,Merkez (Bolu)
636213,2024-08-19 21:26:08,1.5,220.0832740896167,7.05,1.0378123954233152,Ege Denizi - [12.20 km] Ayvacık (Çanakkale)
636217,2024-08-19 21:31:12,0.8,64.7489988320119,7.0,1.8165746835984453,Buharkent (Aydın)
636218,2024-08-19 22:19:09,1.2,223.87279901807653,6.35,0.3249825050605616,Ege Denizi - [25.18 km] Çeşme (İzmir)
636219,2024-08-19 22:20:23,1.2,331.96375930045485,8.99,0.7878960050862799,Beypazarı (Ankara)
636220,2024-08-19 22:17:55,1.6,433.0446396678867,12.48,1.5955560246399085,Bahşili (Kırıkkale)
636222,2024-08-19 22:54:13,3.6,95.31067999413222,7.76,443.26145166953677,Çal (Denizli)
636223,2024-08-19 22:55:10,2.6,96.28074527030842,7.0,0.06806764287286216,Honaz (Denizli)
636224,2024-08-19 22:44:49,2.0,443.8582284882494,11.31,0.7941626768657504,"Khalkidiki, Kentriki Makedonia (Yunanistan) - [159.59 km] Gökçeada (Çanakkale)"
636225,2024-08-19 22:47:24,1.1,119.76236699059481,8.08,1.7064181532159295,Dursunbey (Balıkesir)
636232,2024-08-19 23:05:13,1.7,96.09226611249095,11.62,11.76819364083637,Honaz (Denizli)
636233,2024-08-19 23:53:51,1.2,95.22455463676091,6.96,3.2694244879791707,Honaz (Denizli)
636234,2024-08-19 23:59:23,1.0,95.82018021900386,7.0,1.2170956273786349,Honaz (Denizli)
636235,2024-08-19 23:48:44,1.0,314.6131307544512,6.22,1.0340890779326446,Hendek (Sakarya)
636246,2024-08-20 01:33:03,1.5,163.47371320628383,7.04,1.2394903323707467,Ege Denizi - [20.59 km] Seferihisar (İzmir)
636250,2024-08-20 02:47:30,1.5,234.61092562806314,9.17,1.0038285544533785,"Ege Denizi, Midilli Adası (Lesvos) - [40.18 km] Ayvacık (Çanakkale)"
636253,2024-08-20 03:22:54,1.9,218.7885185997146,7.0,2.4889529692361987,Bucak (Burdur)
636255,2024-08-20 00:44:56,1.5,374.4615409959301,7.0,1.0129771301692057,Ege Denizi
636256,2024-08-20 00:40:59,2.6,433.0403847788958,12.73,1.1056796776822846,Ayion Oros (Yunanistan) - [138.44 km] Gökçeada (Çanakkale)
636257,2024-08-20 00:39:38,1.0,95.36942842983179,6.99,2.4249298972819933,Honaz (Denizli)
636258,2024-08-20 00:52:51,1.9,316.5366718641343,20.32,1.03415580647947,Ege Denizi - [97.37 km] Datça (Muğla)
636259,2024-08-20 00:53:56,1.6,268.84966364801204,7.0,0.9846371076272702,Ege Denizi - [89.96 km] Bodrum (Muğla)
636264,2024-08-20 03:55:33,1.1,271.8290672364753,6.99,1.0345831709357984,Marmara Denizi - [06.74 km] Süleymanpaşa (Tekirdağ)
636268,2024-08-20 04:20:47,1.2,366.1518730782238,10.05,1.0182037666565873,Merkez (Bolu)
636270,2024-08-20 05:13:12,2.2,367.2677969602957,54.42,2.820751811603611,Akdeniz - [43.82 km] Alanya (Antalya)
636271,2024-08-20 05:34:47,0.8,37.13094740292411,7.0,5.034478590978138,Salihli (Manisa)
636279,2024-08-20 07:08:48,1.0,487.91561494424053,7.31,1.0387802791048557,Merkez (Kırşehir)
636280,2024-08-20 07:42:40,3.7,450.2928038208488,14.67,1.380314066458759,Ege Denizi
636283,2024-08-20 08:24:43,1.7,151.41688524922878,7.0,1.6794725235252292,Ege Denizi - Kuşadası Körfezi - [18.52 km] Kuşadası (Aydın)
636288,2024-08-20 09:58:34,1.0,390.25439522766817,7.0,0.8851057874274603,Merkez (Kırklareli)
636289,2024-08-20 09:46:23,1.0,412.0519109766309,7.17,1.214476762047518,Lalapaşa (Edirne)
636290,2024-08-20 10:06:45,1.6,40.4069500717992,6.97,41.599991253102935,Salihli (Manisa)
636291,2024-08-20 10:00:43,1.2,109.73117515071154,7.03,1.248846469510067,Kemalpaşa (İzmir)
636292,2024-08-20 10:48:44,1.4,128.64375479706393,8.85,0.9637923717714854,Selçuk (İzmir)
636295,2024-08-20 11:05:22,1.5,272.36535013169276,15.55,1.2800867815610621,Ege Denizi - [80.84 km] Çeşme (İzmir)
636296,2024-08-20 11:13:32,1.0,447.8105975795102,8.73,0.826730852646357,Keskin (Kırıkkale)
636303,2024-08-20 13:27:26,1.0,241.0501996409463,6.98,1.476314691835368,Ayvacık (Çanakkale)
636305,2024-08-20 15:00:35,1.3,144.5303748014195,7.02,0.9184027195179469,Ege Denizi - İzmir Körfezi - [05.60 km] Çiğli (İzmir)
636306,2024-08-20 15:07:24,1.4,115.23256093552078,7.0,0.9397376920770492,Emet (Kütahya)
636307,2024-08-20 15:09:45,2.3,282.2655644517121,7.0,1.1376384988867327,Ege Denizi - [70.05 km] Datça (Muğla)
636308,2024-08-20 17:08:06,2.4,243.0739052396893,23.57,1.2544748436537,Seydikemer (Muğla)
636311,2024-08-20 17:51:15,1.5,243.36171151921062,22.0,0.8157232493832498,Kaş (Antalya)
636313,2024-08-20 18:02:04,1.4,118.83648353871534,6.93,1.3173740912569607,Menderes (İzmir)
636317,2024-08-20 18:21:41,2.7,226.67932736770584,9.23,2.2913286444352816,Korkuteli (Antalya)
636320,2024-08-20 19:38:34,1.5,95.67250607007634,7.13,5.26075593311816,Honaz (Denizli)
636330,2024-08-20 23:28:20,1.2,401.4391299615333,11.2,1.0199339010669064,Bala (Ankara)
636343,2024-08-21 07:35:27,3.9,255.12123178451753,33.84,5.409805844649923,Ege Denizi - [50.84 km] Ayvacık (Çanakkale)
636344,2024-08-21 07:11:16,1.5,120.80764419094955,8.78,1.3160176079202186,Buca (İzmir)
636346,2024-08-21 07:19:32,1.5,159.06529431155596,6.98,1.214360745476643,Ula (Muğla)
636352,2024-08-21 08:47:08,2.2,250.814292367387,10.8,0.9899335373593333,Ege Denizi - [47.07 km] Ayvacık (Çanakkale)
636354,2024-08-21 09:10:01,2.3,317.38791707866704,6.66,0.9726435701826173,Mihalıcçık (Eskişehir)
636355,2024-08-21 09:40:28,1.8,254.2201664311536,7.05,0.860800404039465,Ege Denizi - [48.10 km] Ayvacık (Çanakkale)
636356,2024-08-21 09:30:48,1.2,430.7737579085413,7.0,0.9552161895848876,Bala (Ankara)
636358,2024-08-21 09:51:47,2.4,252.29050737167424,6.78,1.006852213198808,Ege Denizi - [50.87 km] Ayvacık (Çanakkale)
636359,2024-08-21 09:58:58,2.2,241.2824016950421,7.0,0.816309231004848,Akdeniz - [43.30 km] Ortaca (Muğla)
636360,2024-08-21 10:39:00,2.4,160.8597078056137,8.55,2.1372780673819114,Ege Denizi - [06.31 km] Foça (İzmir)
636364,2024-08-21 12:31:56,1.6,171.883719045575,7.0,1.4272192944672337,Milas (Muğla)
636365,2024-08-21 13:31:47,2.0,254.22739775551915,7.02,1.092658859344817,Ege Denizi - [50.02 km] Ayvacık (Çanakkale)
636366,2024-08-21 14:01:24,1.9,249.86412118040244,6.93,1.1399579441154004,Ege Denizi - [44.50 km] Ayvacık (Çanakkale)
636367,2024-08-21 14:23:14,1.0,425.4975355428093,6.15,1.17833923331423,Bala (Ankara)
636369,2024-08-21 14:49:43,1.7,450.8006964648241,6.99,1.0056593475231075,Çerkeş (Çankırı)
636374,2024-08-21 15:09:18,2.2,245.66138483681098,6.87,1.100335017616643,Ege Denizi - [40.04 km] Ayvacık (Çanakkale)
636377,2024-08-21 15:56:17,1.0,491.8999338543336,6.47,0.9201737187733946,Merkez (Aksaray)
636384,2024-08-21 18:16:08,1.8,144.2888905237149,7.0,1.4012206472417985,Ege Denizi - İzmir Körfezi - [04.90 km] Çiğli (İzmir)
636406,2024-08-21 21:34:36,2.1,247.199661219467,7.04,1.007020183690964,Ege Denizi - [44.39 km] Ayvacık (Çanakkale)
636414,2024-08-21 23:07:44,1.1,91.21359378229242,7.0,0.878765222551363,Çal (Denizli)
636416,2024-08-21 23:47:18,1.0,160.65291704729083,7.0,0.8849225432676722,Köyceğiz (Muğla)
636418,2024-08-22 00:19:23,4.1,325.87718851208984,22.69,12.578591143367703,Akdeniz - [111.08 km] Datça (Muğla)
636432,2024-08-22 03:52:24,3.0,127.49100374680809,5.52,33.39490376922798,Dursunbey (Balıkesir)
636436,2024-08-22 05:11:46,0.9,402.696955651543,7.0,0.8930030009136611,Çankaya (Ankara)
636439,2024-08-22 06:20:06,1.5,221.64966328084634,7.02,0.9721380918335859,Ege Denizi - [12.93 km] Ayvacık (Çanakkale)
636442,2024-08-22 06:49:14,1.5,225.0414501404415,6.98,0.9957736497780074,Erdek (Balıkesir)
636444,2024-08-22 09:19:52,2.1,284.45323257186897,5.14,1.3177713615566091,Ege Denizi - [73.64 km] Datça (Muğla)
636445,2024-08-22 06:36:12,0.8,160.96212234482374,7.0,1.034952049907924,Ula (Muğla)
636447,2024-08-22 09:27:05,2.5,362.3737121445627,8.64,1.1668033598519765,Akdeniz - [75.54 km] Kumluca (Antalya)
636448,2024-08-22 07:13:37,1.3,157.83412907615406,7.42,1.0292960935544186,Dikili (İzmir)
636452,2024-08-22 07:31:50,1.9,74.8141060470203,10.06,31.971954446945723,Pamukkale (Denizli)
636455,2024-08-22 09:57:17,2.4,254.1743560364714,7.04,1.4270399170386059,Marmara Denizi - [20.43 km] Beylikdüzü (İstanbul)
636456,2024-08-22 09:50:32,1.0,151.35632515671335,7.0,0.9036017864244151,Tavşanlı (Kütahya)
636457,2024-08-22 09:54:02,1.0,150.35181578231197,7.0,1.0353831929299857,Tavşanlı (Kütahya)
636459,2024-08-22 09:06:09,1.0,215.36264482920564,7.0,0.9293087446855616,Yenişehir (Bursa)
636460,2024-08-22 11:20:52,1.5,364.4489798898482,7.2,1.4700212060055924,Yığılca (Düzce)
636461,2024-08-22 09:41:21,1.3,110.17503960295048,4.67,1.0371438089971652,Bornova (İzmir)
636462,2024-08-22 11:46:50,1.8,82.68209596037428,6.98,2.2935477244649443,Akhisar (Manisa)
636464,2024-08-22 10:33:33,0.9,158.81961372845936,5.1,1.2274346061918564,Köyceğiz (Muğla)
636472,2024-08-22 15:05:12,3.2,353.04932606663476,15.95,2.0281182516509753,Akdeniz - [62.81 km] Kumluca (Antalya)
636474,2024-08-22 16:29:14,1.4,149.50742924846483,7.0,0.8445513779589178,İvrindi (Balıkesir)
636482,2024-08-22 18:55:11,1.4,239.1497475076463,5.13,1.1667380681895398,Marmara Denizi - [05.84 km] Çınarcık (Yalova)
636487,2024-08-22 20:26:01,1.2,411.1390989364366,9.54,1.0470962685045802,Hadim (Konya)
636488,2024-08-22 20:22:50,1.6,235.150821117346,7.07,0.9747465476242003,Ege Denizi - [09.19 km] Ayvacık (Çanakkale)
636490,2024-08-22 20:58:02,2.6,402.0345914900644,7.0,1.1279016602907184,Ege Denizi
636497,2024-08-22 23:00:55,2.2,391.9019498571826,71.99,2.2150188297819766,Akdeniz - [27.54 km] Alanya (Antalya)
636499,2024-08-22 23:18:33,1.4,67.13355097401735,7.0,6.992407814353763,Sarayköy (Denizli)
636500,2024-08-22 23:29:29,1.8,64.91664893932793,7.0,17.773238867804054,Sarayköy (Denizli)
636501,2024-08-22 23:30:32,1.4,66.64686947199623,7.0,0.6431113085640526,Sarayköy (Denizli)
636506,2024-08-23 03:22:16,1.9,245.9827359403526,7.0,1.1820907533963156,Lapseki (Çanakkale)
636507,2024-08-23 03:39:41,1.3,193.48404899645632,7.0,0.99107902649336,Fethiye (Muğla)
636510,2024-08-23 06:08:56,1.3,161.2270924636028,7.0,0.9536534163286743,Acıpayam (Denizli)
636511,2024-08-23 06:01:13,2.1,463.82043154678456,6.88,1.0385550011381683,Ayrancı (Karaman)
636516,2024-08-23 07:28:11,3.5,263.5295675056256,6.37,9.301760528788986,Ege Denizi - [80.41 km] Bodrum (Muğla)
636521,2024-08-23 08:36:02,1.5,113.55613500992625,15.11,1.4939264671455745,Yunusemre (Manisa)
636526,2024-08-23 09:25:47,1.6,157.7202505391679,7.0,1.5171077369063364,Orhaneli (Bursa)
636529,2024-08-23 09:39:33,1.3,430.5617249077517,12.1,0.8896411558953689,"Topolovgrad, Hasköy (Bulgaristan) - [14.60 km] Lalapaşa (Edirne)"
636530,2024-08-23 09:51:28,1.5,116.18926357442403,5.41,1.168814106529689,Emet (Kütahya)
636531,2024-08-23 10:02:57,1.4,152.90439406241617,7.08,1.6945080142154045,Orhaneli (Bursa)
636549,2024-08-23 12:48:40,1.4,290.5584388764631,6.9,0.6006264236463034,Akdeniz - [86.97 km] Marmaris (Muğla)
636560,2024-08-23 13:45:19,1.2,418.1046129374314,7.05,0.8848825770753743,Bala (Ankara)
636562,2024-08-23 14:19:25,1.1,49.851779076300694,7.0,4.1217013161487275,Ulubey (Uşak)
636568,2024-08-23 15:12:21,1.3,139.14057861115376,8.7,0.8408257286667125,Ege Denizi - Kuşadası Körfezi - [04.65 km] Menderes (İzmir)
636569,2024-08-23 15:20:21,1.0,202.75873175510444,7.0,0.7764085251473493,Fethiye (Muğla)
636579,2024-08-23 18:20:46,1.5,142.77242358921163,7.87,0.9812564783513381,Ege Denizi - Kuşadası Körfezi - [07.43 km] Kuşadası (Aydın)
636588,2024-08-23 17:46:24,1.8,264.652369139306,7.0,0.8749229764375535,Akdeniz - [44.06 km] Seydikemer (Muğla)
636591,2024-08-23 19:18:37,1.6,126.48955698165182,15.32,1.5123667881568614,Dursunbey (Balıkesir)
636597,2024-08-23 19:32:28,1.1,73.91981340653237,10.52,1.2521294010888895,Pamukkale (Denizli)
636598,2024-08-23 19:30:27,2.1,341.6470038387804,13.82,0.9801429734151862,Çilimli (Düzce)
636599,2024-08-23 20:13:29,1.3,156.72590778001037,7.0,0.9683371570185924,Merkez (Burdur)
636607,2024-08-23 21:14:41,2.0,385.08446399336117,40.38,1.0372558174801374,Akdeniz - [31.62 km] Alanya (Antalya)
636619,2024-08-23 22:51:45,1.3,224.53097783773225,7.04,1.060230704773505,Ege Denizi - [37.83 km] Karaburun (İzmir)
636620,2024-08-23 22:40:02,1.1,347.36312480345464,7.19,1.0838471954115834,Beypazarı (Ankara)
636624,2024-08-23 23:17:43,1.7,172.25628689799106,6.99,1.0049491448238195,Ege Denizi - [12.16 km] Dikili (İzmir)
636625,2024-08-23 23:37:09,1.0,167.581308873184,6.86,1.0359010784146545,Merkez (Afyonkarahisar)
636631,2024-08-24 00:10:39,3.0,340.0093295278485,37.04,1.2239866480375774,Akdeniz - [48.06 km] Kumluca (Antalya)
636639,2024-08-24 01:07:59,1.2,138.87646562842392,10.73,1.035814729869723,Menderes (İzmir)
636649,2024-08-24 02:56:57,1.5,67.56020124445273,7.0,1.6094325248343753,Sarayköy (Denizli)
636650,2024-08-24 02:58:29,1.6,65.82101252336032,7.31,2.0789318982153118,Sarayköy (Denizli)
636655,2024-08-24 03:26:26,1.2,73.78560791873902,9.04,1.1659569035643311,Pamukkale (Denizli)
636663,2024-08-24 04:51:41,2.0,248.4935047770034,8.45,1.2063380000631239,Ege Denizi - [47.25 km] Ayvacık (Çanakkale)
636666,2024-08-24 05:47:21,1.8,272.8695642803617,7.59,0.8456486619323523,Marmara Denizi - [06.44 km] Süleymanpaşa (Tekirdağ)
636670,2024-08-24 07:25:43,3.1,176.66931928812542,6.98,10.887209884008932,Ege Denizi - Gökova Körfezi - [05.28 km] Milas (Muğla)
636673,2024-08-24 08:11:59,1.7,102.19434180510329,7.0,1.9866600626478532,Honaz (Denizli)
636677,2024-08-24 09:04:42,0.9,196.94979976000013,7.0,0.7377720905757601,İnönü (Eskişehir)
636679,2024-08-24 09:55:25,1.3,365.1336189746278,5.5,1.4519605215086329,Selçuklu (Konya)
636680,2024-08-24 09:44:44,1.3,150.71216383071254,6.97,0.9196987173281174,Tavşanlı (Kütahya)
636681,2024-08-24 10:12:20,1.7,154.42652723551316,7.0,1.1142086645462481,Orhaneli (Bursa)
636682,2024-08-24 10:28:04,1.6,137.53515612783912,7.0,1.394518756587864,Büyükorhan (Bursa)
636684,2024-08-24 10:48:30,1.0,30.542866008864696,5.28,1.2601569635076788,Kiraz (İzmir)
636685,2024-08-24 11:04:48,2.7,401.8121294920329,7.66,0.8156457345624287,Ege Denizi
636686,2024-08-24 11:38:59,0.9,358.5761352899685,7.1,0.71518956376823,Vize (Kırklareli)
636692,2024-08-24 13:54:39,1.8,256.1376850211669,6.93,0.8701130083472842,Ege Denizi - [66.92 km] Karaburun (İzmir)
636693,2024-08-24 14:07:37,1.5,185.33863475688105,7.59,0.8995125412683289,Ege Denizi - [30.20 km] Söke (Aydın)
636695,2024-08-24 15:04:01,1.6,389.14911876135466,6.55,0.9376813226423008,Kulu (Konya)
636706,2024-08-24 21:08:27,1.8,139.8696832801218,7.16,1.6092511904139173,Ege Denizi - Kuşadası Körfezi - [05.02 km] Menderes (İzmir)
636707,2024-08-24 21:13:25,1.5,126.49215189899125,7.3,1.8969063113658968,Acıgöl - [03.87 km] Çardak (Denizli)
636710,2024-08-24 23:14:50,1.8,483.3647202642268,6.33,0.6958858349895674,Silifke (Mersin)
636713,2024-08-24 23:31:11,3.2,103.69874212094224,13.3,21.355154788683215,Tavas (Denizli)
636717,2024-08-25 03:18:14,1.3,159.88377327001663,6.74,0.9990710585586663,"Ege Denizi, Sisam Adası (Samos) - [17.67 km] Kuşadası (Aydın)"
636719,2024-08-25 02:52:04,1.2,104.05974444271483,11.14,1.4383873520688684,Honaz (Denizli)
636720,2024-08-25 01:18:01,1.4,93.76583654742025,7.24,1.5315532764526847,Kemalpaşa (İzmir)
636721,2024-08-25 01:02:58,1.4,334.31795131310423,7.52,1.0019847375285027,Merkez (Düzce)
636722,2024-08-25 04:39:05,0.8,212.27499150139482,7.13,0.9213086151308126,Çay (Afyonkarahisar)
636724,2024-08-25 06:43:48,2.4,300.6096798504807,7.0,0.222345594223468,Ilgın (Konya)
636726,2024-08-25 06:58:38,1.4,224.85494175939627,7.0,1.1105271160706196,Marmara Denizi - Erdek Körfezi - [01.48 km] Erdek (Balıkesir)
636729,2024-08-25 09:07:07,1.3,418.3914519098339,7.04,0.7934319056216736,Çubuk (Ankara)
636730,2024-08-25 11:19:14,0.9,296.8537220043003,7.01,0.9496784593023817,Ilgın (Konya)
636733,2024-08-25 12:28:45,1.6,397.881266500266,7.06,0.851447880899293,Cihanbeyli (Konya)
636735,2024-08-25 13:05:00,1.5,103.19452345080349,6.96,1.1393373625138081,Germencik (Aydın)
636740,2024-08-25 14:23:06,1.2,180.31805619413737,8.59,0.8825941993174654,Susurluk (Balıkesir)
636741,2024-08-25 14:54:46,1.6,114.13110133343443,7.1,1.682430975628535,Bigadiç (Balıkesir)
636743,2024-08-25 16:38:40,1.1,92.31511037154158,7.0,0.9454533514515755,Çal (Denizli)
636750,2024-08-25 19:32:55,1.8,160.66615518040322,7.96,0.8681897521564158,Ege Denizi - [17.57 km] Seferihisar (İzmir)
636753,2024-08-25 20:51:11,2.4,170.23198586943136,10.02,1.5899743277772223,Ege Denizi - [23.06 km] Seferihisar (İzmir)
636758,2024-08-25 21:04:15,1.4,169.71339931216116,7.0,0.9563983121674879,Ege Denizi - [20.61 km] Seferihisar (İzmir)
636761,2024-08-26 00:01:59,2.1,424.9522152046954,7.0,0.8876651316333111,Ege Denizi
636767,2024-08-26 02:13:14,1.8,408.68182797930575,66.77,1.1956272951789426,Akdeniz - [31.17 km] Gazipaşa (Antalya)
636770,2024-08-26 02:33:24,2.0,76.77327686215095,6.96,10.479378540950302,Akhisar (Manisa)
636773,2024-08-26 04:39:02,2.9,169.97104208926564,6.49,16.706795645634568,Ege Denizi - [22.42 km] Seferihisar (İzmir)
636774,2024-08-26 04:28:43,1.4,169.62864484950518,6.9,1.2247169618012608,Ege Denizi - [22.21 km] Seferihisar (İzmir)
636780,2024-08-26 07:02:14,1.4,126.13797962027179,6.99,1.5918761073955514,Aslanapa (Kütahya)
636782,2024-08-26 07:54:10,1.4,182.9615665237665,7.0,1.2560944069730817,Gönen (Balıkesir)
636786,2024-08-26 09:51:02,1.5,151.40418130458204,7.0,1.06072635775919,Tavşanlı (Kütahya)
636791,2024-08-26 10:47:12,1.0,104.89070205679677,7.0,2.456553569814638,Germencik (Aydın)
636794,2024-08-26 12:45:46,1.0,29.882076815081174,7.0,3.4110638557004136,Salihli (Manisa)
636796,2024-08-26 13:57:29,1.1,159.7003618589802,7.0,1.1985746318176456,Köyceğiz (Muğla)
636797,2024-08-26 14:10:33,1.6,125.46957087171619,11.03,1.356428294498569,Menderes (İzmir)
636798,2024-08-26 14:11:41,2.3,234.02194655478365,7.01,1.2169815907050536,Marmara Denizi - Erdek Körfezi - [07.12 km] Biga (Çanakkale)
636802,2024-08-26 16:24:51,2.8,242.4089693217855,9.38,1.1816284066995992,Çınarcık (Yalova)
636803,2024-08-26 16:20:36,2.2,332.15612031526643,6.98,1.1664563263659753,Beypazarı (Ankara)
636804,2024-08-26 17:00:18,3.0,120.125906227139,7.0,2.788765546064823,Menderes (İzmir)
636805,2024-08-26 17:05:11,2.1,120.76329117691284,7.0,0.6445913738478136,Menderes (İzmir)
636813,2024-08-26 22:10:55,3.6,408.3168640087598,12.54,0.6935049525918313,Akdeniz - [184.56 km] Datça (Muğla)
636817,2024-08-27 00:54:15,2.2,425.85918790142097,5.16,1.066821940285784,Akdeniz - [202.18 km] Datça (Muğla)
636822,2024-08-27 01:26:00,1.9,423.64474970345157,7.0,0.9904216216646298,Kızılcahamam (Ankara)
636823,2024-08-27 01:54:37,1.3,110.08997536720081,7.0,1.023261828835475,Kınık (İzmir)
636824,2024-08-27 03:24:02,2.0,327.59700154075847,19.23,0.5317986221088868,Meram (Konya)
636826,2024-08-27 02:48:55,1.6,210.43734168817812,7.0,0.5578510226248803,Gürsu (Bursa)
636827,2024-08-27 05:05:02,2.1,299.9109097762621,46.89,0.372600650373172,Ege Denizi - [76.45 km] Datça (Muğla)
636829,2024-08-27 05:55:05,1.1,159.28145368718538,7.0,0.9339084740691309,Menteşe (Muğla)
636833,2024-08-27 07:22:30,1.5,375.1815289697103,7.0,0.9721314523259857,Merkez (Bolu)
636835,2024-08-27 07:49:24,1.8,287.2381943481118,6.04,1.0715535379586132,Akdeniz - [49.41 km] Kaş (Antalya)
636836,2024-08-27 08:24:02,2.3,318.9155825536665,80.57,0.9721323391949587,Ege Denizi - [97.33 km] Datça (Muğla)
636840,2024-08-27 08:50:19,1.5,122.89058129749637,7.0,0.9759509955826309,Söke (Aydın)
636841,2024-08-27 08:39:27,0.9,32.94418101062249,7.0,5.78001081296217,Salihli (Manisa)
636843,2024-08-27 09:12:03,1.0,163.81951714323512,7.0,1.0309140577329443,Balya (Balıkesir)
636844,2024-08-27 09:23:39,1.4,166.93781083657146,7.0,1.188544476300488,Ege Denizi - Gökova Körfezi - [04.42 km] Menteşe (Muğla)
636845,2024-08-27 09:26:13,1.0,48.42210965489206,7.0,12.936106552461691,Ulubey (Uşak)
636846,2024-08-27 09:16:47,1.3,156.0694884885068,7.05,1.3219062218008082,Orhaneli (Bursa)
636847,2024-08-27 09:35:26,0.7,413.9948657852817,7.0,1.1074899229146993,Mamak (Ankara)
636853,2024-08-27 09:45:37,1.1,151.80742600187284,7.0,1.0631838425934752,Tavşanlı (Kütahya)
636854,2024-08-27 09:47:32,1.3,148.8815033900637,7.0,1.267424090311443,Tavşanlı (Kütahya)
636855,2024-08-27 09:48:41,1.3,149.07452933595005,7.0,2.8658362991243957,Tavşanlı (Kütahya)
636856,2024-08-27 10:01:30,1.0,427.8341896194794,7.0,0.9210253528916443,Bala (Ankara)
636858,2024-08-27 09:59:06,1.9,108.40937291865454,7.0,1.065098839750632,Bornova (İzmir)
636859,2024-08-27 10:15:48,1.1,117.54060220619901,7.0,1.869849537068558,Bigadiç (Balıkesir)
636864,2024-08-27 10:38:40,1.9,485.96285485640664,7.26,0.9282160399216357,Akdeniz
636865,2024-08-27 10:44:43,2.9,262.4488872447065,7.06,2.597860068993164,Ege Denizi - [41.21 km] Datça (Muğla)
636866,2024-08-27 10:48:36,2.8,373.068758957211,28.49,1.0891744187917178,Akdeniz - [87.21 km] Kumluca (Antalya)
636870,2024-08-27 11:41:15,1.3,409.04736932179514,7.0,1.1035723967876225,Lalapaşa (Edirne)
636871,2024-08-27 12:43:01,0.9,117.53441596044837,7.0,1.111494148243058,Menderes (İzmir)
636875,2024-08-27 13:40:58,1.2,136.0919330482941,7.87,1.1019502785723683,Menderes (İzmir)
636878,2024-08-27 14:21:39,1.3,154.8822742808197,7.0,1.4924195654166124,Orhaneli (Bursa)
636879,2024-08-27 14:28:23,0.7,50.80960658042909,7.0,1.3074913948305746,Ulubey (Uşak)
636886,2024-08-27 16:15:08,1.1,148.77964502838623,7.0,0.6513546039379848,Ege Denizi - Çandarlı Körfezi - [07.53 km] Aliağa (İzmir)
636890,2024-08-27 17:48:20,1.0,253.2709883238493,7.0,0.9286002429484947,Ege Denizi - [04.41 km] Ezine (Çanakkale)
636891,2024-08-27 18:01:22,1.6,252.6813955971846,7.0,1.198900919317377,Ege Denizi - [03.70 km] Ezine (Çanakkale)
636901,2024-08-27 20:15:59,1.7,431.30145916816025,7.65,1.0206031237973112,Çubuk (Ankara)
636906,2024-08-27 20:48:56,1.3,159.1435999651071,7.0,0.9627469555180476,Ege Denizi - [22.03 km] Seferihisar (İzmir)
636917,2024-08-27 23:21:18,1.4,288.9629841802548,28.24,1.1106409098649066,Akdeniz - [11.41 km] Kaş (Antalya)
636919,2024-08-27 23:57:07,2.7,290.3765201992256,7.0,1.6712156629416703,Akdeniz - [33.60 km] Kaş (Antalya)
636920,2024-08-27 23:49:32,1.6,75.78240356653538,7.0,4.269903579391549,Akhisar (Manisa)
636925,2024-08-28 01:16:09,1.7,246.45400748318184,7.05,1.0007999361048279,Ege Denizi - [53.88 km] Çeşme (İzmir)
636936,2024-08-28 02:39:15,2.0,392.74635505086013,21.11,1.080496493696788,Akdeniz - [167.07 km] Kaş (Antalya)
636939,2024-08-28 03:43:40,2.0,319.751541989804,7.03,1.070150355750687,Akdeniz - [104.54 km] Datça (Muğla)
636946,2024-08-28 05:52:10,2.1,133.2721976513692,11.06,1.6620902014223575,Aliağa (İzmir)
636949,2024-08-28 07:01:50,1.5,118.01693938200411,7.0,1.2838426898804127,Menderes (İzmir)
636951,2024-08-28 07:16:07,1.4,110.84132137875122,6.98,2.330954714959807,Soma (Manisa)
636952,2024-08-28 08:03:20,2.0,214.39885839579023,6.76,1.1852415804526042,Merkez (Isparta)
636957,2024-08-28 09:24:55,1.7,154.60733858279005,7.34,2.218423524790741,Orhaneli (Bursa)
636958,2024-08-28 10:02:26,1.6,364.5371686849015,7.43,0.7909748407528495,Selçuklu (Konya)
636960,2024-08-28 11:53:12,1.6,380.32186712934214,7.03,0.9077390587278784,Demirköy (Kırklareli)
636963,2024-08-28 12:55:30,2.0,200.967855485775,7.0,0.9669499669990893,Korkuteli (Antalya)
636970,2024-08-28 18:40:35,1.2,156.81205838710017,7.0,1.065639688686028,Köyceğiz (Muğla)
636976,2024-08-28 19:22:43,1.3,156.83339034928738,6.98,1.1093558451392462,Köyceğiz (Muğla)
636977,2024-08-28 19:32:49,1.0,160.76691182085466,6.95,1.210637685645311,Sinanpaşa (Afyonkarahisar)
636978,2024-08-28 20:29:54,1.8,433.59189003157024,8.44,0.9664115102739996,Akdeniz - [66.75 km] Gazipaşa (Antalya)
636981,2024-08-28 22:49:36,1.2,382.08209824708587,7.29,0.9071863032873367,Merkez (Bolu)
636983,2024-08-28 21:48:24,0.9,159.74010737904538,7.06,0.9961191862192192,Ula (Muğla)
636988,2024-08-29 00:59:09,2.8,103.42547877051567,7.0,19.790337571123956,Germencik (Aydın)
636989,2024-08-29 01:11:09,2.1,65.30737627902766,6.82,29.411030557087006,Sarayköy (Denizli)
636991,2024-08-29 03:24:49,1.5,112.18400950829123,6.82,3.905425482513752,Bigadiç (Balıkesir)
636992,2024-08-29 03:07:55,1.3,358.27232565404427,7.0,1.0598605455748509,Merkez (Bolu)
636993,2024-08-29 02:45:07,2.2,269.6351054327422,10.19,1.5827537411466506,Marmara Denizi - [05.59 km] Şarköy (Tekirdağ)
636995,2024-08-29 02:37:08,1.2,169.2957769628665,7.0,1.1194354740075156,Ege Denizi - [21.04 km] Seferihisar (İzmir)
636999,2024-08-29 06:37:12,1.8,299.50952664677044,7.0,1.0746551093048116,Ilgın (Konya)
637000,2024-08-29 06:38:18,1.7,274.96556329046643,7.29,1.0402041905012829,Ege Denizi - [65.13 km] Marmaris (Muğla)
637002,2024-08-29 07:25:28,1.8,256.7426109066176,10.9,1.2675244002730868,Ege Denizi - [71.47 km] Ayvacık (Çanakkale)
637003,2024-08-29 07:30:29,1.7,258.10189398770706,7.07,1.1189015000694476,Ege Denizi - [72.22 km] Karaburun (İzmir)
637005,2024-08-29 08:08:00,1.2,177.1902501074678,11.95,0.9771592928797247,Orhaneli (Bursa)
637007,2024-08-29 10:10:48,3.5,293.7385042660613,13.29,0.1479735693321142,Akdeniz - [45.49 km] Kaş (Antalya)
637010,2024-08-29 09:27:16,1.2,66.61380097401508,6.94,2.9190184132029082,Sarayköy (Denizli)
637011,2024-08-29 11:29:00,2.0,77.43656672836606,8.19,4.840648982540809,Akhisar (Manisa)
637013,2024-08-29 09:30:38,1.6,155.93880009379342,5.6,0.4979489467435042,Orhaneli (Bursa)
637016,2024-08-29 09:45:51,1.1,357.7916740328399,7.07,0.6130811558200358,Selçuklu (Konya)
637019,2024-08-29 12:12:12,2.5,308.8425546878779,8.32,0.8645991609237125,Ege Denizi - [92.16 km] Datça (Muğla)
637021,2024-08-29 15:09:05,1.6,322.28476930330226,6.98,0.9219861101443808,Seydişehir (Konya)
637036,2024-08-29 20:01:31,1.8,253.46321034142795,7.07,1.0113244936638148,Akdeniz - [57.96 km] Marmaris (Muğla)
637037,2024-08-29 20:54:48,1.0,284.7725397974639,6.69,1.0721607069052974,Ilgın (Konya)
637039,2024-08-29 21:15:46,1.7,117.15194299513037,7.0,1.6760083277057964,Torbalı (İzmir)
637043,2024-08-29 23:52:36,1.1,75.9433774931694,7.0,1.675507971272077,Akhisar (Manisa)
637045,2024-08-30 00:36:51,1.5,165.12934115150014,7.0,2.3399241095386,Keles (Bursa)
637047,2024-08-30 00:45:50,1.3,108.57076011114158,7.05,2.6724807544008478,Gediz (Kütahya)
637053,2024-08-30 03:12:38,1.3,103.21508317174862,7.0,1.3741003860130103,Germencik (Aydın)
637054,2024-08-30 04:47:06,2.0,313.563081762201,4.82,1.171159313046657,Akdeniz - [102.06 km] Marmaris (Muğla)
637057,2024-08-30 05:39:47,1.0,489.9543821334191,7.02,0.9865194390196376,Sulakyurt (Kırıkkale)
637059,2024-08-30 07:11:28,1.8,100.72833698395813,9.05,9.604475094203709,Bigadiç (Balıkesir)
637060,2024-08-30 07:24:42,1.5,154.40487635284376,6.97,1.1309647357672852,Tavşanlı (Kütahya)
637062,2024-08-30 08:59:29,1.3,47.933859296371494,7.0,7.6197545153464725,Merkez (Uşak)
637063,2024-08-30 09:40:33,1.5,149.828264706881,7.0,0.7829098789665174,Tavşanlı (Kütahya)
637066,2024-08-30 10:19:45,1.7,114.15448665023712,7.0,1.6795563375784692,Bigadiç (Balıkesir)
637069,2024-08-30 11:20:07,1.8,255.44262883447456,6.56,1.0971676813234974,Marmara Denizi - [20.03 km] Beylikdüzü (İstanbul)
637070,2024-08-30 12:43:08,1.8,226.54201745699407,10.14,1.0902403218950607,Odunpazarı (Eskişehir)
637071,2024-08-30 12:28:05,1.6,97.26546674433453,7.0,4.453141077755045,Hisarcık (Kütahya)
637073,2024-08-30 13:39:54,1.7,186.31721478948913,7.0,1.2027848592572106,Çeşme (İzmir)
637074,2024-08-30 13:24:29,1.8,371.7823016081729,5.18,0.9918576121456613,Merkez (Bolu)
637080,2024-08-30 16:42:25,1.4,220.4430934227892,7.0,0.7852943241568905,"Ege Denizi, Midilli Adası (Lesvos) - [14.29 km] Ayvacık (Çanakkale)"
637081,2024-08-30 17:06:37,2.2,125.67780000023927,7.0,1.7932360671411458,Çardak (Denizli)
637082,2024-08-30 17:18:58,1.4,223.7530310057207,9.35,0.8611988197737128,Akdeniz - [23.01 km] Dalaman (Muğla)
637086,2024-08-30 18:43:50,1.5,228.33846892228024,25.91,0.9606030340982633,Akdeniz - [20.50 km] Fethiye (Muğla)
637088,2024-08-30 19:27:23,1.8,248.43146923201934,9.15,1.046295469762074,Ege Denizi - [06.72 km] Ayvacık (Çanakkale)
637089,2024-08-30 19:03:27,1.1,490.2878944509443,7.0,1.0807181240241468,Sulakyurt (Kırıkkale)
637095,2024-08-30 21:10:08,1.2,298.25935916913585,7.0,0.9726066262075307,Ilgın (Konya)
637102,2024-08-30 21:59:30,1.6,236.68643685964017,6.99,1.0446326232919532,Biga (Çanakkale)
637104,2024-08-30 22:11:10,1.1,163.67442690228592,10.23,1.1386921843606104,Acıpayam (Denizli)
637110,2024-08-30 22:59:56,1.3,211.47525510104575,5.81,0.9218049576880714,Bandırma (Balıkesir)
637117,2024-08-30 23:31:22,1.1,155.69935623985285,7.02,1.0640742372615093,Köyceğiz (Muğla)
637125,2024-08-31 01:17:37,2.9,360.9176518656682,5.3,3.6100677942912225,Ege Denizi - [138.28 km] Datça (Muğla)
637132,2024-08-31 02:19:31,1.9,220.3163328077186,14.95,1.1495617067829667,"Ege Denizi, Midilli Adası (Lesvos) - [24.36 km] Ayvacık (Çanakkale)"
637134,2024-08-31 02:53:31,1.1,101.60961652048765,7.01,1.7444874006506488,Bigadiç (Balıkesir)
637137,2024-08-31 04:47:55,1.9,288.5531513928305,6.66,0.9262070109440714,Ege Denizi - [64.52 km] Datça (Muğla)
637140,2024-08-31 07:06:50,1.0,88.60759112176073,8.2,1.23712990806773,Kemalpaşa (İzmir)
637146,2024-08-31 09:33:28,1.4,118.05121297513956,6.94,1.0881367298029354,Bigadiç (Balıkesir)
637147,2024-08-31 09:37:47,1.2,417.22148013270606,6.98,0.729052433329391,Çubuk (Ankara)
637148,2024-08-31 09:51:17,1.5,116.52483936661852,7.04,2.0035522427278813,Bigadiç (Balıkesir)
637150,2024-08-31 09:55:59,1.4,162.5120068586835,14.47,0.8920905081431167,Mustafakemalpaşa (Bursa)
637152,2024-08-31 10:50:46,2.0,194.52652569555883,8.36,1.5846129012900443,Yenice (Çanakkale)
637159,2024-08-31 14:45:08,1.4,277.99168611435744,7.91,0.8586623507028717,Beyşehir (Konya)
637160,2024-08-31 14:56:22,1.3,164.11911464010322,7.0,0.7688051044408998,Mustafakemalpaşa (Bursa)
637161,2024-08-31 15:22:02,1.0,277.38848163582696,10.86,1.0450632380220837,Beyşehir Gölü - [06.67 km] Beyşehir (Konya)
637162,2024-08-31 16:18:45,3.0,386.8715190215454,6.81,1.1917903061311153,Ege Denizi - [164.47 km] Datça (Muğla)
637165,2024-08-31 16:51:54,1.2,105.956343115824,6.71,1.0119436081132211,Hisarcık (Kütahya)
637168,2024-08-31 17:33:16,1.4,445.41337235231003,6.96,0.8396782106853604,Merkez (Karaman)
637170,2024-08-31 17:45:55,1.2,114.88239009766703,7.12,1.1510922512824981,Kınık (İzmir)
637171,2024-08-31 19:11:09,1.4,166.51405537525272,6.69,0.9902211517532393,Ege Denizi - Gökova Körfezi - [03.34 km] Marmaris (Muğla)
637172,2024-08-31 19:29:35,1.9,146.45821947605302,6.97,1.4238440724954824,Milas (Muğla)
637175,2024-08-31 20:28:36,1.7,222.85847152882894,6.98,0.8178262958584233,"Ege Denizi, Midilli Adası (Lesvos) - [15.22 km] Ayvacık (Çanakkale)"
637182,2024-09-01 00:16:42,2.2,56.86580040565542,6.97,95.18215168736033,Demirci (Manisa)
637187,2024-09-01 02:31:17,2.8,79.22452230862194,6.94,63.13470310386806,Akhisar (Manisa)
637188,2024-09-01 05:24:25,1.6,269.0343159080453,5.56,1.341597057612961,Marmara Denizi - [11.43 km] Marmaraereğlisi (Tekirdağ)
637190,2024-09-01 05:27:24,1.8,158.4127887463764,7.1,0.633695112338161,"Ege Denizi, Sisam Adası (Samos) - [20.63 km] Kuşadası (Aydın)"
637191,2024-09-01 05:28:02,1.7,154.62082698757052,7.0,1.1230101238176338,Ege Denizi - Kuşadası Körfezi - [20.76 km] Kuşadası (Aydın)
637193,2024-09-01 02:36:16,1.1,78.8483900201277,6.96,2.814146794313937,Akhisar (Manisa)
637194,2024-09-01 05:47:08,1.7,151.4007146361655,6.99,1.6748609566291504,Ula (Muğla)
637196,2024-09-01 06:24:47,1.5,79.03168487741732,5.7,6.960642931753804,Akhisar (Manisa)
637198,2024-09-01 07:01:41,1.4,151.90657168485043,7.75,1.0285039148150255,Yatağan (Muğla)
637199,2024-09-01 07:27:35,2.5,339.6969500105215,11.07,0.9675723717518485,Ege Denizi
637201,2024-09-01 08:09:01,1.4,114.61658057440414,6.98,3.067456911883015,Bigadiç (Balıkesir)
637206,2024-09-01 09:12:47,1.5,351.5904036399731,7.11,0.8447067187058488,Merkez (Bolu)
637209,2024-09-01 10:06:11,1.4,222.10849064819178,7.04,1.3475676896710058,Marmara Denizi - Erdek Körfezi - [03.22 km] Erdek (Balıkesir)
637210,2024-09-01 10:46:16,1.3,106.77839794461843,7.14,0.8597036856840217,Emet (Kütahya)
637214,2024-09-01 14:04:47,1.9,217.99210821224193,7.68,0.38792362392023516,Ege Denizi - [29.16 km] Çeşme (İzmir)
637215,2024-09-01 14:59:59,2.4,245.79813349258146,7.02,2.41316890859321,Biga (Çanakkale)
637221,2024-09-01 17:42:14,2.2,142.0846001636794,6.49,4.242285747562286,Ege Denizi - Kuşadası Körfezi - [09.37 km] Menderes (İzmir)
637222,2024-09-01 17:59:00,2.4,316.3094390565733,6.76,1.2140104200499355,Ege Denizi - [100.79 km] Datça (Muğla)
637223,2024-09-01 18:22:09,1.5,155.8573652094649,7.32,1.0133184522129726,Ege Denizi - Kuşadası Körfezi - [20.52 km] Menderes (İzmir)
637225,2024-09-01 18:42:02,1.0,114.92751708635836,6.99,1.337750825705096,Soma (Manisa)
637230,2024-09-01 19:42:31,1.0,331.73339347682344,6.99,1.0269452325216555,Beypazarı (Ankara)
637232,2024-09-01 20:19:52,3.0,350.45767200395056,33.11,2.625623310138598,Akdeniz - [88.75 km] Kaş (Antalya)
637233,2024-09-01 20:49:41,1.1,169.40884378089373,6.97,0.8805320896099873,Ege Denizi - Gökova Körfezi - [07.27 km] Menteşe (Muğla)
637235,2024-09-01 21:17:41,1.9,324.0670352161089,7.0,1.0415944369096939,Akdeniz - [110.01 km] Datça (Muğla)
637236,2024-09-01 21:26:27,2.3,427.1660511298262,6.43,1.0146300973556253,Akdeniz - [203.69 km] Datça (Muğla)
637239,2024-09-01 21:47:21,1.0,65.5871708426352,9.28,4.629970680818447,Simav (Kütahya)
637242,2024-09-01 22:22:53,1.5,197.95905267314163,8.1,1.014600863199264,Ege Denizi - [44.45 km] Söke (Aydın)
637246,2024-09-01 23:08:21,1.6,79.62337349549462,7.0,6.125476138363354,Akhisar (Manisa)
637247,2024-09-01 23:05:43,1.0,80.58684288048488,15.93,2.4687955134354582,Akhisar (Manisa)
637250,2024-09-01 23:31:20,1.8,216.78058506671675,14.39,1.1333846900874878,Ege Denizi - [40.81 km] Karaburun (İzmir)
637251,2024-09-01 23:43:50,1.0,427.69914872881156,7.01,0.9236365503245222,Şereflikoçhisar (Ankara)
637255,2024-09-02 00:50:22,1.1,248.64993960744354,7.0,1.1419977685666902,Akşehir (Konya)
637258,2024-09-02 01:53:46,1.5,235.28861135821998,6.8,1.1386433787616164,Ege Denizi - [46.01 km] Ayvacık (Çanakkale)
637266,2024-09-02 04:42:37,2.0,328.787250754126,6.99,0.9823162155760788,Nallıhan (Ankara)
637267,2024-09-02 04:43:54,1.8,223.6399511446864,7.0,1.401272812312359,Çan (Çanakkale)
637268,2024-09-02 05:01:43,1.6,222.1551149262723,7.0,1.1373993143203234,Çan (Çanakkale)
637269,2024-09-02 05:31:37,1.1,66.15299239320545,7.0,5.715849923832485,Simav (Kütahya)
637271,2024-09-02 06:23:24,1.6,225.0183859246381,7.0,0.9811185387911646,Çan (Çanakkale)
637274,2024-09-02 07:36:02,2.9,380.7047098048491,7.0,0.8313542226738709,Akdeniz - [159.94 km] Datça (Muğla)
637275,2024-09-02 09:05:54,1.2,118.9074282574088,7.0,1.8505638791668728,Gediz (Kütahya)
637276,2024-09-02 10:01:42,1.5,152.78637656633765,7.0,1.8158545273901252,Tavşanlı (Kütahya)
637277,2024-09-02 10:05:00,1.3,151.61281422572478,7.01,1.1527206609336635,Tavşanlı (Kütahya)
637280,2024-09-02 10:26:01,1.2,114.66024026927674,7.0,1.1790665660417223,Emet (Kütahya)
637281,2024-09-02 09:15:09,1.3,119.49714459044785,6.98,1.5737741887318701,Bigadiç (Balıkesir)
637282,2024-09-02 10:40:43,0.9,440.39749844565665,-0.034,1.0246266636036603,Çelebi (Kırıkkale)
637283,2024-09-02 09:30:46,1.3,101.29587442105796,7.0,0.8819644248074909,Tire (İzmir)
637284,2024-09-02 10:45:31,1.1,441.2833446892786,7.0,1.0691440941531003,Çelebi (Kırıkkale)
637286,2024-09-02 11:07:19,1.1,224.458220401286,6.7,0.9008903042521428,Çan (Çanakkale)
637287,2024-09-02 12:23:37,0.8,50.994073360121504,7.0,6.155938981764296,Ulubey (Uşak)
637288,2024-09-02 12:44:24,2.2,156.95259021990628,15.64,3.5362868237820795,Balya (Balıkesir)
637292,2024-09-02 14:09:59,1.2,156.14605130624915,7.27,0.8082640962403925,Orhaneli (Bursa)
637295,2024-09-02 15:11:23,2.1,332.6668481940969,6.96,1.059573626151476,Beypazarı (Ankara)
637304,2024-09-02 18:33:07,1.8,229.5292398175485,6.66,1.0726198041447048,Ezine (Çanakkale)
637305,2024-09-02 18:46:57,1.6,410.5865253810465,13.93,1.0056311038553256,Akdeniz - [33.27 km] Gazipaşa (Antalya)
637309,2024-09-02 21:12:18,1.3,213.5413562197815,42.74,0.8171210474698627,Akdeniz - [17.42 km] Ortaca (Muğla)
637310,2024-09-02 21:19:51,0.9,177.7738810011297,7.0,1.0250528585635563,Merkez (Afyonkarahisar)
637311,2024-09-02 21:29:49,2.6,176.61290401488648,7.0,4.41173024471547,Milas (Muğla)
637312,2024-09-02 21:35:14,2.3,62.721074290498706,7.11,9.924519109728706,Buharkent (Aydın)
637314,2024-09-02 21:56:22,1.4,177.48760286574466,7.0,1.0012552729570163,Milas (Muğla)
637319,2024-09-03 02:08:42,1.8,94.76195731941972,10.74,7.0566030889109275,Hisarcık (Kütahya)
637320,2024-09-03 02:18:39,1.8,169.1384077692196,6.84,1.4148431265372619,"Ege Denizi, Sisam Adası (Samos) - [30.79 km] Seferihisar (İzmir)"
637325,2024-09-03 00:13:04,2.1,172.46310089467391,7.0,1.5232784380026512,Çameli (Denizli)
637327,2024-09-03 04:22:48,2.3,115.1837279040591,6.98,24.718391999122197,Gediz (Kütahya)
637330,2024-09-03 06:07:33,0.9,110.34931988669024,9.33,1.1929239823676658,Bornova (İzmir)
637331,2024-09-03 06:05:19,1.3,204.4058608239386,7.0,1.0051481474489332,Fethiye (Muğla)
637332,2024-09-03 06:34:44,1.8,204.72438897063932,6.99,1.309051084092641,Ege Denizi - [13.95 km] Datça (Muğla)
637333,2024-09-03 06:42:29,1.0,206.3491376756165,7.0,0.8774298365568707,Ege Denizi - [15.07 km] Datça (Muğla)
637337,2024-09-03 07:33:54,1.7,206.33181762812703,7.09,1.0970053780709212,Ege Denizi - [13.78 km] Datça (Muğla)
637338,2024-09-03 07:25:04,1.3,212.30239226154626,7.0,0.9507094995125238,Merkez (Isparta)
637339,2024-09-03 07:31:38,1.0,307.42460751005297,7.0,0.8506770778794757,"Ege Denizi, Gökçeada (İmbros), Gökçeada (Çanakkale)"
637344,2024-09-03 08:03:52,2.6,469.4194034561142,47.32,1.3257757545584428,Akdeniz
637347,2024-09-03 09:05:03,1.0,368.90732406028917,7.08,1.216615091672259,Selçuklu (Konya)
637348,2024-09-03 08:49:20,1.5,160.72628622650595,7.0,1.5302174136921665,Ege Denizi - Sığacık Körfezi - [08.16 km] Seferihisar (İzmir)
637349,2024-09-03 08:47:08,1.3,100.85242675766735,7.0,1.228326961515452,Kırkağaç (Manisa)
637350,2024-09-03 08:49:20,1.5,159.1717621594072,7.0,1.5302174136921665,Ege Denizi - Sığacık Körfezi - [05.83 km] Seferihisar (İzmir)
637354,2024-09-03 09:36:41,1.2,286.38904179871895,7.0,1.5465010074820313,Ege Denizi - Saros Körfezi - [09.43 km] Gelibolu (Çanakkale)
637358,2024-09-03 10:25:16,1.0,284.68818174932454,7.0,0.9322610333629681,Ilgın (Konya)
637359,2024-09-03 10:00:43,1.4,150.4585966812451,7.0,1.082560813425974,Tavşanlı (Kütahya)
637363,2024-09-03 10:22:07,1.4,100.9792393206907,8.24,1.1122874624831625,Hisarcık (Kütahya)
637364,2024-09-03 10:18:35,1.1,235.9124951622889,7.0,0.9802426639444648,Ezine (Çanakkale)
637367,2024-09-03 11:38:41,1.0,153.3010343715758,7.0,1.9784649492721584,Tavşanlı (Kütahya)
637368,2024-09-03 11:24:43,2.3,214.68135602490614,7.02,2.4334916519444,Marmara Denizi - Gemlik Körfezi - [03.30 km] Mudanya (Bursa)
637369,2024-09-03 11:26:57,1.3,150.7202902142233,7.0,0.7686712194471881,Tavşanlı (Kütahya)
637370,2024-09-03 11:46:02,1.1,150.36676402647697,7.0,0.916333713209037,Tavşanlı (Kütahya)
637371,2024-09-03 11:15:13,1.5,165.33297246535213,7.0,0.6898895624083926,Ege Denizi - [24.76 km] Seferihisar (İzmir)
637374,2024-09-03 12:20:39,1.2,222.16701190333782,7.0,0.8694506625349594,Çan (Çanakkale)
637376,2024-09-03 12:47:29,1.8,227.55150280968303,7.0,1.0985159590337688,Akdeniz - [20.60 km] Fethiye (Muğla)
637377,2024-09-03 12:46:32,1.1,9.736051152323954,6.56,9.925166953226068,Alaşehir (Manisa)
637378,2024-09-03 13:03:06,1.0,242.01405365641332,16.46,0.9383097655634158,Lapseki (Çanakkale)
637379,2024-09-03 13:24:57,1.3,379.62054858887086,12.44,0.8388102371539518,Kulu (Konya)
637380,2024-09-03 13:55:38,1.7,243.25062411847043,6.71,1.2265037159253163,Ege Denizi - [34.41 km] Datça (Muğla)
637383,2024-09-03 14:06:08,1.3,231.06694104227404,7.0,1.265127794118153,Ege Denizi - [15.17 km] Ayvacık (Çanakkale)
637384,2024-09-03 14:23:07,0.7,51.11900525699439,7.0,3.32516674755905,Ulubey (Uşak)
637387,2024-09-03 15:02:20,1.8,112.37663767584405,7.03,2.0281941836467556,Bigadiç (Balıkesir)
637388,2024-09-03 16:13:39,1.3,179.98404880245673,7.0,1.0180367681444362,Ege Denizi - Gökova Körfezi - [04.84 km] Milas (Muğla)
637389,2024-09-03 16:14:49,1.7,137.59391038049722,7.07,1.0837719665220322,Kuşadası (Aydın)
637392,2024-09-03 18:01:52,1.3,153.4243460738203,7.0,0.9427541264795535,Dikili (İzmir)
637396,2024-09-04 00:01:18,2.4,206.76526887508322,6.94,1.326892350093458,Ege Denizi - Datça Körfezi - [04.43 km] Datça (Muğla)
637401,2024-09-04 04:38:09,2.5,209.8039729261571,6.94,1.945987184778198,Gönen (Balıkesir)
637406,2024-09-04 06:57:43,1.3,112.32310469988141,0.0,1.8256708887338111,Soma (Manisa)
637409,2024-09-04 07:32:37,2.6,458.75087072011826,8.66,1.3897140036215705,"Khalkidiki, Kentriki Makedonia (Yunanistan) - [162.34 km] Gökçeada (Çanakkale)"
637413,2024-09-04 08:38:13,2.8,271.04964477590636,21.6,2.1720777699530727,Marmara Denizi - [04.63 km] Şarköy (Tekirdağ)
637417,2024-09-04 10:11:21,1.4,155.65956997036895,7.5,1.1433276122154061,Orhaneli (Bursa)
637420,2024-09-04 10:21:55,1.2,118.50534185999476,7.0,1.086508685318312,Emet (Kütahya)
637422,2024-09-04 10:44:10,1.4,153.20646929725476,7.0,1.0424401568971529,Tavşanlı (Kütahya)
637423,2024-09-04 10:35:45,0.6,292.61942696142563,7.0,1.0345133733393734,İzmit (Kocaeli)
637424,2024-09-04 10:36:50,0.6,309.89913065880603,9.09,0.8439700854000544,Adapazarı (Sakarya)
637425,2024-09-04 10:56:47,1.1,183.0446944862156,7.0,0.8402762682534272,Ege Denizi - Gökova Körfezi - [03.19 km] Bodrum (Muğla)
637429,2024-09-04 11:41:11,1.0,384.98641325121343,8.79,1.422335257876877,Kulu (Konya)
637430,2024-09-04 11:44:59,1.2,63.320694429334445,7.0,2.7760931532002746,Ödemiş (İzmir)
637431,2024-09-04 11:55:34,1.5,222.16915435774513,7.0,1.073186440998665,Ayvacık (Çanakkale)
637434,2024-09-04 12:42:42,1.4,77.58519334298836,7.0,2.5977573822867708,Akhisar (Manisa)
637435,2024-09-04 12:44:27,2.4,127.88351151441326,7.0,2.3708924328128247,Soma (Manisa)
637436,2024-09-04 13:32:57,1.3,123.70901025905697,7.0,1.389935271948878,Tavas (Denizli)
637438,2024-09-04 14:42:24,1.0,89.23173417550692,7.0,0.7734368831463024,Pamukkale (Denizli)
637441,2024-09-04 16:00:55,1.2,191.73002893278993,7.0,1.1422250107194365,Gönen (Balıkesir)
637443,2024-09-04 17:43:21,2.3,273.67844509544716,6.64,0.9711436097481395,Akdeniz - [48.70 km] Kaş (Antalya)
637445,2024-09-04 18:15:06,1.9,22.44881483779982,11.55,63.930732479661984,Alaşehir (Manisa)
637447,2024-09-04 18:50:14,2.2,272.3328869402502,10.92,0.9969275199001552,Akdeniz - [50.13 km] Kaş (Antalya)
637448,2024-09-04 18:36:44,2.0,61.92190937235714,6.43,9.979869766319295,Buharkent (Aydın)
637449,2024-09-04 18:57:34,1.7,62.41319733545365,8.04,6.101406844789461,Buharkent (Aydın)
637450,2024-09-04 19:27:19,3.1,167.68644138414507,7.62,4.338036849810969,Ege Denizi - [10.67 km] Foça (İzmir)
637451,2024-09-04 19:22:13,1.2,62.82778521829902,7.32,2.027192766333466,Buldan (Denizli)
637454,2024-09-04 19:54:55,1.2,168.91004790142316,7.0,0.8647386858804127,Ege Denizi - [28.32 km] Seferihisar (İzmir)
637461,2024-09-04 22:03:07,1.7,362.41864317830647,24.03,1.1768703105965195,Akdeniz - [74.08 km] Kumluca (Antalya)
637462,2024-09-04 22:10:21,2.4,226.19304497136937,6.91,1.0376741316953213,Akdeniz - [25.71 km] Dalaman (Muğla)
637465,2024-09-04 22:46:08,1.3,104.44532802554443,6.99,1.101176015725692,Saruhanlı (Manisa)
637466,2024-09-04 22:54:53,1.0,130.23441730443352,7.0,0.8958503026745736,Savaştepe (Balıkesir)
637467,2024-09-04 23:03:07,1.9,123.93412234247926,6.94,2.1398110576899025,Soma (Manisa)
637470,2024-09-04 23:36:41,1.4,168.86695291696233,6.71,0.9423435456423168,Köyceğiz (Muğla)
637471,2024-09-05 00:18:22,1.1,172.5696306359368,7.0,1.0711412815772905,Ege Denizi - [18.81 km] Foça (İzmir)
637472,2024-09-05 00:24:49,1.3,221.38355782978755,6.17,1.0359141052004315,Marmara Denizi - [07.99 km] Bandırma (Balıkesir)
637476,2024-09-05 01:47:16,2.5,416.51994065592544,7.31,0.9924855548710054,Ege Denizi
637477,2024-09-05 01:38:41,1.8,167.79854016078184,9.45,1.105056855655778,Ege Denizi - [10.44 km] Foça (İzmir)
637478,2024-09-05 01:37:03,1.1,184.60000757521257,7.0,0.8982360315600211,Ege Denizi - Gökova Körfezi - [05.80 km] Bodrum (Muğla)
637479,2024-09-05 02:10:10,1.0,94.65369103066732,10.69,0.9828960785340759,Dursunbey (Balıkesir)
637485,2024-09-05 02:48:42,2.2,331.4031499509677,21.28,0.8821635468348138,Beypazarı (Ankara)
637486,2024-09-05 02:34:40,1.3,137.96268935827354,11.39,1.0643994005430693,Savaştepe (Balıkesir)
637491,2024-09-05 04:01:31,2.4,429.0166495214305,6.66,0.962648936411622,"Ege Denizi, Girit Adası (Kriti) - [207.03 km] Datça (Muğla)"
637495,2024-09-05 05:29:10,2.2,348.98057354603776,12.63,1.0077639496178192,Akdeniz - [57.06 km] Kumluca (Antalya)
637497,2024-09-05 06:36:55,1.5,248.87030763732903,7.0,0.94732367191689,Akdeniz - [13.09 km] Seydikemer (Muğla)
637499,2024-09-05 07:06:51,1.1,495.1940716973739,15.97,1.046272350844057,Gülağaç (Aksaray)
637500,2024-09-05 07:33:12,1.1,188.41499161575845,23.9,1.478894342815284,Ege Denizi - Gökova Körfezi - [09.09 km] Bodrum (Muğla)
637501,2024-09-05 07:30:46,0.9,303.8227148344317,4.6,0.7284856194033317,Adapazarı (Sakarya)
637502,2024-09-05 07:35:23,1.3,450.746080786112,14.2,0.8634037869029841,Çerkeş (Çankırı)
637504,2024-09-05 09:26:06,1.2,113.68276647672822,9.06,1.6987686473960621,Gediz (Kütahya)
637505,2024-09-05 09:27:41,1.1,371.71825338529413,5.36,0.8979661927570397,Merkez (Bolu)
637506,2024-09-05 09:36:57,1.5,177.57568814226954,16.53,1.0633360112893688,Mustafakemalpaşa (Bursa)
637507,2024-09-05 09:56:46,1.4,154.56938664924604,7.0,1.173424908163312,Domaniç (Kütahya)
637508,2024-09-05 09:55:42,2.0,451.60689223464885,5.76,0.8910652621487493,Karadeniz
637509,2024-09-05 10:24:39,1.1,116.4729264227258,7.86,1.0649385101827067,Emet (Kütahya)
637519,2024-09-05 14:40:55,1.0,196.4261433301026,7.0,1.070952306421476,İnönü (Eskişehir)
637520,2024-09-05 15:37:25,1.7,289.98844820310256,16.69,0.9891113335888296,Akdeniz - [36.10 km] Kaş (Antalya)
637521,2024-09-05 16:47:48,3.3,349.05263384143944,9.57,1.0558101737264438,Kaynaşlı (Düzce)
637522,2024-09-05 16:48:23,2.8,345.4383213569609,7.01,0.8731693248387732,Kaynaşlı (Düzce)
637526,2024-09-05 19:37:58,1.5,184.48651833085052,6.67,1.0114606356981235,Ege Denizi - [36.89 km] Seferihisar (İzmir)
637527,2024-09-05 19:20:13,1.4,182.48654461677137,6.67,0.9027881429452577,Ege Denizi - [35.91 km] Seferihisar (İzmir)
637531,2024-09-05 20:41:06,2.5,348.7050234688598,16.11,0.9269977384215878,Ege Denizi - [52.59 km] Gökçeada (Çanakkale)
637534,2024-09-05 22:08:14,2.5,136.70133498670697,7.0,4.816644775179189,Dinar (Afyonkarahisar)
637537,2024-09-05 23:13:26,1.4,95.47704807840682,5.05,1.0360161525009361,Akhisar (Manisa)
637543,2024-09-06 01:05:35,3.6,240.63923345653018,6.3,3.165404644741629,Ege Denizi - [37.14 km] Bodrum (Muğla)
637545,2024-09-06 02:49:16,1.5,118.10126118820305,7.0,0.9591818309327887,Çine (Aydın)
637546,2024-09-06 01:24:06,1.5,214.13335739384897,6.99,1.0436687698844755,Marmara Denizi - Gemlik Körfezi - [02.83 km] Mudanya (Bursa)
637547,2024-09-06 01:29:16,2.6,313.5593271008251,5.55,1.1367748555440793,"Ege Denizi, Küçük Kerpe Adası (Saria) - [92.32 km] Datça (Muğla)"
637551,2024-09-06 04:43:59,1.6,331.20613133405084,6.91,0.983523304571869,Beypazarı (Ankara)
637558,2024-09-06 07:02:53,1.4,185.70245129498554,7.0,1.0193988580293694,Ege Denizi - Gökova Körfezi - [05.66 km] Bodrum (Muğla)
637560,2024-09-06 07:28:32,2.0,301.6927409796354,7.01,1.284203789974221,Günyüzü (Eskişehir)
637562,2024-09-06 08:29:01,1.2,91.66826172083256,7.0,0.8539064571480866,Çal (Denizli)
637563,2024-09-06 09:22:44,1.8,163.25552467420638,20.8,1.1733735453992529,Mustafakemalpaşa (Bursa)
637564,2024-09-06 09:47:35,3.0,300.5605227575097,12.9,2.6451924673950913,Günyüzü (Eskişehir)
637566,2024-09-06 10:56:19,1.7,145.04364346396426,5.3,1.8102929425141725,Ege Denizi - Çandarlı Körfezi - [05.41 km] Dikili (İzmir)
637572,2024-09-06 15:04:06,1.6,108.77144977353741,6.98,1.7815902030121697,Soma (Manisa)
637576,2024-09-06 19:36:21,2.7,248.99892635326967,12.33,0.6470955795394964,Ege Denizi - [08.23 km] Ayvacık (Çanakkale)
637579,2024-09-06 22:06:26,1.9,249.2235197839879,10.06,0.9177105297763153,Ege Denizi - [09.06 km] Ayvacık (Çanakkale)
637583,2024-09-06 23:40:59,1.6,140.68864004812858,7.37,1.0505628136656955,Ege Denizi - Kuşadası Körfezi - [06.94 km] Menderes (İzmir)
637589,2024-09-07 04:18:08,1.3,218.3515563137424,7.17,0.9685602102279247,"Ege Denizi, Sakız Adası (Hiyos) - [25.90 km] Çeşme (İzmir)"
637598,2024-09-07 08:51:36,1.3,226.6165095111522,7.0,0.9192646101601617,Tepebaşı (Eskişehir)
637600,2024-09-07 09:51:11,1.5,160.3955835441821,7.0,1.370089147846291,Orhaneli (Bursa)
637603,2024-09-07 12:54:41,1.1,97.56357167356275,7.0,1.062557985665664,Sivaslı (Uşak)
637604,2024-09-07 13:08:53,1.1,160.15312196555706,6.76,1.092134688503842,Orhaneli (Bursa)
637605,2024-09-07 13:56:44,1.7,249.1674671492128,6.98,1.5181220904167068,Emirdağ (Afyonkarahisar)
637608,2024-09-07 14:41:24,1.2,162.8451791745148,6.88,0.9232775219225401,Milas (Muğla)
637609,2024-09-07 14:39:20,1.4,154.48644902882958,7.0,0.9514534811621261,Büyükorhan (Bursa)
637612,2024-09-07 15:47:32,1.0,425.39101740987707,7.0,1.389572436819973,Bala (Ankara)
637613,2024-09-07 16:12:13,2.1,342.4102273435153,8.74,1.23909229604219,Akdeniz - [60.82 km] Kumluca (Antalya)
637614,2024-09-07 16:06:50,1.1,132.26270715324728,7.81,1.1073618666038425,Dumlupınar (Kütahya)
637619,2024-09-07 17:56:36,2.0,158.78972545473604,6.87,1.6694055634170697,Ege Denizi - Kuşadası Körfezi - [24.38 km] Menderes (İzmir)
637621,2024-09-07 18:12:19,1.6,110.25379237713342,7.0,1.226966360979336,Germencik (Aydın)
637627,2024-09-07 19:27:18,1.7,467.54736137610905,6.94,0.932322791537877,Ayrancı (Karaman)
637628,2024-09-07 20:00:43,1.8,332.9928236696602,7.22,0.5163709516149634,Beypazarı (Ankara)
637636,2024-09-07 22:13:33,2.4,172.59625873047688,7.0,1.643447067487321,Köyceğiz Gölü - [01.95 km] Köyceğiz (Muğla)
637649,2024-09-08 02:48:23,1.7,219.29459640145456,6.66,1.0713975090659087,Marmara Denizi - [06.42 km] Bandırma (Balıkesir)
637650,2024-09-08 03:45:36,2.4,239.91787680409226,7.0,1.946657892459763,Çınarcık (Yalova)
637651,2024-09-08 03:38:25,2.6,451.4076052937301,7.0,1.137571088968348,Ege Denizi
637657,2024-09-08 05:34:12,2.4,464.1821281843387,7.13,0.8736622858960392,Ayrancı (Karaman)
637658,2024-09-08 05:21:22,2.6,464.7577262250692,24.4,1.2350159291987204,Akdeniz - [241.11 km] Datça (Muğla)
637659,2024-09-08 06:12:27,1.0,283.3304123781947,7.0,0.9644857895450751,Ilgın (Konya)
637663,2024-09-08 07:37:56,1.7,229.2151870932956,6.94,1.028581801316474,Bolvadin (Afyonkarahisar)
637666,2024-09-08 08:26:11,2.0,334.066666133643,6.95,1.0000085503423672,Beypazarı (Ankara)
637669,2024-09-08 11:06:17,2.2,263.22709469689306,7.02,1.1815656328976465,Marmara Denizi - [16.82 km] Marmaraereğlisi (Tekirdağ)
637680,2024-09-08 17:29:22,1.8,48.884933734702415,7.02,3.4362636472895627,Buldan (Denizli)
637690,2024-09-08 21:11:15,1.4,135.79346108730613,7.09,1.0897876121968948,Ege Denizi - Kuşadası Körfezi - [06.05 km] Menderes (İzmir)
637691,2024-09-08 21:59:42,2.0,156.72946212121445,10.5,1.0465411323475233,Köyceğiz (Muğla)
637695,2024-09-09 02:20:08,2.4,329.41585853279605,13.35,1.1074411454204778,Beypazarı (Ankara)
637699,2024-09-09 03:36:12,1.9,156.45534841844116,15.86,1.0069257964844933,Ege Denizi - Kuşadası Körfezi - [17.63 km] Seferihisar (İzmir)
637704,2024-09-09 06:35:41,1.4,197.73468355091453,7.0,1.2146516257612479,Merkez (Afyonkarahisar)
637709,2024-09-09 09:22:32,1.0,264.82885078213593,7.0,0.9664550157225524,Hüyük (Konya)
637710,2024-09-09 09:27:33,1.5,119.24402654166255,7.0,1.850264746123141,Bigadiç (Balıkesir)
637711,2024-09-09 09:23:31,1.2,122.89702564416648,7.0,1.2075449435640275,Kepsut (Balıkesir)
637712,2024-09-09 09:53:32,1.8,112.86020530562871,7.0,2.9964411976575858,Bigadiç (Balıkesir)
637713,2024-09-09 09:55:08,2.0,175.3161350449435,8.56,2.6469002625438094,Domaniç (Kütahya)
637714,2024-09-09 09:55:45,1.6,173.00870142801253,10.7,1.0442028626202478,Domaniç (Kütahya)
637715,2024-09-09 09:46:47,1.5,151.6472796252883,7.0,1.2759929553820717,Tavşanlı (Kütahya)
637716,2024-09-09 10:20:13,1.8,198.81315627125343,7.0,0.8022551775492522,Mudanya (Bursa)
637717,2024-09-09 11:13:59,0.9,445.1970833286372,9.03,1.0874919258908093,Keskin (Kırıkkale)
637718,2024-09-09 11:28:23,1.9,27.66493929574051,6.94,52.31384442102208,Salihli (Manisa)
637722,2024-09-09 12:24:45,2.0,251.09404480715713,15.0,0.9601894553105355,Ege Denizi - [43.17 km] Ayvacık (Çanakkale)
637724,2024-09-09 14:16:51,2.7,236.7956808461409,22.14,1.4586329736519814,"Ege Denizi, Midilli Adası (Lesvos) - [25.43 km] Ayvacık (Çanakkale)"
637725,2024-09-09 14:38:56,0.8,196.90580361637498,7.0,1.011042592343983,İnönü (Eskişehir)
637726,2024-09-09 14:39:09,2.0,238.69368240924973,6.93,1.1866892267337878,"Ege Denizi, Midilli Adası (Lesvos) - [28.07 km] Ayvacık (Çanakkale)"
637730,2024-09-09 15:27:27,2.1,269.19154311247826,17.54,0.943123950780847,Kaş (Antalya)
637733,2024-09-09 16:54:14,1.1,99.04399259555512,7.0,1.4960160031835912,Hisarcık (Kütahya)
637734,2024-09-09 17:40:23,1.3,327.8361735459211,7.02,1.0665244717855284,Meram (Konya)
637738,2024-09-09 19:56:24,2.1,328.8734988581618,7.0,1.2663081513305947,Beypazarı (Ankara)
637743,2024-09-09 20:44:08,1.2,28.628690764022718,5.01,2.130347499105075,Salihli (Manisa)
637747,2024-09-09 22:26:50,1.9,184.68527181921178,7.0,1.589984475935407,Ayvalık (Balıkesir)
637748,2024-09-09 23:21:34,1.8,231.06112695976492,5.92,1.0188951038200835,Ege Denizi - [05.68 km] Ayvacık (Çanakkale)
637749,2024-09-09 23:46:48,1.4,154.84230705705218,6.91,0.987637502484126,Ege Denizi - Kuşadası Körfezi - [16.88 km] Menderes (İzmir)
637753,2024-09-10 02:52:46,2.8,233.86240060942634,14.91,2.579424789156828,"Ege Denizi, Midilli Adası (Lesvos) - [27.24 km] Ayvacık (Çanakkale)"
637756,2024-09-10 04:09:18,1.5,354.31220378752874,19.98,1.0408334242944668,Bozkır (Konya)
637757,2024-09-10 06:24:20,1.1,115.39744224628069,7.0,1.131395555100604,Kale (Denizli)
637758,2024-09-10 06:56:42,2.6,228.57194851875937,6.84,1.2220032090122512,Ege Denizi - [43.37 km] Karaburun (İzmir)
637759,2024-09-10 06:43:36,1.2,367.7053306268596,7.0,1.3719876770497743,Selçuklu (Konya)
637760,2024-09-10 07:18:55,2.4,222.98926633945683,7.11,1.1963939030751687,Ege Denizi - [38.16 km] Karaburun (İzmir)
637761,2024-09-10 07:21:12,0.9,136.6128427237825,7.0,0.9505751512808439,Ege Denizi - Kuşadası Körfezi - [07.27 km] Kuşadası (Aydın)
637767,2024-09-10 08:37:51,1.2,110.49587031012467,7.0,1.1259709418402148,Soma (Manisa)
637770,2024-09-10 09:05:31,2.0,185.37089650240702,7.0,0.756189161955184,Ege Denizi - [18.63 km] Karaburun (İzmir)
637772,2024-09-10 08:47:30,1.5,286.06324063934187,7.91,1.0640802458490954,Marmara Denizi - [02.19 km] Silivri (İstanbul)
637773,2024-09-10 08:59:29,1.3,167.16699505284996,5.85,0.5941791850006714,Merkez (Kütahya)
637776,2024-09-10 09:43:20,1.5,151.59153627833496,7.32,0.8109524645888233,Tavşanlı (Kütahya)
637777,2024-09-10 09:27:02,1.6,164.56755925827966,5.27,0.9633837113758467,Mustafakemalpaşa (Bursa)
637780,2024-09-10 09:58:13,1.2,268.36489111730896,7.0,1.74638259242817,Göynük (Bolu)
637781,2024-09-10 10:00:21,1.2,155.02078225862334,7.0,1.5452207916163716,Orhaneli (Bursa)
637782,2024-09-10 10:08:20,1.3,267.408143178478,7.0,1.1829157286256555,Göynük (Bolu)
637783,2024-09-10 10:28:20,2.9,80.05330099924879,7.0,12.568138348609594,Akhisar (Manisa)
637792,2024-09-10 12:23:02,1.7,344.800005907717,6.78,1.3085352242421646,Beypazarı (Ankara)
637793,2024-09-10 13:11:12,1.9,229.34792814667463,6.75,0.7723787685340529,Ege Denizi - [44.30 km] Karaburun (İzmir)
637798,2024-09-10 14:01:58,1.4,103.69003748784627,11.29,0.9571333900049703,Gediz (Kütahya)
637799,2024-09-10 14:13:19,2.0,406.74771542438293,5.32,1.001820519058332,Akdeniz - [184.92 km] Datça (Muğla)
637800,2024-09-10 13:47:20,2.3,76.25382928790364,7.02,10.568104488515221,Akhisar (Manisa)
637801,2024-09-10 13:54:19,0.9,289.8909336102475,7.0,1.1662091099561658,Sapanca Gölü - [02.39 km] Arifiye (Sakarya)
637805,2024-09-10 15:28:40,1.3,286.3279098474776,5.86,0.8765571332059693,Sivrihisar (Eskişehir)
637806,2024-09-10 14:46:39,1.6,154.75730003078965,7.03,2.1001835167493765,Orhaneli (Bursa)
637807,2024-09-10 17:13:11,1.2,222.12719787285369,7.02,0.9102438738354963,"Ege Denizi, Midilli Adası (Lesvos) - [26.61 km] Ayvacık (Çanakkale)"
637813,2024-09-10 18:29:48,1.2,250.3748567614255,36.48,1.101093740976577,Kaş (Antalya)
637814,2024-09-10 19:23:55,1.6,105.78047093313864,7.0,1.8154451760797516,Germencik (Aydın)
637819,2024-09-10 21:49:29,1.0,172.96913689646746,7.08,0.7620478137161901,Köyceğiz Gölü - [02.45 km] Köyceğiz (Muğla)
637821,2024-09-10 22:08:33,1.8,215.39366924957397,7.05,0.9544807121264461,Ege Denizi - [39.87 km] Karaburun (İzmir)
637822,2024-09-10 23:42:59,1.2,150.37954435425718,6.98,0.9021240316048261,Ege Denizi - Kuşadası Körfezi - [17.68 km] Menderes (İzmir)
637824,2024-09-11 00:36:32,3.9,79.80000695605824,6.96,94.49949271148094,Akhisar (Manisa)
637825,2024-09-11 00:06:15,1.6,160.3768902914046,6.97,0.9474924695423848,Ege Denizi - [12.01 km] Dikili (İzmir)
637829,2024-09-11 01:25:16,1.7,156.49056967288777,7.01,1.1510796743484526,"Ege Denizi, Sisam Adası (Samos) - [18.41 km] Kuşadası (Aydın)"
637830,2024-09-11 01:27:31,1.6,156.3375385946353,6.81,0.998218447068094,Ege Denizi - Kuşadası Körfezi - [18.73 km] Kuşadası (Aydın)
637832,2024-09-11 03:16:58,1.4,220.777918136739,10.01,0.7079867415858664,Akdeniz - [22.88 km] Ortaca (Muğla)
637836,2024-09-11 04:59:54,1.5,151.2412847871817,6.8,0.7294604975490819,Söke (Aydın)
637837,2024-09-11 06:09:08,1.5,173.9056615407396,8.0,0.7998341738132752,Milas (Muğla)
637840,2024-09-11 07:45:41,0.9,83.27841252924827,5.98,1.0794835726851602,Simav (Kütahya)
637841,2024-09-11 07:18:21,1.2,227.61421315506539,12.4,0.9893396258080734,Bolvadin (Afyonkarahisar)
637844,2024-09-11 09:04:15,2.1,276.8316251096628,6.33,0.8974960266037794,Ege Denizi - [82.60 km] Çeşme (İzmir)
637845,2024-09-11 08:12:40,1.1,32.29288592120509,7.0,4.443194948116695,Kiraz (İzmir)
637846,2024-09-11 10:05:30,1.8,492.7422353175828,18.7,1.2240260578120727,Korgun (Çankırı)
637856,2024-09-11 14:47:50,1.4,157.49950003445645,4.45,1.2013867362393926,Orhaneli (Bursa)
637858,2024-09-11 15:20:48,1.6,221.77196548408514,7.74,0.8880514821117017,Ege Denizi - [26.04 km] Çeşme (İzmir)
637866,2024-09-11 16:35:50,1.7,233.13823265481778,7.12,0.9495558705386725,Ege Denizi - [45.38 km] Ayvacık (Çanakkale)
637871,2024-09-11 18:18:15,1.2,80.2207667296193,9.88,2.924326538818229,Akhisar (Manisa)
637872,2024-09-11 18:08:26,1.7,385.7572902593639,6.68,1.0385077258910185,Akdeniz - [97.87 km] Kumluca (Antalya)
637877,2024-09-11 19:27:14,1.5,138.35399429807433,6.94,1.1957977906318091,Ege Denizi - Kuşadası Körfezi - [07.47 km] Kuşadası (Aydın)
637878,2024-09-11 19:00:22,2.1,225.27841163575303,6.91,1.3693039117917547,Ege Denizi - [28.21 km] Çeşme (İzmir)
637879,2024-09-11 19:09:26,1.6,240.5668088910696,7.0,0.8644338431986845,Bolvadin (Afyonkarahisar)
637881,2024-09-11 17:51:25,0.8,420.7292543888884,7.0,1.1105043664637146,Kızılcahamam (Ankara)
637891,2024-09-11 22:28:46,0.8,96.14586471521308,6.74,1.206181068172203,Tavas (Denizli)
637892,2024-09-11 22:41:19,1.2,135.34827486463874,5.38,1.1661721536788197,Menderes (İzmir)
637900,2024-09-12 00:12:09,1.1,228.89352360263067,10.59,1.093904308331618,Ege Denizi - [12.83 km] Ayvacık (Çanakkale)
637901,2024-09-12 00:07:29,1.0,140.5533195394065,7.0,0.7991786945342448,Ege Denizi - Kuşadası Körfezi - [04.18 km] Kuşadası (Aydın)
637904,2024-09-12 00:48:10,1.5,240.05144997160912,7.0,1.1409004765441124,Çınarcık (Yalova)
637905,2024-09-12 00:30:47,1.0,332.9578364753235,7.0,1.000983784570674,Beypazarı (Ankara)
637909,2024-09-12 01:01:57,1.5,115.01526530054879,7.0,2.7962291672365343,Bigadiç (Balıkesir)
637912,2024-09-12 02:29:02,2.0,229.01417021789348,7.0,1.3115924690641079,Ege Denizi - [33.60 km] Çeşme (İzmir)
637913,2024-09-12 02:32:32,1.6,223.97102860657603,8.42,1.1073877598300998,Ege Denizi - [28.73 km] Çeşme (İzmir)
637914,2024-09-12 03:20:50,1.5,138.20887919689577,6.22,1.5940002606666084,Ege Denizi - Kuşadası Körfezi - [07.31 km] Kuşadası (Aydın)
637915,2024-09-12 04:19:32,2.9,74.11765474106672,7.01,275.46676354485584,Sındırgı (Balıkesir)
637918,2024-09-12 04:30:43,2.6,106.51927619960442,7.02,16.062281860329147,Honaz (Denizli)
637919,2024-09-12 04:58:56,2.2,312.5596842199937,7.0,1.5008634344760545,Meram (Konya)
637920,2024-09-12 04:33:41,1.4,479.0356689658733,6.99,1.0459554670709887,Akpınar (Kırşehir)
637921,2024-09-12 05:19:08,1.7,155.04285569270675,6.92,1.4221841440646898,Ege Denizi - Kuşadası Körfezi - [18.55 km] Menderes (İzmir)
637922,2024-09-12 05:24:20,1.2,149.34366364042518,11.73,1.4287622835956362,Menteşe (Muğla)
637924,2024-09-12 06:11:03,1.1,239.18620166983766,7.0,0.8701713482603557,Ege Denizi - [19.91 km] Ayvacık (Çanakkale)
637935,2024-09-12 08:12:46,1.1,136.17676285263363,7.12,0.772891417574451,Bergama (İzmir)
637937,2024-09-12 09:07:15,1.7,196.98774971425138,11.65,1.0201484407340644,Çobanlar (Afyonkarahisar)
637939,2024-09-12 09:21:52,1.0,411.8751471443819,7.13,0.9488346868620852,Lalapaşa (Edirne)
637940,2024-09-12 09:37:50,1.3,176.20962592994022,13.21,1.0754360281836148,Milas (Muğla)
637941,2024-09-12 09:55:29,1.5,151.27682616976674,7.01,2.1108401029122956,Orhaneli (Bursa)
637942,2024-09-12 10:07:21,1.1,350.59881184534504,6.88,0.8565439482129978,Pınarhisar (Kırklareli)
637943,2024-09-12 10:13:03,1.1,367.7138668152844,7.03,1.1106009633579064,Merkez (Bolu)
637948,2024-09-12 10:40:54,2.1,459.22086381714564,10.24,0.9937663024198553,Kalecik (Ankara)
637949,2024-09-12 10:38:12,1.2,88.94137543375223,7.0,3.154257594842095,Çal (Denizli)
637952,2024-09-12 11:43:16,2.7,229.5216941737363,9.13,2.346915846268887,Ege Denizi - [32.84 km] Çeşme (İzmir)
637955,2024-09-12 12:30:31,2.4,228.2005500054315,7.04,1.2748618414755633,Ege Denizi - [32.05 km] Çeşme (İzmir)
637958,2024-09-12 13:01:51,1.6,229.4219170259096,7.0,0.8583124478445939,Ege Denizi - [34.53 km] Çeşme (İzmir)
637959,2024-09-12 13:05:56,1.4,149.46740699725746,11.68,0.923413955984937,Menemen (İzmir)
637960,2024-09-12 13:35:14,1.5,237.1795743980888,7.0,0.8842851781999989,Ege Denizi - [44.18 km] Çeşme (İzmir)
637961,2024-09-12 13:37:50,2.0,231.00154187146003,7.0,0.8056653460467812,Ege Denizi - [35.05 km] Çeşme (İzmir)
637965,2024-09-12 14:13:02,2.4,449.2365344081441,17.5,0.9661583524746993,Ege Denizi
637966,2024-09-12 14:37:24,1.2,366.1981023060916,6.98,1.2322723983123451,Alanya (Antalya)
637967,2024-09-12 14:30:41,1.9,224.4469861497542,7.05,1.196011550570855,Ege Denizi - [27.79 km] Çeşme (İzmir)
637969,2024-09-12 14:58:02,1.5,224.82833120462496,18.72,0.5500422080349083,Ege Denizi - [27.53 km] Çeşme (İzmir)
637970,2024-09-12 14:51:05,1.7,242.4376822868376,6.58,0.7473129525021412,Ege Denizi - [60.60 km] Karaburun (İzmir)
637971,2024-09-12 14:45:44,2.1,213.8139534390531,9.64,1.322977526723907,Marmara Denizi - Gemlik Körfezi - [03.30 km] Mudanya (Bursa)
637973,2024-09-12 15:24:07,2.3,220.7660880237972,16.51,1.0109287329110725,Ege Denizi - [36.61 km] Karaburun (İzmir)
637974,2024-09-12 15:04:37,3.4,408.47771311722994,7.0,1.0495268358534269,Ege Denizi
637977,2024-09-12 15:35:29,1.9,231.20302911263568,7.17,0.9601595501484876,Ege Denizi - [35.41 km] Çeşme (İzmir)
637978,2024-09-12 15:33:31,1.1,147.30781000360966,8.25,0.9959145889792449,Sandıklı (Afyonkarahisar)
637987,2024-09-12 17:47:12,1.5,174.27156779103854,8.59,0.577832972634208,Milas (Muğla)
637989,2024-09-12 18:17:28,1.6,214.62340042844113,7.03,1.1274926336142568,Ege Denizi - [17.57 km] Çeşme (İzmir)
637992,2024-09-12 21:00:46,1.2,12.69335399692132,6.52,54.36211456122524,Alaşehir (Manisa)
637996,2024-09-12 21:42:55,2.0,212.63989820674013,10.1,1.144175160266942,Korkuteli (Antalya)
637999,2024-09-12 22:26:44,1.3,170.40160197736463,6.98,1.0900167124326574,Ege Denizi - Gökova Körfezi - [03.05 km] Milas (Muğla)
638001,2024-09-12 22:52:25,2.0,314.49450688576206,6.28,1.2124961933578455,Meram (Konya)
638002,2024-09-12 22:49:00,1.2,221.21770791693524,7.61,1.0147868664091984,Ege Denizi - [21.98 km] Çeşme (İzmir)
638003,2024-09-12 23:23:32,2.1,241.47723646591535,6.87,1.1342768923483715,Ege Denizi - [59.16 km] Karaburun (İzmir)
638007,2024-09-13 00:03:59,1.9,286.0377802323691,7.0,1.155695760810861,Ege Denizi - [85.09 km] Çeşme (İzmir)
638009,2024-09-13 00:37:26,1.5,116.57407564039096,7.0,0.44272151978411256,Germencik (Aydın)
638010,2024-09-13 00:53:42,1.2,187.98813763809616,7.07,1.046261986825376,Ege Denizi - [16.25 km] Karaburun (İzmir)
638011,2024-09-13 00:35:17,1.1,371.9280816083402,13.35,1.0778628280946847,Merkez (Bolu)
638013,2024-09-13 01:09:54,1.0,78.85408019602274,6.99,1.911226652766309,Akhisar (Manisa)
638014,2024-09-13 01:26:59,1.3,172.79699166986435,7.03,1.053200882165857,Milas (Muğla)
638016,2024-09-13 01:47:01,1.6,299.112488832258,23.76,0.995533151615412,Akdeniz - [93.51 km] Marmaris (Muğla)
638019,2024-09-13 02:13:00,1.3,240.8097432567061,7.86,1.1452336133105647,Biga (Çanakkale)
638020,2024-09-13 02:18:25,1.1,243.7061047744612,7.0,0.9251386562100463,Lapseki (Çanakkale)
638022,2024-09-13 02:25:12,0.9,228.03077656559086,7.0,1.006712169946401,Eğirdir (Isparta)
638026,2024-09-13 04:11:46,2.1,122.84425007543449,10.46,4.9583986211552045,Savaştepe (Balıkesir)
638027,2024-09-13 04:44:51,1.7,236.26634056764016,6.86,1.1677331633395818,Ege Denizi - [19.34 km] Ayvacık (Çanakkale)
638028,2024-09-13 06:03:24,3.5,157.45824894840553,9.81,38.70541763193274,Merkez (Kütahya)
638037,2024-09-13 07:29:41,1.6,60.751848539314466,13.91,6.1087895695167544,Gölmarmara (Manisa)
638038,2024-09-13 08:32:37,2.0,71.05481690166842,6.97,13.582036301590056,Akhisar (Manisa)
638039,2024-09-13 08:36:59,1.7,264.0625214563435,6.99,2.4660997211982316,Marmara Denizi - [21.63 km] Silivri (İstanbul)
638041,2024-09-13 09:08:49,1.0,123.65235136118137,7.23,1.5561145178445053,Çardak (Denizli)
638045,2024-09-13 08:49:04,1.9,226.78497226143546,10.77,1.5525141312704713,Gemlik (Bursa)
638050,2024-09-13 10:25:06,1.0,445.2050928863905,7.0,1.1096171195135673,Keskin (Kırıkkale)
638051,2024-09-13 09:31:44,1.2,152.53819667113376,7.0,1.305139847155687,Tavşanlı (Kütahya)
638052,2024-09-13 09:34:31,1.4,151.14815382081252,7.06,1.2643544322167313,Tavşanlı (Kütahya)
638053,2024-09-13 09:59:55,1.8,114.79956233322545,7.09,4.189050669688478,Bigadiç (Balıkesir)
638057,2024-09-13 12:20:47,1.7,170.86325600018156,6.99,0.8545699610343366,Köyceğiz (Muğla)
638059,2024-09-13 13:27:09,1.4,246.96363213916698,7.02,0.8577581796215994,Akdeniz - [32.71 km] Fethiye (Muğla)
638060,2024-09-13 13:13:20,1.9,294.2147053446679,7.08,0.3874908344174781,Akdeniz - [90.57 km] Marmaris (Muğla)
638063,2024-09-13 16:18:18,1.8,355.5609456228061,6.99,1.228035758758241,Yığılca (Düzce)
638068,2024-09-13 17:59:47,2.3,331.93005868526603,6.91,0.9637864301493043,Beypazarı (Ankara)
638071,2024-09-13 19:17:54,1.7,103.29195896116555,9.43,1.8166491476943385,Gediz (Kütahya)
638072,2024-09-13 19:44:43,1.5,237.256700731131,7.0,1.0967239459539584,Korkuteli (Antalya)
638073,2024-09-13 21:27:53,1.6,351.99326261715186,7.01,0.995905442653002,Kaynaşlı (Düzce)
638076,2024-09-14 01:50:05,1.3,133.30375667582723,7.0,1.1482793038570758,Yatağan (Muğla)
638080,2024-09-13 22:00:20,1.3,181.96635133069233,7.0,0.824053586996006,Ege Denizi - [30.30 km] Söke (Aydın)
638081,2024-09-14 01:06:10,1.6,258.67221032095955,7.36,0.9487359169631397,Kaş (Antalya)
638085,2024-09-14 02:18:18,1.7,189.6006402637799,7.03,1.0493292955285447,Ege Denizi - [33.83 km] Söke (Aydın)
638090,2024-09-14 02:59:43,2.2,297.10018569295744,27.71,3.590494907394391,Akdeniz - Antalya Körfezi - [05.79 km] Manavgat (Antalya)
638091,2024-09-14 03:12:47,1.4,114.87805148192908,11.81,1.3781513194662556,Torbalı (İzmir)
638093,2024-09-14 04:33:18,1.5,165.52468461560397,7.52,1.0797447852264062,Ege Denizi - Güllük Körfezi - [03.96 km] Milas (Muğla)
638097,2024-09-14 06:35:58,2.4,269.19418802378823,8.63,1.6287651874919045,Marmara Denizi - [04.60 km] Şarköy (Tekirdağ)
638102,2024-09-14 09:16:34,1.7,119.41839065385174,9.01,1.8281041196229475,Soma (Manisa)
638108,2024-09-14 10:07:43,1.8,290.16913297495705,6.98,0.8596071957257444,Ege Denizi - Saros Körfezi - [13.92 km] Gelibolu (Çanakkale)
638112,2024-09-14 12:16:11,1.3,163.85763398591214,7.0,1.2417554411533902,Ege Denizi - [10.74 km] Foça (İzmir)
638117,2024-09-14 14:12:44,1.0,42.886047107905284,7.0,4.366966504647321,Buldan (Denizli)
638118,2024-09-14 14:24:18,2.0,327.44956977574867,6.75,1.0180817845003602,Ege Denizi - [105.23 km] Datça (Muğla)
638125,2024-09-14 16:25:08,1.4,154.64623123182486,7.08,0.8838520532810774,Dikili (İzmir)
638127,2024-09-14 17:40:53,0.9,83.02642418570309,7.0,1.83906911247957,Babadağ (Denizli)
638131,2024-09-14 19:58:35,2.3,434.28708833285805,6.39,1.1328663838388051,Akdeniz - [212.56 km] Datça (Muğla)
638132,2024-09-14 20:08:30,1.1,76.54516168712027,12.43,3.724351474391749,Sındırgı (Balıkesir)
638133,2024-09-14 23:10:43,2.5,131.48334864480336,7.0,13.04485034921287,Menderes (İzmir)
638137,2024-09-14 23:29:56,1.7,203.2067546846874,7.0,1.1288120365645118,Akdeniz - [11.65 km] Ortaca (Muğla)
638138,2024-09-14 23:55:56,1.9,232.32407852889875,6.92,0.9714843533509826,Ege Denizi - [46.33 km] Karaburun (İzmir)
638141,2024-09-15 02:49:24,1.8,120.4182192202034,7.0,4.547593698511271,Tavşanlı (Kütahya)
638142,2024-09-15 02:37:53,1.2,121.65077933498449,7.0,0.9188991455379653,Tavşanlı (Kütahya)
638143,2024-09-15 01:15:36,2.0,117.4081691409251,7.0,3.894966843014039,Germencik (Aydın)
638145,2024-09-15 01:40:52,1.5,146.70473577772367,7.0,1.020423613360973,Ege Denizi - Kuşadası Körfezi - [10.72 km] Kuşadası (Aydın)
638146,2024-09-15 00:05:03,1.4,264.92548489534374,7.0,1.000504289724579,Marmara Denizi - [16.60 km] Büyükçekmece (İstanbul)
638153,2024-09-15 06:39:22,1.0,345.21517205606483,9.22,0.9996605977509655,Haymana (Ankara)
638155,2024-09-15 10:04:22,3.6,233.61064958000597,8.37,2.872859701805248,Ege Denizi - [16.34 km] Ayvacık (Çanakkale)
638157,2024-09-15 08:18:09,2.7,183.2076813645346,7.28,4.275128661763687,Ege Denizi - [07.57 km] Karaburun (İzmir)
638159,2024-09-15 09:08:55,1.0,430.26533428164555,5.89,0.9964181442105041,Bala (Ankara)
638160,2024-09-15 09:53:37,1.7,152.5451200496423,6.96,1.2618935344512676,Ula (Muğla)
638161,2024-09-15 09:58:24,1.6,114.24393410685506,7.02,1.2186492911028286,Bigadiç (Balıkesir)
638163,2024-09-15 10:20:59,1.4,100.30741053620855,8.5,1.1842845695096318,Hisarcık (Kütahya)
638164,2024-09-15 10:19:18,1.1,101.13725395265706,10.9,1.016514470537972,Hisarcık (Kütahya)
638167,2024-09-15 11:21:09,2.0,232.46729012298485,6.79,1.0365522972018468,Ege Denizi - [15.14 km] Ayvacık (Çanakkale)
638174,2024-09-15 15:31:53,2.5,222.3292001186354,6.89,1.282328786633142,Ege Denizi - [12.38 km] Ayvacık (Çanakkale)
638175,2024-09-15 17:06:01,1.6,198.98415048549816,7.06,1.0546839597609075,Yenice (Çanakkale)
638178,2024-09-15 19:11:31,2.1,250.7095477296881,10.58,1.158545336409171,Emirdağ (Afyonkarahisar)
638180,2024-09-15 21:15:17,1.9,165.79882927815177,6.97,2.2925317317638547,Ege Denizi - İzmir Körfezi - [02.47 km] Urla (İzmir)
638182,2024-09-15 22:23:24,1.8,272.06457050236946,7.0,1.0406893172380214,Akdeniz - [53.41 km] Kaş (Antalya)
638183,2024-09-15 22:39:51,1.3,250.32996216307413,7.01,0.7959831647267241,Lapseki (Çanakkale)
638197,2024-09-16 05:52:43,1.1,273.4078234814908,7.0,1.0241907095632004,Tuzlukçu (Konya)
638198,2024-09-16 06:20:09,2.6,89.91275595880776,7.0,11.461113544931857,Saruhanlı (Manisa)
638200,2024-09-16 06:52:57,1.5,91.76702588757267,7.0,2.5204436787755347,Saruhanlı (Manisa)
638202,2024-09-16 09:03:48,1.3,498.0806226749392,7.0,0.8486591442576815,Sulakyurt (Kırıkkale)
638203,2024-09-16 10:40:00,1.4,461.60369915369904,7.0,1.027185057229637,Kalecik (Ankara)
638204,2024-09-16 11:34:25,2.2,213.4211669768315,0.29,1.3266416814545219,Eğirdir Gölü - [06.87 km] Eğirdir (Isparta)
638205,2024-09-16 12:08:54,1.6,406.8276258647864,7.15,0.9923074851736021,Bala (Ankara)
638212,2024-09-16 14:49:16,1.5,407.14136737558584,7.0,1.1067628143706758,Gerede (Bolu)
638213,2024-09-16 15:22:05,1.7,200.71081077612814,10.73,1.00374502380297,Ege Denizi - [20.41 km] Çeşme (İzmir)
638214,2024-09-16 15:18:31,1.2,100.39815201028776,5.6,1.108833876308445,Hisarcık (Kütahya)
638218,2024-09-16 16:55:24,1.1,321.47950638425135,7.01,1.0207027721349942,Meram (Konya)
638219,2024-09-16 16:59:19,0.8,375.6685226430472,6.92,0.7969023101575199,Merkez (Bolu)
638224,2024-09-16 17:41:09,2.2,334.5176606801449,6.99,0.6876292228354834,Beypazarı (Ankara)
638225,2024-09-16 17:00:22,1.0,326.9620236467824,12.16,1.0872938446695477,Meram (Konya)
638226,2024-09-16 17:20:41,1.3,187.65279285239603,11.43,0.894029625183277,Ege Denizi - Gökova Körfezi - [07.61 km] Bodrum (Muğla)
638231,2024-09-16 19:27:53,1.1,90.1810786607283,6.96,0.7365467484131427,Saruhanlı (Manisa)
638232,2024-09-16 19:29:53,1.9,90.611727341873,7.02,4.062160345314068,Saruhanlı (Manisa)
638233,2024-09-16 19:54:49,1.2,118.2366406000739,8.01,1.147698405042362,Germencik (Aydın)
638234,2024-09-16 20:06:51,1.9,362.7664252512977,8.69,1.0216609252854407,Yığılca (Düzce)
638238,2024-09-16 21:16:23,1.5,346.21310695827395,11.93,0.9959117784236932,Beypazarı (Ankara)
638239,2024-09-16 21:30:58,1.1,182.67477803784456,7.0,0.8120603715006744,Çameli (Denizli)
638240,2024-09-16 21:45:47,1.3,175.2624325714207,7.07,1.172366391690099,Köyceğiz Gölü - [03.71 km] Köyceğiz (Muğla)
638241,2024-09-16 21:50:53,2.1,392.465733638963,14.9,0.9488767582393117,Akdeniz - [178.58 km] Datça (Muğla)
638243,2024-09-16 22:14:21,1.1,167.02412085345722,6.91,0.9847110388517061,Köyceğiz (Muğla)
638244,2024-09-16 22:19:17,2.2,162.67941457566604,6.97,2.089629589614522,Köyceğiz (Muğla)
638248,2024-09-16 22:52:25,1.8,218.29966226337103,5.15,1.1212785329746144,Çan (Çanakkale)
638249,2024-09-16 22:30:41,1.5,90.16803210707855,6.97,2.685134389345917,Saruhanlı (Manisa)
638250,2024-09-16 22:48:42,1.5,164.51240956609328,6.97,1.129186391712076,Köyceğiz (Muğla)
638256,2024-09-17 00:02:39,1.0,43.71557038437175,5.88,7.7209874364733775,Buldan (Denizli)
638261,2024-09-17 00:44:19,2.1,481.06532653448545,7.14,0.9475179754248659,Akdeniz - [141.40 km] Gazipaşa (Antalya)
638264,2024-09-17 01:40:37,1.6,207.15977396383735,7.02,1.0303772591305893,Ege Denizi - [31.95 km] Karaburun (İzmir)
638266,2024-09-17 02:15:15,1.2,173.64504321034434,7.02,0.9887642961725165,Ege Denizi - [17.22 km] Dikili (İzmir)
638268,2024-09-17 02:50:15,1.6,251.26551640318675,12.37,1.09812574910088,Ege Denizi - [34.06 km] Datça (Muğla)
638269,2024-09-17 02:53:14,2.3,259.8388931988171,7.0,1.327847113867697,Ege Denizi - [70.45 km] Karaburun (İzmir)
638271,2024-09-17 01:17:40,1.4,242.12435629435666,5.14,0.9886608667930079,Çınarcık (Yalova)
638272,2024-09-17 01:25:43,1.3,203.337870537986,7.0,0.9792613626664358,Ege Denizi - [29.74 km] Karaburun (İzmir)
638275,2024-09-17 04:26:19,1.5,147.2828256558382,7.83,1.312581281633047,Bergama (İzmir)
638276,2024-09-17 04:41:24,1.0,231.65039535795216,7.0,0.9220822319690593,Ezine (Çanakkale)
638282,2024-09-17 06:37:55,0.9,487.4083070678877,7.0,1.0362179590126321,Merkez (Kırşehir)
638283,2024-09-17 06:38:55,0.8,488.85029797341906,7.0,1.0579495306677538,Merkez (Kırşehir)
638284,2024-09-17 06:43:13,1.5,122.71761093497147,7.1,1.7955175472906122,Gaziemir (İzmir)
638285,2024-09-17 07:20:07,0.9,435.3576065366128,7.0,1.047335680257496,Çelebi (Kırıkkale)
638286,2024-09-17 07:03:50,1.7,132.55879002104334,7.2,0.9512663909709094,Ege Denizi - Kuşadası Körfezi - [07.13 km] Selçuk (İzmir)
638288,2024-09-17 09:43:20,1.2,151.41582072999714,7.0,1.039165706149809,Tavşanlı (Kütahya)
638289,2024-09-17 09:57:15,1.4,266.3833368887073,7.65,1.0708876003778445,Ege Denizi - [64.16 km] Çeşme (İzmir)
638291,2024-09-17 11:22:57,4.0,89.33385805605468,17.73,37.343215673895855,Akhisar (Manisa)
638292,2024-09-17 11:29:50,3.4,88.66527914609604,6.99,116.71769087752301,Akhisar (Manisa)
638293,2024-09-17 11:27:40,1.6,89.97015231477054,6.97,2.974080231881604,Akhisar (Manisa)
638295,2024-09-17 10:10:34,1.5,151.07454991549693,6.99,1.3200698720239805,Tavşanlı (Kütahya)
638297,2024-09-17 13:17:18,3.1,252.294215885849,10.89,1.6437149603813175,Ege Denizi - [46.44 km] Ayvacık (Çanakkale)
638298,2024-09-17 13:18:50,1.7,423.70392153620816,7.03,0.728509711929108,Merkez (Karaman)
638300,2024-09-17 15:32:19,2.4,177.27598158484827,16.31,2.6847625123658903,Şuhut (Afyonkarahisar)
638301,2024-09-17 15:38:15,2.2,359.61727809109345,7.0,1.3054382299851888,Akdeniz - [140.59 km] Datça (Muğla)
638305,2024-09-17 17:58:36,1.5,96.31491056330191,7.1,2.2322735828216302,Akhisar (Manisa)
638306,2024-09-17 18:17:38,2.6,326.0653677599547,37.77,3.4627232831723362,Akdeniz - [34.60 km] Kumluca (Antalya)
638308,2024-09-17 18:46:22,2.0,86.10874417906135,7.03,4.659728442309137,Akhisar (Manisa)
638310,2024-09-17 19:23:24,1.5,250.1081128349585,7.0,1.2051339223127493,Ege Denizi - [09.74 km] Ayvacık (Çanakkale)
638319,2024-09-17 22:44:08,1.7,240.2056353775347,7.0,1.0801738119615887,"Ege Denizi, Midilli Adası (Lesvos) - [38.04 km] Ayvacık (Çanakkale)"
638320,2024-09-17 21:08:57,1.7,81.66399797952461,4.75,3.416472438570328,Akhisar (Manisa)
638324,2024-09-17 23:25:06,0.9,173.14031975694496,7.0,0.9112510950955902,Dalaman (Muğla)
638325,2024-09-17 23:49:49,2.1,334.5195398762843,6.94,0.9087248697338712,Beypazarı (Ankara)
638331,2024-09-18 01:20:00,1.4,171.6074232985631,7.0,1.185185245887612,Merkez (Afyonkarahisar)
638334,2024-09-18 02:32:14,1.1,366.99906113145704,7.74,0.8546187586133256,Merkez (Bolu)
638338,2024-09-18 03:23:51,1.0,170.91942573736685,7.44,0.9965668387968334,Ege Denizi - [12.26 km] Foça (İzmir)
638342,2024-09-18 03:55:42,0.9,178.57117474822735,9.16,0.9867886673005575,Burhaniye (Balıkesir)
638343,2024-09-18 03:59:42,1.8,285.30283159471105,7.0,1.071992106218581,Ege Denizi - Saros Körfezi - [09.38 km] Gelibolu (Çanakkale)
638347,2024-09-18 04:46:32,1.5,264.1560170009506,7.14,0.9768009356609547,Marmara Denizi - [13.98 km] Marmara (Balıkesir)
638349,2024-09-18 06:08:32,0.9,61.035920277186655,7.0,3.0447311338916685,Gördes (Manisa)
638354,2024-09-18 07:10:39,1.7,216.64599515588375,2.83,1.1791669587909834,Marmara Denizi - Gemlik Körfezi - [05.80 km] Mudanya (Bursa)
638358,2024-09-18 07:46:55,2.1,347.58255127904613,6.57,0.9317804000838179,Ege Denizi - [48.74 km] Gökçeada (Çanakkale)
638359,2024-09-18 07:56:39,1.1,224.4862987931689,7.06,0.9833268399918123,Marmara Denizi - Erdek Körfezi - [10.12 km] Gönen (Balıkesir)
638360,2024-09-18 07:53:05,1.3,427.15928655078176,13.8,1.1444727243285433,"Svilengrad, Hasköy (Bulgaristan) - [15.61 km] Lalapaşa (Edirne)"
638363,2024-09-18 08:45:53,1.0,459.72669286848895,8.89,1.0007077079947202,Ağaçören (Aksaray)
638364,2024-09-18 08:39:36,1.4,163.3838151985905,7.0,1.6163398362918306,Mustafakemalpaşa (Bursa)
638366,2024-09-18 09:21:54,1.3,65.17208117577671,7.0,5.1383675929550705,Buharkent (Aydın)
638368,2024-09-18 10:27:47,1.8,262.65086119177494,6.82,1.2213494171479427,Marmara Denizi - [14.49 km] Marmara (Balıkesir)
638372,2024-09-18 09:42:25,1.0,169.14192000545611,31.03,1.1113129215488704,Domaniç (Kütahya)
638373,2024-09-18 09:44:24,1.2,344.6664435221547,7.0,1.028213221565311,Sarayönü (Konya)
638377,2024-09-18 10:39:58,1.6,96.50250131793948,7.0,2.8495851814824107,Honaz (Denizli)
638378,2024-09-18 11:46:06,1.1,62.8437863238886,7.0,3.8328075634015986,Turgutlu (Manisa)
638379,2024-09-18 12:24:54,0.9,51.54970496933329,7.0,11.999344098958685,Ulubey (Uşak)
638386,2024-09-18 14:43:06,1.6,244.01183029785022,7.0,0.9126924119637192,Akdeniz - [45.83 km] Ortaca (Muğla)
638390,2024-09-18 16:42:26,1.5,266.9031993325862,7.86,1.0518743153770016,Ege Denizi - [56.17 km] Marmaris (Muğla)
638400,2024-09-19 01:55:19,2.2,111.03284545536916,6.91,12.139126199557499,Soma (Manisa)
638401,2024-09-19 01:53:13,1.5,109.07249655810385,6.14,2.5842966577665596,Soma (Manisa)
638403,2024-09-19 00:23:21,1.7,147.8184356475886,7.01,1.3094171142154105,Yatağan (Muğla)
638406,2024-09-19 02:11:54,1.7,341.22238765141185,7.06,0.9550425418034687,Beypazarı (Ankara)
638408,2024-09-19 01:20:32,1.4,188.00403326776885,7.01,1.0321142734541042,Çavdır (Burdur)
638417,2024-09-19 06:08:34,2.0,225.8476839479951,16.0,1.1640503947198106,Ege Denizi - [29.68 km] Çeşme (İzmir)
638418,2024-09-19 08:26:47,1.3,176.87494059688112,12.1,1.1822789376886194,Mustafakemalpaşa (Bursa)
638419,2024-09-19 08:23:47,1.2,225.45735028453808,13.2,1.0373159199818156,Emirdağ (Afyonkarahisar)
638420,2024-09-19 08:35:07,1.2,120.03128131149626,6.49,1.109415156893195,Buca (İzmir)
638422,2024-09-19 08:59:07,0.8,268.6604747815293,6.7,1.0512434675180118,Hüyük (Konya)
638423,2024-09-19 09:42:21,1.2,153.33939320292035,7.0,0.9153914737010458,Tavşanlı (Kütahya)
638424,2024-09-19 09:49:21,1.3,153.33088026866704,8.22,1.0411110684924136,Tavşanlı (Kütahya)
638425,2024-09-19 10:05:34,1.4,155.49476577251284,7.0,1.429044255654252,Orhaneli (Bursa)
638426,2024-09-19 11:42:03,1.4,249.18777685500368,7.01,1.0620484642314794,Alpu (Eskişehir)
638433,2024-09-19 13:52:32,2.4,76.6873140445615,28.5,5.700159557546173,Akhisar (Manisa)
638434,2024-09-19 13:58:54,2.2,255.50686931402424,26.3,1.2334020616563812,Marmara Denizi - [11.11 km] Adalar (İstanbul)
638448,2024-09-19 23:14:29,1.4,174.27992154968442,7.01,1.651249051687209,Merkez (Afyonkarahisar)
638449,2024-09-19 23:44:19,1.1,442.61534401590785,6.94,1.1265770083264863,Çerkeş (Çankırı)
638452,2024-09-19 22:45:04,1.5,173.92067777501475,6.98,1.6855598067538875,Merkez (Afyonkarahisar)
638453,2024-09-20 00:13:22,0.8,194.13634381040987,7.0,1.039844208504294,Seydikemer (Muğla)
638460,2024-09-20 01:23:47,1.2,249.53231490345502,7.01,1.004612212764314,Marmara Denizi - [06.75 km] Çınarcık (Yalova)
638465,2024-09-20 06:31:32,1.5,108.8307400953573,6.94,2.6286566141604957,Soma (Manisa)
638468,2024-09-20 07:07:54,1.8,263.64386575290393,7.06,1.0695359306201224,Marmara Denizi - [10.97 km] Beylikdüzü (İstanbul)
638471,2024-09-20 07:42:15,1.8,295.94179926330617,7.18,0.9088026951092272,Ege Denizi - [85.29 km] Marmaris (Muğla)
638472,2024-09-20 07:32:40,1.8,217.44858904381147,7.0,1.5101593812430636,Gönen (Balıkesir)
638478,2024-09-20 09:30:10,1.3,398.43314348581816,7.33,0.8111801171375084,Karatay (Konya)
638479,2024-09-20 09:33:47,1.0,116.5320483568737,7.0,1.4698367194206776,Serinhisar (Denizli)
638480,2024-09-20 09:57:06,3.1,332.7349805582946,7.0,1.7979805948229197,Ege Denizi
638483,2024-09-20 10:11:34,1.3,114.47773504111991,1.92,1.626022916494992,Emet (Kütahya)
638484,2024-09-20 10:47:59,1.1,107.86890541394196,13.24,0.8751207176845305,Tavas (Denizli)
638485,2024-09-20 10:57:46,1.0,119.06553506304263,7.0,1.0322340781112271,Menderes (İzmir)
638486,2024-09-20 10:57:51,3.3,331.6069770801655,7.0,0.9561636294346686,Ege Denizi
638493,2024-09-20 13:46:47,1.4,273.2196091964194,7.0,1.3199599341805153,Tuzlukçu (Konya)
638494,2024-09-20 14:46:04,2.3,243.7131630005104,4.9,1.514897908968134,"Ege Denizi, Midilli Adası (Lesvos) - [36.08 km] Ayvacık (Çanakkale)"
638498,2024-09-20 15:15:19,2.4,238.43791988813402,6.17,0.768016618791696,Ege Denizi - [39.96 km] Çeşme (İzmir)
638501,2024-09-20 16:59:15,1.1,153.94471370033904,6.88,1.4409463466153625,Ege Denizi - Kuşadası Körfezi - [17.11 km] Kuşadası (Aydın)
638508,2024-09-20 17:49:08,1.5,151.22354963504716,7.01,0.9111002527100946,Acıpayam (Denizli)
638527,2024-09-21 02:50:21,2.1,295.078652978547,8.01,0.814026435954053,Ege Denizi - [83.74 km] Datça (Muğla)
638531,2024-09-21 03:22:30,1.1,182.67029864115128,7.0,0.9604346130445449,Ege Denizi - Gökova Körfezi - [10.80 km] Milas (Muğla)
638532,2024-09-21 03:09:00,1.4,85.16484398671317,6.39,5.672906284378142,Merkezefendi (Denizli)
638538,2024-09-21 04:42:30,1.2,133.65915311448038,6.13,1.1222531309961066,Kuşadası (Aydın)
638540,2024-09-21 06:58:24,1.5,192.34620499425267,11.97,1.120328797822026,Gönen (Balıkesir)
638541,2024-09-21 07:15:31,2.1,96.22216598361885,6.98,11.880598556042909,Kırkağaç (Manisa)
638542,2024-09-21 08:17:07,1.2,478.2071564749127,7.0,0.9986930647438084,Mut (Mersin)
638544,2024-09-21 09:50:32,1.2,150.97057791689986,6.99,1.3834426322272961,Tavşanlı (Kütahya)
638545,2024-09-21 10:07:26,1.5,113.94749103294109,7.02,3.0016490045247863,Bigadiç (Balıkesir)
638549,2024-09-21 11:15:37,0.8,442.28533123625607,9.81,1.2611988282259639,Keskin (Kırıkkale)
638553,2024-09-21 12:45:16,1.4,251.4685889942704,6.77,0.9220440001263057,Marmara Denizi - [10.16 km] Marmara (Balıkesir)
638555,2024-09-21 13:15:11,2.3,264.0173144224436,7.02,0.9524255490325402,Marmara Denizi - [22.05 km] Büyükçekmece (İstanbul)
638558,2024-09-21 14:03:01,2.3,322.4838405024033,7.0,0.8083047264805371,Ege Denizi
638563,2024-09-21 15:32:45,1.6,237.40148855600654,5.78,1.28735616983361,Ege Denizi - [21.07 km] Ayvacık (Çanakkale)
638565,2024-09-21 15:56:04,1.7,468.4421870696145,6.85,0.7625815040203626,Şabanözü (Çankırı)
638566,2024-09-21 16:52:51,2.1,331.8116273070313,7.0,0.8476051336990907,Beypazarı (Ankara)
638570,2024-09-21 17:23:45,1.5,216.227783687367,48.91,0.8697288745594957,Marmaris (Muğla)
638572,2024-09-21 18:00:31,1.7,215.6687490481812,5.76,0.9659267805885446,Ege Denizi - [14.35 km] Datça (Muğla)
638573,2024-09-21 18:36:59,1.6,232.83188886733507,9.52,0.9326923686663513,Ege Denizi - [06.49 km] Ayvacık (Çanakkale)
638574,2024-09-21 18:59:12,1.1,168.24416678924578,8.95,0.10829843807285733,Ege Denizi - [08.18 km] Dikili (İzmir)
638577,2024-09-21 20:10:58,1.3,167.50578808830542,8.54,0.7985461876429991,Ege Denizi - Dikili Körfezi - [07.30 km] Dikili (İzmir)
638580,2024-09-21 20:30:18,1.6,171.47011062173178,7.02,0.8402042130910179,Ege Denizi - [09.87 km] Dikili (İzmir)
638581,2024-09-21 20:47:22,1.8,258.46870990061535,8.11,0.8697224973571361,Marmara Denizi - [08.58 km] Marmara (Balıkesir)
638585,2024-09-21 22:55:57,1.8,209.0851379765124,7.0,1.2315780315364502,Yalvaç (Isparta)
638593,2024-09-21 23:36:53,2.4,260.7301023804698,10.41,1.5011825344202634,Marmara Denizi - [09.36 km] Marmara (Balıkesir)
638594,2024-09-21 23:30:33,1.7,196.3173793109999,6.26,1.1188895398720242,Ege Denizi - [35.21 km] Urla (İzmir)
638598,2024-09-21 23:41:41,1.0,305.43827195765743,7.01,1.00870865741919,Meram (Konya)
638612,2024-09-22 03:52:16,1.4,105.21566734673793,7.0,1.1482628034173998,Honaz (Denizli)
638616,2024-09-22 05:17:27,1.5,88.76983680437007,10.01,3.438439757760897,Akhisar (Manisa)
638617,2024-09-22 05:32:08,2.6,438.896532614605,5.75,1.2082333872148783,Akdeniz - [224.46 km] Datça (Muğla)
638621,2024-09-22 06:26:09,1.4,98.08910354268538,6.96,2.147075898759826,Dursunbey (Balıkesir)
638623,2024-09-22 06:49:45,1.7,79.91625498852552,8.34,5.945978784699412,Simav (Kütahya)
638624,2024-09-22 07:08:48,1.6,127.18656269469494,9.69,1.0300096791812208,Dursunbey (Balıkesir)
638626,2024-09-22 08:47:21,4.3,433.66982879458135,8.68,4.195567154710955,Ege Denizi
638627,2024-09-22 09:03:53,3.1,419.2775210066859,7.89,1.4834801766679246,Ege Denizi
638628,2024-09-22 07:25:40,1.5,249.8206786043208,8.1,1.4392133345145028,Ege Denizi - [09.58 km] Ayvacık (Çanakkale)
638629,2024-09-22 09:57:14,4.2,423.95720199032615,16.83,3.7769168609010926,Ege Denizi
638632,2024-09-22 09:35:46,1.7,97.16633206613197,7.0,1.0476245908968018,Hisarcık (Kütahya)
638634,2024-09-22 09:37:23,1.4,103.56493103817779,7.0,0.9343259937101538,Hisarcık (Kütahya)
638635,2024-09-22 09:50:23,4.9,421.981027824117,6.53,16.143842428068517,Ege Denizi
638638,2024-09-22 13:12:48,2.0,366.0530507403358,9.61,1.1007212396141008,Ege Denizi
638642,2024-09-22 15:00:40,1.7,118.0584221161232,6.98,3.5830683457494166,Bigadiç (Balıkesir)
638647,2024-09-22 17:14:04,1.5,104.5901022930027,7.24,1.6377743956813524,Emet (Kütahya)
638648,2024-09-22 17:36:21,2.6,305.2009187445865,71.63,2.546073358833718,Akdeniz - Antalya Körfezi - [04.05 km] Manavgat (Antalya)
638651,2024-09-22 19:33:55,1.5,319.14995442397674,6.92,1.0028501216904162,Polatlı (Ankara)
638653,2024-09-22 20:35:38,1.9,263.2039079817095,7.03,1.1069114972968084,Ege Denizi - [75.28 km] Ayvacık (Çanakkale)
638655,2024-09-22 21:11:11,1.7,87.17535890443858,6.97,1.6486424633930872,Akhisar (Manisa)
638666,2024-09-23 00:21:38,1.9,162.57248601698484,7.0,1.9212887119552715,"Ege Denizi, Sisam Adası (Samos) - [22.92 km] Kuşadası (Aydın)"
638670,2024-09-23 00:44:45,1.5,89.74571607832638,6.96,3.53172579126129,Akhisar (Manisa)
638671,2024-09-23 00:49:36,1.5,307.209658224033,14.93,1.0218240419211242,Akdeniz - Antalya Körfezi - [24.50 km] Manavgat (Antalya)
638672,2024-09-23 02:46:32,1.8,88.7579054820489,7.0,3.354756915630648,Akhisar (Manisa)
638677,2024-09-23 04:18:02,1.6,105.34159860034107,7.0,1.6000777397439354,Germencik (Aydın)
638680,2024-09-23 06:23:41,1.3,239.9683364226762,7.02,0.9363956426379209,Ege Denizi - [57.06 km] Ayvacık (Çanakkale)
638681,2024-09-23 06:17:06,0.9,205.8794290426688,7.0,0.8844392248527682,Fethiye (Muğla)
638683,2024-09-23 07:08:38,2.1,159.50620444331165,6.73,1.6270571988532838,"Ege Denizi, Sisam Adası (Samos) - [20.84 km] Kuşadası (Aydın)"
638686,2024-09-23 08:07:58,2.1,248.26495844634698,7.12,1.12631806732553,Ege Denizi - [50.16 km] Çeşme (İzmir)
638687,2024-09-23 08:22:03,1.5,162.22736605246308,7.12,1.4395069462221415,Mustafakemalpaşa (Bursa)
638690,2024-09-23 08:57:56,1.3,215.14798735585316,7.04,1.4703206608433756,Ege Denizi - [37.39 km] Ayvacık (Çanakkale)
638692,2024-09-23 09:16:49,1.0,201.62894852420033,6.4,0.8163959341040936,İnönü (Eskişehir)
638695,2024-09-23 09:33:16,1.9,165.14557607215303,9.19,1.2588656036873707,Mustafakemalpaşa (Bursa)
638696,2024-09-23 10:29:41,1.4,153.58584417706214,7.0,1.2722187727312688,Tavşanlı (Kütahya)
638698,2024-09-23 10:41:09,2.0,90.15223819260325,6.88,3.082419292739231,Şehzadeler (Manisa)
638699,2024-09-23 10:41:08,1.8,91.32176376605446,7.0,3.0122149034219223,Saruhanlı (Manisa)
638705,2024-09-23 12:46:38,1.6,158.19204161470742,7.0,1.9623591563397784,Orhaneli (Bursa)
638706,2024-09-23 12:50:12,1.1,416.45953932774006,7.0,1.216386369355819,"Bolyarovo, Yanbolu (Bulgaristan) - [07.10 km] Lalapaşa (Edirne)"
638709,2024-09-23 13:04:02,1.3,135.95636224634703,9.8,0.914279306329603,Ege Denizi - Kuşadası Körfezi - [00.79 km] Kuşadası (Aydın)
638713,2024-09-23 14:51:52,2.1,164.61802799597046,8.44,1.1647055934265533,Ege Denizi - İzmir Körfezi - [09.50 km] Foça (İzmir)
638720,2024-09-23 17:16:25,2.0,330.4232868720132,7.02,0.9143598951981623,Beypazarı (Ankara)
638727,2024-09-23 21:27:46,2.0,177.51956501622757,12.76,3.0825101165514837,Şuhut (Afyonkarahisar)
638728,2024-09-24 01:20:21,3.9,161.48835642335004,18.4,84.35699346137643,İvrindi (Balıkesir)
638737,2024-09-24 03:14:37,1.7,146.72730120275182,6.51,1.1419436897782311,Dikili (İzmir)
638738,2024-09-24 02:28:24,1.7,256.5262977603698,12.99,0.9559819511512042,Ege Denizi - [13.20 km] Ezine (Çanakkale)
638742,2024-09-24 05:49:04,2.5,65.6832063860123,7.04,157.16406902002157,Pamukkale (Denizli)
638743,2024-09-24 05:43:48,3.0,454.76486552328964,6.77,2.9119155010104625,Akdeniz - [234.12 km] Datça (Muğla)
638745,2024-09-24 06:25:13,1.5,111.77486328382285,6.97,1.396907870427793,Soma (Manisa)
638746,2024-09-24 06:17:55,1.9,65.94057775923626,10.2,25.057004084954574,Pamukkale (Denizli)
638749,2024-09-24 07:48:06,1.7,350.88357819875614,15.0,1.0525892579747498,Ege Denizi - [127.96 km] Datça (Muğla)
638754,2024-09-24 08:20:09,1.0,323.25129173429406,7.52,0.9278934907231856,Çatalca (İstanbul)
638756,2024-09-24 08:58:56,1.3,110.20244492916115,6.98,1.6500497244145549,Serinhisar (Denizli)
638761,2024-09-24 10:05:44,1.6,113.59207443050116,22.6,2.2767670723913613,Bigadiç (Balıkesir)
638762,2024-09-24 09:27:31,1.4,152.50027666159212,6.94,1.3911592653910363,Orhaneli (Bursa)
638764,2024-09-24 10:38:18,1.3,153.25886934950245,15.6,1.04763523420675,Tavşanlı (Kütahya)
638767,2024-09-24 09:53:31,1.2,181.54201322856943,7.0,0.9879056479154846,Manyas (Balıkesir)
638768,2024-09-24 10:24:40,1.3,136.9303798991162,6.69,1.200183641185965,Altıntaş (Kütahya)
638770,2024-09-24 11:51:04,1.0,491.3490641277946,7.0,0.8982201426902848,Merkez (Kırşehir)
638772,2024-09-24 12:31:17,1.1,87.67190615967735,11.0,0.931503778567152,İncirliova (Aydın)
638773,2024-09-24 12:57:32,1.8,275.7377819001567,39.73,0.5509175070261174,Ege Denizi - [66.03 km] Marmaris (Muğla)
638776,2024-09-24 13:38:55,0.9,8.760835448104178,13.0,56.355331260326196,Kula (Manisa)
638778,2024-09-24 14:17:27,2.2,155.7759829486944,7.62,1.2698771390083183,Dikili (İzmir)
638780,2024-09-24 14:51:27,2.0,272.07197477778874,7.3,0.9346701514628759,Ege Denizi - [73.17 km] Çeşme (İzmir)
638782,2024-09-24 15:48:04,1.1,156.64639002147769,7.04,1.0230948579678731,Acıpayam (Denizli)
638784,2024-09-24 16:43:02,1.2,65.72862970736162,7.0,4.690051562498931,Pamukkale (Denizli)
638786,2024-09-24 17:21:47,2.3,56.23214755343798,7.0,72.5722111911743,Güney (Denizli)
638793,2024-09-24 20:22:55,1.3,438.389023299477,7.0,1.193544265293955,Karapınar (Konya)
638795,2024-09-24 20:48:32,1.6,454.76290125580607,11.62,1.1502894214375403,Çerkeş (Çankırı)
638796,2024-09-24 17:12:14,2.8,364.9384298074304,8.94,1.0379681609670623,Akdeniz - [143.66 km] Datça (Muğla)
638806,2024-09-24 23:56:37,1.9,259.64638369864286,7.0,1.0753596450079166,Ege Denizi - [49.14 km] Marmaris (Muğla)
638804,2024-09-25 03:52:03,1.1,158.9993830120319,7.28,1.0941217557542509,Ege Denizi - [20.51 km] Seferihisar (İzmir)
638821,2024-09-25 07:00:06,1.0,488.0270556434946,7.0,1.0769427673583905,Merkez (Kırşehir)
638823,2024-09-25 07:54:47,1.3,374.47840004783654,7.06,1.0794358117716294,Merkez (Bolu)
638825,2024-09-25 08:10:53,2.0,283.4361102115141,9.2,1.1151102521148546,Ege Denizi - [74.18 km] Datça (Muğla)
638827,2024-09-25 08:38:52,1.0,490.01601467892584,7.0,0.9455494410276419,Korgun (Çankırı)
638828,2024-09-25 08:51:36,1.3,65.02553550102365,7.0,5.545686856107688,Akhisar (Manisa)
638830,2024-09-25 09:01:14,0.8,342.865281496042,13.54,1.644301266567112,Saray (Tekirdağ)
638835,2024-09-25 10:03:25,1.5,152.01588413748684,6.99,1.096625791461812,Harmancık (Bursa)
638836,2024-09-25 10:39:18,1.0,460.1100942984126,6.7,0.6203731747583497,Merkez (Kırıkkale)
638837,2024-09-25 10:39:16,1.2,114.20041054565247,6.7,1.766081656152917,Bigadiç (Balıkesir)
638840,2024-09-25 12:23:31,1.0,103.35388254251491,6.94,0.991234620176944,Sivaslı (Uşak)
638841,2024-09-25 12:33:18,1.4,197.3464735377343,6.98,1.367076854461519,Ege Denizi - Gökova Körfezi - [14.83 km] Datça (Muğla)
638855,2024-09-25 17:43:31,1.7,250.83893438043341,10.22,1.0589547675785689,Marmara Denizi - [06.36 km] Marmara (Balıkesir)
638856,2024-09-25 17:55:14,2.2,414.0008514219436,7.88,1.3800113697203795,Ege Denizi
638860,2024-09-25 21:38:26,1.4,175.14542771852825,6.91,1.2040936036143646,Çameli (Denizli)
638864,2024-09-26 00:40:57,0.9,228.81205667699476,5.47,0.880071747689457,Yalvaç (Isparta)
638866,2024-09-26 04:22:14,1.6,273.4201740357359,7.23,0.9666489762155331,Marmara Denizi - [06.29 km] Süleymanpaşa (Tekirdağ)
638867,2024-09-26 04:24:02,1.2,271.0005176000222,7.09,1.1157316920373537,Marmara Denizi - [07.59 km] Süleymanpaşa (Tekirdağ)
638869,2024-09-26 02:57:43,1.4,370.6907613423369,14.24,1.0224704608958333,Ege Denizi
638870,2024-09-26 02:46:38,1.8,373.13061751397163,10.14,1.044325202320657,Ege Denizi
638871,2024-09-26 02:42:07,1.5,373.2044534639092,14.19,0.8559142433731112,Ege Denizi
638872,2024-09-26 02:32:43,1.1,159.95293518433016,6.99,0.9565917375082909,Menteşe (Muğla)
638875,2024-09-26 01:40:50,2.2,339.2549342630114,17.41,2.5492316363291123,Ege Denizi - [116.07 km] Datça (Muğla)
638877,2024-09-26 04:35:50,1.4,373.67359141439533,7.37,0.9889593143516615,Ege Denizi
638888,2024-09-26 09:42:04,1.0,346.52891307776144,7.0,1.1133793631190132,Kaynaşlı (Düzce)
638891,2024-09-26 10:06:15,1.4,113.53863232904091,11.37,1.22189679966853,Bigadiç (Balıkesir)
638892,2024-09-26 10:27:04,1.1,145.50983192642533,7.0,2.0589703605117857,İvrindi (Balıkesir)
638895,2024-09-26 11:40:46,1.1,7.135111618538226,8.89,39.046438489243414,Alaşehir (Manisa)
638896,2024-09-26 11:32:54,1.4,417.2823265845081,7.0,1.458280617306213,Çubuk (Ankara)
638909,2024-09-26 15:16:48,1.4,329.2417017297817,7.21,1.1692187526624,Beypazarı (Ankara)
638923,2024-09-26 19:49:56,1.7,436.4655022609297,6.28,0.9918266340338758,"Haskovo, Hasköy (Bulgaristan) - [43.01 km] Merkez (Edirne)"
638926,2024-09-26 20:19:28,2.0,230.8160112515316,8.5,0.7367911342862373,Ege Denizi - [03.91 km] Ayvacık (Çanakkale)
638932,2024-09-26 20:42:43,1.2,265.0515032562015,7.05,1.448110064062156,Marmara Denizi - [19.59 km] Marmara (Balıkesir)
638933,2024-09-26 20:30:25,0.8,472.42764459466196,4.71,0.7613291281988888,Şabanözü (Çankırı)
638943,2024-09-26 22:36:43,0.8,270.7618425277541,6.9,1.0606048952950207,Yunak (Konya)
638966,2024-09-27 03:35:22,0.8,382.01288282877545,9.24,0.9987828944381927,Merkez (Bolu)
638969,2024-09-27 04:40:15,1.2,164.35522699344995,9.9,1.0549523932916731,Ege Denizi - [27.38 km] Seferihisar (İzmir)
638973,2024-09-27 05:28:57,1.1,452.1964408951065,6.96,1.0852144463607816,Çerkeş (Çankırı)
638978,2024-09-27 06:00:42,2.0,172.12236639390537,6.76,1.270151198130554,Ege Denizi - [11.77 km] Karaburun (İzmir)
638980,2024-09-27 06:33:31,3.3,133.27271258749235,7.44,39.164810477710176,Yeşilova (Burdur)
638985,2024-09-27 08:08:02,2.2,269.89703848672883,10.6,1.167372785044058,Ege Denizi - [82.63 km] Karaburun (İzmir)
638986,2024-09-27 08:15:49,1.4,249.14682613586658,18.1,0.9491038759088429,Lapseki (Çanakkale)
638994,2024-09-27 12:02:42,2.0,278.1664270860601,7.02,1.182895690662759,Akdeniz - [69.65 km] Marmaris (Muğla)
638995,2024-09-27 12:10:28,2.3,284.9441321770807,7.03,1.033704866776848,Akdeniz - [77.10 km] Marmaris (Muğla)
638999,2024-09-27 13:43:00,1.5,285.53308227329126,6.49,0.7442825145235935,Akdeniz - [79.68 km] Marmaris (Muğla)
639003,2024-09-27 15:24:14,1.8,113.2163572963067,7.0,4.453135124199994,Bigadiç (Balıkesir)
639005,2024-09-27 17:02:53,2.2,109.94488948945839,7.0,6.313117773883687,Germencik (Aydın)
639006,2024-09-27 17:15:20,2.5,437.11571604689726,6.98,0.6536871659419404,Elmadağ (Ankara)
639008,2024-09-27 17:43:26,1.7,121.97736201329043,15.06,1.809468323363901,Altıeylül (Balıkesir)
639010,2024-09-27 18:11:55,2.4,404.6763435210899,21.28,1.2993069235749817,Akdeniz - [97.48 km] Gazipaşa (Antalya)
639012,2024-09-27 18:14:59,2.3,124.6303754375496,7.0,3.200947715604907,Menderes (İzmir)
639015,2024-09-27 19:56:12,2.3,271.3644655576193,6.91,1.5262637696115533,Akdeniz - [66.31 km] Marmaris (Muğla)
639017,2024-09-27 20:43:47,1.5,108.33720414049054,7.31,2.944945467542567,Soma (Manisa)
639022,2024-09-27 21:48:24,1.6,294.3017057967166,7.3,0.9044192424865073,Ege Denizi
639027,2024-09-28 00:05:15,1.4,234.22430384922168,33.8,0.9414724970361307,Seydikemer (Muğla)
639032,2024-09-28 03:49:01,1.5,176.21954629323903,7.0,1.0266779102200279,Köyceğiz (Muğla)
639050,2024-09-28 09:14:15,1.1,262.5174422130757,9.7,1.0195906725836634,Ege Denizi - [21.24 km] Ayvacık (Çanakkale)
639058,2024-09-28 10:07:00,1.2,160.546230057722,7.0,1.0895287187287654,Balya (Balıkesir)
639059,2024-09-28 10:05:10,0.9,430.39024670597325,5.0,0.9437656010407276,Bala (Ankara)
639066,2024-09-28 13:08:34,0.9,181.04811561358306,7.0,1.1327712484525765,Mustafakemalpaşa (Bursa)
639069,2024-09-28 14:37:23,1.2,115.4834355351844,6.87,0.8728388108291121,Germencik (Aydın)
639075,2024-09-28 16:09:45,1.5,235.82896768039325,6.97,0.9184854660973971,Akdeniz - [42.54 km] Ortaca (Muğla)
639103,2024-09-29 01:48:42,1.4,254.1259568167436,11.23,1.0357581535643994,Ege Denizi - [05.90 km] Ezine (Çanakkale)
639108,2024-09-29 05:13:30,1.2,236.2000041654531,6.98,1.0701244046635763,Emirdağ (Afyonkarahisar)
639111,2024-09-29 05:58:09,0.5,252.21302922169042,8.9,1.0340882045501312,Akşehir Gölü - [07.37 km] Akşehir (Konya)
639115,2024-09-29 06:54:52,0.8,139.74776110030206,5.1,1.1037084981519991,Ege Denizi - Kuşadası Körfezi - [10.90 km] Menderes (İzmir)
639116,2024-09-29 06:56:53,1.6,331.6620209330444,7.3,0.9651710393958634,Beypazarı (Ankara)
639117,2024-09-29 09:05:16,2.4,214.25540920477292,10.58,3.0042029017465857,Biga (Çanakkale)
639122,2024-09-29 10:49:50,1.1,194.3158266295765,6.89,0.885173092692262,Ege Denizi - Gökova Körfezi - [09.97 km] Datça (Muğla)
639138,2024-09-29 18:25:40,1.9,64.14113820657892,4.54,4.668495513578682,Akhisar (Manisa)
639140,2024-09-29 18:34:45,1.4,165.28426666822796,7.0,1.6476877698312553,Köyceğiz (Muğla)
639169,2024-09-30 09:07:47,1.0,51.83653853934025,7.0,2.247198654966816,Eşme (Uşak)
639171,2024-09-30 09:36:15,1.0,250.02219458694645,6.94,0.9481957235282843,Akşehir Gölü - [06.31 km] Sultandağı (Afyonkarahisar)
639174,2024-09-30 12:09:18,1.1,411.6722547676634,7.0,0.6912902489769621,Lalapaşa (Edirne)
639199,2024-09-30 21:01:51,1.5,169.59360685455133,6.97,1.1593126418655348,Ege Denizi - Gökova Körfezi - [05.24 km] Milas (Muğla)
639203,2024-09-30 20:34:37,2.2,421.2221965454957,8.21,0.9862707941443692,Ayion Oros (Yunanistan) - [126.42 km] Gökçeada (Çanakkale)
639204,2024-09-30 20:37:17,1.4,98.48182278954472,11.33,1.2549207965371065,Çal (Denizli)
639206,2024-09-30 20:24:41,1.3,91.76683199033559,11.29,1.339179845687093,Simav (Kütahya)
639212,2024-09-30 21:59:21,2.7,283.5301865820031,7.85,1.190655176973469,Ege Denizi - [82.75 km] Datça (Muğla)
639218,2024-10-01 00:13:30,2.3,332.5799654716404,7.01,0.9899872587762311,Beypazarı (Ankara)
639225,2024-10-01 01:35:19,1.2,423.339579278657,7.01,0.997511789103143,Tuz Gölü - [09.88 km] Şereflikoçhisar (Ankara)
639226,2024-10-01 01:12:28,1.1,79.84197136004396,10.29,3.6467050803549497,Simav (Kütahya)
639227,2024-10-01 04:05:59,2.1,229.76111894903855,6.9,1.1020658478799856,Ege Denizi - [49.19 km] Karaburun (İzmir)
639229,2024-10-01 04:23:34,1.8,332.4292333259125,6.85,0.9996265059343575,Beypazarı (Ankara)
639233,2024-10-01 06:03:02,1.1,55.75606066323962,8.93,2.654109314439105,Ahmetli (Manisa)
639234,2024-10-01 06:16:03,1.7,155.7565077421329,11.32,1.3757831047773021,Acıpayam (Denizli)
639241,2024-10-01 07:33:50,2.4,209.72029444102287,11.18,1.0004987089466584,Akdeniz - [09.21 km] Dalaman (Muğla)
639246,2024-10-01 08:37:54,1.6,156.51284529966483,7.07,1.063366123167467,Menteşe (Muğla)
639247,2024-10-01 08:39:26,2.5,446.974555791279,11.19,1.0163858199891913,Ege Denizi
639248,2024-10-01 09:01:29,1.0,48.77838842425858,6.97,1.7461745929333283,Ulubey (Uşak)
639251,2024-10-01 10:08:29,1.3,153.10160981108172,7.01,0.9894981924245058,Tavşanlı (Kütahya)
639254,2024-10-01 11:32:18,1.3,445.37971610739555,6.96,0.9582673960609196,Çerkeş (Çankırı)
639255,2024-10-01 11:49:04,4.0,227.05891281846866,11.01,1.387332022619347,Ege Denizi - [46.23 km] Karaburun (İzmir)
639260,2024-10-01 13:32:39,0.9,17.133318017273552,7.0,8.59079899310578,Salihli (Manisa)
639267,2024-10-01 15:38:04,1.4,39.36756172272679,7.0,12.297488857763662,Salihli (Manisa)
639270,2024-10-01 16:35:23,2.1,117.56964292430189,6.88,4.237351592063799,Honaz (Denizli)
639271,2024-10-01 16:38:57,1.5,160.23704124507327,13.48,1.092781843687204,Ege Denizi - İzmir Körfezi - [03.21 km] Foça (İzmir)
639274,2024-10-01 17:23:59,2.4,326.1834695875947,13.29,1.0116705097909593,Gümüşova (Düzce)
639275,2024-10-01 17:59:03,1.3,108.9076706343894,7.0,1.3352027687949428,Soma (Manisa)
639277,2024-10-01 18:08:30,1.7,475.18708778098716,7.0,1.0660024400374561,Ovacık (Karabük)
639278,2024-10-01 18:35:24,2.3,211.54273274068353,65.25,2.0033438809043043,Ege Denizi - [05.34 km] Marmaris (Muğla)
639279,2024-10-01 20:53:04,2.3,276.73932079242513,7.12,1.0684977921130838,Ege Denizi - [47.23 km] Ayvacık (Çanakkale)
639281,2024-10-01 21:16:13,1.8,222.19832426349006,7.03,1.0223310082187613,Ege Denizi - [47.63 km] Ayvacık (Çanakkale)
639282,2024-10-01 21:20:26,1.5,357.33766182171377,6.96,1.1044506092419277,Selçuklu (Konya)
639283,2024-10-01 21:43:05,1.3,353.78256198009893,7.04,1.0466953705458484,Selçuklu (Konya)
639284,2024-10-01 21:54:00,3.6,355.5602452676209,7.0,2.6098756516465147,Selçuklu (Konya)
639286,2024-10-01 22:03:19,1.0,18.419599186394134,7.0,2.973645667529444,Alaşehir (Manisa)
639288,2024-10-01 22:39:37,1.2,186.667400871168,7.0,1.153571873478847,Ege Denizi - Gökova Körfezi - [06.75 km] Bodrum (Muğla)
639290,2024-10-01 22:58:24,1.6,230.0517291509539,7.0,0.9049055512214419,Ezine (Çanakkale)
639295,2024-10-01 23:54:31,1.4,356.6736632898476,6.94,1.0542676378703175,Selçuklu (Konya)
639296,2024-10-02 00:03:40,1.3,285.64940019547805,6.8,0.9343308303193812,Ege Denizi - Saros Körfezi - [09.21 km] Gelibolu (Çanakkale)
639297,2024-10-02 00:11:37,1.2,353.2380206783812,7.05,1.0506572144366813,Selçuklu (Konya)
639298,2024-10-02 00:54:54,1.5,48.7639473322029,7.0,3.510193880766576,Ahmetli (Manisa)
639299,2024-10-02 00:48:11,1.3,46.418008900428504,7.0,1.5341987260099832,Salihli (Manisa)
639306,2024-10-02 03:19:32,2.0,286.6732843746622,50.48,1.0660665619857734,Ege Denizi - [64.66 km] Datça (Muğla)
639308,2024-10-02 04:11:39,1.3,172.44257486165066,7.0,0.9671533254792565,Balya (Balıkesir)
639309,2024-10-02 04:37:12,1.4,224.66244786579318,7.0,1.0800143074253372,"Ege Denizi, Midilli Adası (Lesvos) - [16.07 km] Ayvacık (Çanakkale)"
639312,2024-10-02 08:19:22,2.2,325.5366052463951,23.0,1.20195460733916,Akdeniz - [36.72 km] Kumluca (Antalya)
639313,2024-10-02 09:04:13,1.3,101.48523372093764,7.0,1.2477322088062497,Kırkağaç (Manisa)
639315,2024-10-02 09:09:25,1.3,168.5804937120176,5.45,2.333025053344175,Merkez (Kütahya)
639319,2024-10-02 10:00:36,1.3,266.73229292837647,7.5,0.14930395088329085,Hüyük (Konya)
639321,2024-10-02 09:40:12,1.0,423.30386210678944,9.4,1.0689261980894404,Bala (Ankara)
639327,2024-10-02 12:20:39,1.6,228.53755253046018,8.7,0.7520686320568211,Ezine (Çanakkale)
639328,2024-10-02 12:33:47,1.1,383.5152333743844,14.3,0.9625041113818148,Merkez (Kırklareli)
639329,2024-10-02 12:50:59,1.2,137.71650620530704,7.15,1.0774114936269208,Altıeylül (Balıkesir)
639330,2024-10-02 12:48:22,1.2,69.54456773786465,7.0,4.148652585854416,Gediz (Kütahya)
639349,2024-10-03 01:09:30,1.0,270.3298762712319,8.26,0.9020064634870164,Marmara Denizi - [04.74 km] Şarköy (Tekirdağ)
639352,2024-10-03 01:31:23,2.2,323.2188980743128,8.2,0.6035386452898748,Akdeniz - [109.18 km] Datça (Muğla)
639364,2024-10-03 04:33:17,1.7,302.9965585105856,7.0,0.914548977819653,Ilgın (Konya)
639365,2024-10-03 07:44:30,1.8,111.94925745271067,11.45,3.255788811138855,Bigadiç (Balıkesir)
639367,2024-10-03 08:14:30,1.6,77.8002154047752,10.67,8.812894150484592,Kemalpaşa (İzmir)
639368,2024-10-03 08:19:02,1.3,145.97296157800804,7.0,1.4136797229000326,Tavşanlı (Kütahya)
639370,2024-10-03 09:27:23,1.1,430.79009699022464,7.0,1.0513274254420015,Çelebi (Kırıkkale)
639371,2024-10-03 09:30:26,1.4,440.9617413771033,7.01,1.0866801068064844,Çelebi (Kırıkkale)
639374,2024-10-03 10:10:36,1.1,100.06660224266044,8.14,1.2198827973589177,Hisarcık (Kütahya)
639375,2024-10-03 10:31:01,1.8,173.5101423211862,11.93,1.0807213400088476,Mustafakemalpaşa (Bursa)
639378,2024-10-03 11:29:19,1.3,355.38992128947956,7.04,1.084418279495653,Selçuklu (Konya)
639384,2024-10-03 13:23:52,2.1,277.83476331402164,7.0,0.9900081778823842,Ege Denizi - [96.54 km] Bodrum (Muğla)
639385,2024-10-03 14:23:16,1.2,150.39856833323145,7.0,1.18903235810768,Acıpayam (Denizli)
639386,2024-10-03 14:43:50,2.1,280.0550990414684,8.2,1.109344301350152,Ege Denizi - [94.73 km] Bodrum (Muğla)
639388,2024-10-03 16:00:41,1.4,155.40975301795729,7.0,1.1117014731662422,Ula (Muğla)
639389,2024-10-03 16:37:29,1.5,219.73271424199015,7.0,0.9908383687619805,"Ege Denizi, Midilli Adası (Lesvos) - [28.32 km] Ayvacık (Çanakkale)"
639390,2024-10-03 17:16:54,1.9,217.849063449875,7.0,0.9760094587400984,Ege Denizi - [17.77 km] Datça (Muğla)
639392,2024-10-03 17:38:07,1.4,230.33398686635545,12.94,0.9964481162142934,Ezine (Çanakkale)
639393,2024-10-03 18:17:15,3.2,475.8594517475664,5.7,1.0337988924527086,Akdeniz
639394,2024-10-03 18:36:46,2.2,330.0764902320263,29.6,0.9047781767119671,Beypazarı (Ankara)
639398,2024-10-03 23:26:58,1.7,219.90637680440815,10.78,1.0764873896194034,Ege Denizi - [42.73 km] Karaburun (İzmir)
639401,2024-10-04 05:57:17,3.9,418.5411011736093,13.71,4.0138333412886835,Karapınar (Konya)
639406,2024-10-04 06:18:54,1.1,76.85558426161315,7.0,1.460279444274029,Babadağ (Denizli)
639408,2024-10-04 07:40:09,1.3,149.82149992120685,19.4,1.050027852507801,Altıeylül (Balıkesir)
639410,2024-10-04 08:38:34,1.2,111.19643367317815,7.24,1.4279675881719363,Soma (Manisa)
639417,2024-10-04 09:26:32,1.3,156.51856448021195,7.0,1.4274880917214239,Ege Denizi - Kuşadası Körfezi - [22.14 km] Menderes (İzmir)
639418,2024-10-04 09:31:12,1.4,111.37090570936853,7.0,2.0579422886869225,Soma (Manisa)
639420,2024-10-04 09:53:44,1.4,115.06017434042921,7.07,1.7568327987618821,Emet (Kütahya)
639426,2024-10-04 10:18:26,1.7,155.161433978061,7.07,1.420744417409222,Orhaneli (Bursa)
639427,2024-10-04 10:09:17,1.5,109.0808740169761,7.0,4.47940069305728,Bigadiç (Balıkesir)
639428,2024-10-04 10:02:09,1.1,196.00847772868434,7.0,1.1861644698239786,Gönen (Balıkesir)
639431,2024-10-04 12:13:28,1.7,279.5990600058157,7.09,1.0654109644555492,Akdeniz - Antalya Körfezi - [06.16 km] Aksu (Antalya)
639432,2024-10-04 12:19:04,1.4,58.67558620181172,9.49,9.270690615751583,Demirci (Manisa)
639435,2024-10-04 13:20:04,1.3,64.13423980511384,8.6,2.585299828108479,Buharkent (Aydın)
639437,2024-10-04 13:53:43,1.6,173.58432653328884,26.87,1.2831803019791563,Orhaneli (Bursa)
639439,2024-10-04 14:35:03,1.5,154.1833002845761,7.0,1.4226076587188996,Orhaneli (Bursa)
639440,2024-10-04 14:43:52,1.8,230.27145256079586,6.98,0.9284149382744636,Ege Denizi - [51.19 km] Karaburun (İzmir)
639441,2024-10-04 14:27:30,1.2,168.74474964456007,7.0,0.688818974623452,Acıpayam (Denizli)
639442,2024-10-04 15:00:41,1.5,179.24515124465972,8.87,1.1753863293276237,Manyas (Balıkesir)
639445,2024-10-04 15:22:24,1.8,187.65373125710605,7.01,1.2095025135987667,Ege Denizi - [38.85 km] Söke (Aydın)
639448,2024-10-04 19:40:29,1.8,134.63489722717017,6.2,2.420916705664035,Ege Denizi - Kuşadası Körfezi - [03.32 km] Kuşadası (Aydın)
639449,2024-10-04 20:00:15,2.2,163.90200722518688,7.03,2.8571336962325824,Ege Denizi - [25.73 km] Seferihisar (İzmir)
639450,2024-10-04 21:53:17,2.5,257.26261671391006,8.72,5.065220650103879,Sütçüler (Isparta)
639452,2024-10-04 22:06:53,2.5,301.2253667150054,14.79,1.5154405221935103,Akdeniz - [79.39 km] Kaş (Antalya)
639455,2024-10-05 03:00:23,1.0,257.33448358857703,12.15,0.9662605440637527,Marmara Denizi - [06.12 km] Marmara (Balıkesir)
639456,2024-10-05 02:33:04,1.6,255.30162482852566,6.97,1.0007488589776874,Marmara Denizi - [10.83 km] Adalar (İstanbul)
639458,2024-10-05 01:54:42,1.4,302.51390947330873,86.35,1.285846113391981,Manavgat (Antalya)
639460,2024-10-05 01:29:25,1.2,210.60175716386325,6.77,0.9573269135912128,Akdeniz - [22.34 km] Marmaris (Muğla)
639463,2024-10-05 00:45:26,2.1,332.319994588779,6.99,1.0195613587964816,Beypazarı (Ankara)
639466,2024-10-04 23:47:43,1.2,146.97009431265812,7.0,2.455139641452881,Milas (Muğla)
639468,2024-10-05 04:20:03,1.2,376.2861334737584,11.99,0.9396102129134339,Merkez (Bolu)
639470,2024-10-05 07:58:35,2.1,419.7492315548703,7.0,0.7904324661349086,Karapınar (Konya)
639471,2024-10-05 08:02:20,1.6,230.87585021902075,7.0,0.9642678837250369,Marmara Denizi - Erdek Körfezi - [07.23 km] Erdek (Balıkesir)
639475,2024-10-05 09:26:40,1.7,164.52308939770052,6.24,1.0170003534364849,Mustafakemalpaşa (Bursa)
639476,2024-10-05 09:40:53,1.0,363.851437976032,7.0,1.2856094965467246,Selçuklu (Konya)
639479,2024-10-05 12:07:44,0.9,407.1041056856156,7.0,1.062191482834118,Lalapaşa (Edirne)
639483,2024-10-05 13:23:01,1.1,237.6948287066747,9.81,0.8640106976556818,Çınarcık (Yalova)
639484,2024-10-05 14:18:12,0.9,162.27059677353492,7.0,0.9871721565767121,Orhaneli (Bursa)
639487,2024-10-05 14:56:22,1.4,211.78767071645254,6.46,1.3206530339641886,Ege Denizi - [08.02 km] Bodrum (Muğla)
639489,2024-10-05 15:23:23,1.2,114.45741281431,7.0,1.921799669846696,Bigadiç (Balıkesir)
639490,2024-10-05 16:01:52,3.2,314.57479551432334,33.87,9.777201968798563,Ege Denizi - [92.21 km] Datça (Muğla)
639496,2024-10-05 19:28:30,1.5,250.99462231031575,9.88,0.8682629480886178,Ege Denizi - [41.15 km] Ayvacık (Çanakkale)
639498,2024-10-05 19:47:29,1.5,385.42212476772966,10.91,0.9536773292862261,Merkez (Bolu)
639500,2024-10-05 20:05:52,1.8,259.41394902744435,6.58,0.9396323243846841,Ege Denizi - [50.88 km] Marmaris (Muğla)
639501,2024-10-05 20:02:12,1.7,249.58686385712414,8.11,0.8968390021464514,Ege Denizi - [60.48 km] Karaburun (İzmir)
639504,2024-10-05 20:30:26,1.2,234.112089346719,7.36,0.7304705064174201,Gemlik (Bursa)
639507,2024-10-05 21:23:33,0.9,437.56604712945017,6.43,0.9979151604232488,Kızılcahamam (Ankara)
639509,2024-10-05 22:00:23,1.6,146.4943564671787,11.83,3.4701372046486165,Dinar (Afyonkarahisar)
639517,2024-10-06 00:38:16,1.4,172.27287140053934,6.96,1.2198343415435748,Marmaris (Muğla)
639519,2024-10-06 01:12:39,1.8,159.52487938957464,8.73,1.8963482852009397,Ege Denizi - İzmir Körfezi - [10.61 km] Karaburun (İzmir)
639525,2024-10-06 02:53:05,1.5,328.1842657798496,7.0,1.0813697647610063,Beypazarı (Ankara)
639528,2024-10-06 03:42:10,1.1,329.5896387945797,7.3,1.0377076740802702,Beypazarı (Ankara)
639530,2024-10-06 04:12:58,1.7,302.88823148537267,6.98,1.1863021410401187,Akyazı (Sakarya)
639531,2024-10-06 04:27:52,1.1,302.9154451859043,6.96,0.9734808739518614,Akyazı (Sakarya)
639533,2024-10-06 05:40:37,0.8,175.94741260709452,7.0,0.43368604173782416,Yenice (Çanakkale)
639539,2024-10-06 11:04:38,2.4,303.10448712373477,7.88,1.058399784623402,Akyazı (Sakarya)
639541,2024-10-06 11:17:21,2.1,300.64749391230686,7.0,0.8507730952790952,Akyazı (Sakarya)
639542,2024-10-06 12:08:40,4.2,246.04230714988475,24.16,10.399823821777845,Ege Denizi - [52.08 km] Ayvacık (Çanakkale)
639544,2024-10-06 12:16:07,2.4,245.14576144386817,18.34,0.831718502812316,Ege Denizi - [49.15 km] Ayvacık (Çanakkale)
639545,2024-10-06 12:17:36,1.7,244.90556351669247,8.75,1.829901043928689,Ege Denizi - [49.99 km] Ayvacık (Çanakkale)
639546,2024-10-06 12:18:55,2.3,248.1768834428957,7.0,0.24648904420124002,Ege Denizi - [53.07 km] Ayvacık (Çanakkale)
639547,2024-10-06 12:43:28,3.1,249.2869228906745,12.34,1.6274426784772205,Ege Denizi - [51.40 km] Ayvacık (Çanakkale)
639556,2024-10-07 02:06:03,2.3,294.52015448312113,7.0,1.296940604157365,Akyazı (Sakarya)
639558,2024-10-07 01:49:04,1.4,249.12401128499468,8.74,1.05372288514672,Marmara Denizi - [09.60 km] Marmara (Balıkesir)
639560,2024-10-06 23:47:43,1.3,162.88896611016878,7.0,1.012945160958586,Menteşe (Muğla)
639561,2024-10-06 22:48:04,1.7,163.26079037473036,6.39,1.6282447437211731,Ege Denizi - İzmir Körfezi - [05.63 km] Foça (İzmir)
639562,2024-10-06 22:28:54,1.6,400.57422725705817,7.0,1.0061317288943394,Kulu (Konya)
639563,2024-10-07 04:36:25,1.5,375.28649452825334,79.73,0.974812729411186,Akdeniz - [09.93 km] Alanya (Antalya)
639565,2024-10-07 05:54:58,4.5,437.4454003781001,6.91,0.7055109281372327,Akdeniz
639567,2024-10-07 06:07:08,1.4,160.7231124639855,7.06,0.7437011799826521,Köyceğiz (Muğla)
639570,2024-10-07 07:13:36,2.4,144.0858405457755,6.69,1.5066479737314902,Menteşe (Muğla)
639571,2024-10-07 06:41:41,2.5,79.33429579508028,11.7,2.4705146832110865,Sındırgı (Balıkesir)
639572,2024-10-07 07:38:40,1.2,264.0473855212824,9.52,0.8540874151730669,Akdeniz - [42.02 km] Seydikemer (Muğla)
639574,2024-10-07 07:49:41,1.1,381.10006111861475,12.99,0.13916777055060142,Karatay (Konya)
639575,2024-10-07 08:29:19,1.6,157.8151231809272,7.0,1.1332167369452282,Orhaneli (Bursa)
639577,2024-10-07 08:57:37,1.3,196.05715226929894,7.1,1.8131125593128108,İnönü (Eskişehir)
639578,2024-10-07 09:02:34,1.9,216.7355355582636,6.9,0.823016807731661,"Ege Denizi, Midilli Adası (Lesvos) - [30.71 km] Ayvacık (Çanakkale)"
639579,2024-10-07 09:06:37,1.0,132.21254933703403,7.0,1.163563049481534,Altıeylül (Balıkesir)
639580,2024-10-07 09:17:31,1.4,157.30265553250482,7.0,0.9193896339407501,Sandıklı (Afyonkarahisar)
639581,2024-10-07 09:25:28,1.0,115.8727422304488,7.0,0.898126667097928,Bigadiç (Balıkesir)
639582,2024-10-07 09:27:49,1.0,118.01248772364957,7.0,1.0238235557924096,Bigadiç (Balıkesir)
639583,2024-10-07 09:35:04,2.5,281.5436303942857,31.0,0.8708537113503912,Ege Denizi - [60.35 km] Datça (Muğla)
639584,2024-10-07 09:43:51,3.0,298.386997330692,19.75,1.1546724532797321,Ege Denizi - [77.37 km] Datça (Muğla)
639585,2024-10-07 09:29:33,1.2,116.88615022193144,7.0,1.2096272783179736,Bigadiç (Balıkesir)
639586,2024-10-07 09:52:00,1.7,113.81692295438113,10.39,1.9326707196338158,Bigadiç (Balıkesir)
639588,2024-10-07 09:49:34,1.3,145.4404110558028,7.0,0.6855688824458678,Tavşanlı (Kütahya)
639590,2024-10-07 10:04:37,1.6,193.53230177245845,7.0,1.1126534272828956,Ege Denizi - [26.19 km] Didim (Aydın)
639593,2024-10-07 10:20:07,1.2,99.48313495114311,7.0,1.0000840273209632,Hisarcık (Kütahya)
639594,2024-10-07 11:24:47,2.2,329.2704576371665,6.25,0.7343120811793554,Nallıhan (Ankara)
639599,2024-10-07 13:27:34,1.4,166.09816383982906,7.0,1.2986171409984326,Ege Denizi - Gökova Körfezi - [05.59 km] Marmaris (Muğla)
639602,2024-10-07 14:41:34,1.8,166.0118451546995,7.0,1.155401071938167,Ege Denizi - Gökova Körfezi - [03.83 km] Menteşe (Muğla)
639605,2024-10-07 14:49:06,2.0,249.93300371879445,7.02,0.9232042129974007,Ege Denizi - [41.01 km] Ayvacık (Çanakkale)
639606,2024-10-07 15:02:03,2.5,285.4042775823562,11.88,1.110745915886063,Ege Denizi - [65.56 km] Datça (Muğla)
639607,2024-10-07 15:17:10,1.8,167.08568457315272,7.03,1.0759143375975475,Ege Denizi - Gökova Körfezi - [04.51 km] Menteşe (Muğla)
639610,2024-10-07 16:29:11,1.7,154.89673188464695,7.0,1.0360132518786507,Ege Denizi - Kuşadası Körfezi - [14.65 km] Seferihisar (İzmir)
639613,2024-10-07 18:02:23,1.7,150.76338474922946,7.0,1.8957919609389386,Altıntaş (Kütahya)
639615,2024-10-07 19:34:41,2.8,200.61354733786905,54.21,6.679242797233828,Marmaris (Muğla)
639628,2024-10-08 00:57:37,3.5,416.2605519022418,10.9,4.395053205033567,Akdeniz - [193.96 km] Datça (Muğla)
639629,2024-10-08 00:46:39,1.8,254.8449292954349,7.2,1.0775482550281952,Marmara Denizi - [16.12 km] Adalar (İstanbul)
639631,2024-10-08 01:24:27,1.5,199.94366343926723,6.91,0.991460272454424,Ege Denizi - Gökova Körfezi - [17.05 km] Bodrum (Muğla)
639633,2024-10-08 04:20:09,1.0,296.83221847423584,7.0,0.9754046350031105,Yunak (Konya)
639636,2024-10-08 05:20:29,1.3,239.55107897843772,13.79,0.9969458382952466,Osmaneli (Bilecik)
639643,2024-10-08 08:09:04,1.2,147.39034755049357,7.0,1.0200483229702118,Ege Denizi - Kuşadası Körfezi - [11.47 km] Kuşadası (Aydın)
639652,2024-10-08 08:59:30,1.0,157.95055122946602,13.77,0.6924165085201882,Merkez (Kütahya)
639653,2024-10-08 09:07:16,1.2,196.3429898167256,7.0,1.1798430915665623,İnönü (Eskişehir)
639654,2024-10-08 10:18:52,1.1,271.218083112915,6.7,1.4467907307310433,Ege Denizi - [60.23 km] Marmaris (Muğla)
639655,2024-10-08 10:15:36,1.5,160.2599092978114,7.0,1.5469328126300297,Mustafakemalpaşa (Bursa)
639656,2024-10-08 09:19:22,1.0,355.09155740334666,7.0,0.7701810736503439,Selçuklu (Konya)
639659,2024-10-08 09:35:20,1.3,156.59301950378816,18.74,0.9156466001074433,Didim (Aydın)
639660,2024-10-08 09:42:31,1.6,163.1649015547953,7.0,1.0852485242455046,Mustafakemalpaşa (Bursa)
639661,2024-10-08 09:45:19,1.4,148.8073345837817,7.0,1.1554998793301545,Tavşanlı (Kütahya)
639664,2024-10-08 11:58:21,0.9,5.682219980838505,6.11,40.5673710593394,Alaşehir (Manisa)
639665,2024-10-08 12:06:14,1.0,94.33326705654926,7.0,0.8147806229499021,Çine (Aydın)
639666,2024-10-08 12:01:58,1.0,100.9369659638967,6.96,1.2285155823685212,Çivril (Denizli)
639669,2024-10-08 12:58:16,1.8,158.88319435648157,7.28,1.261495506942829,Orhaneli (Bursa)
639671,2024-10-08 13:10:07,1.1,180.69162910661103,7.0,1.276581360669872,Şuhut (Afyonkarahisar)
639673,2024-10-08 13:39:24,1.6,162.9105597805196,7.1,0.8350645672236725,Menteşe (Muğla)
639675,2024-10-08 13:56:06,0.9,112.49958950608722,7.0,0.7963025042234297,Emet (Kütahya)
639678,2024-10-08 14:32:14,1.1,49.10994946879798,7.0,8.106427385723894,Eşme (Uşak)
639681,2024-10-08 14:46:29,1.4,163.07496336966176,7.0,1.1419941614546838,Mustafakemalpaşa (Bursa)
639687,2024-10-08 18:10:10,2.3,162.74733872331163,7.0,3.7040204781102175,Menteşe (Muğla)
639704,2024-10-09 03:14:45,1.0,339.0359055597453,7.0,0.9679301999584428,Merkez (Düzce)
639709,2024-10-08 22:35:07,1.4,237.8693995812859,11.33,1.050680890872127,Çınarcık (Yalova)
639714,2024-10-08 23:14:22,0.8,114.70590855727886,7.0,1.0899980132681233,Bigadiç (Balıkesir)
639715,2024-10-08 23:41:48,2.0,87.64925133414569,6.99,3.5645200624527,Akhisar (Manisa)
639723,2024-10-09 05:38:26,1.6,55.1575958143249,7.02,14.12577263151083,Ödemiş (İzmir)
639724,2024-10-09 06:01:32,1.4,113.28020687707605,6.89,1.7622270043795476,Soma (Manisa)
639726,2024-10-09 06:47:12,1.6,113.20319924851263,6.93,2.8455828669943264,Soma (Manisa)
639727,2024-10-09 07:37:45,2.0,352.14261962121043,19.22,1.0579941136972177,Akdeniz - [64.32 km] Kumluca (Antalya)
639729,2024-10-09 07:58:14,1.7,158.28253795000276,5.8,2.0920520195645627,Orhaneli (Bursa)
639731,2024-10-09 09:07:58,1.1,213.16629330182812,6.94,2.129708215604298,Çay (Afyonkarahisar)
639732,2024-10-09 08:56:15,1.2,155.57429270302464,7.0,1.2158207090738873,Merkez (Kütahya)
639735,2024-10-09 10:10:55,1.5,114.78933504254128,6.99,2.9182507748781132,Bigadiç (Balıkesir)
639740,2024-10-09 11:42:06,1.7,226.835362039377,5.07,0.7691056111245753,Tepebaşı (Eskişehir)
639743,2024-10-09 11:44:58,1.4,147.6800964534723,12.46,0.9060316087215771,Menemen (İzmir)
639746,2024-10-09 13:49:52,1.8,79.87712026843958,6.75,0.7046973543634836,Babadağ (Denizli)
639750,2024-10-09 14:53:28,1.1,50.591271041344875,7.03,3.227827650812864,Eşme (Uşak)
639751,2024-10-09 15:09:57,2.2,329.6934583098925,13.06,0.5946861148445517,Beypazarı (Ankara)
639754,2024-10-09 16:15:24,1.6,159.868524232328,7.0,1.1368233598135402,Acıpayam (Denizli)
639759,2024-10-09 19:25:04,1.4,247.61842154071996,7.0,1.524664349225464,Lapseki (Çanakkale)
639767,2024-10-10 00:47:35,1.2,204.9503683897835,7.0,0.9934402159865394,Ege Denizi - [05.91 km] Bodrum (Muğla)
639769,2024-10-09 21:47:42,1.7,419.57898235854196,6.9,0.9756748633248686,Merkez (Karaman)
639771,2024-10-10 02:28:01,1.4,135.82444566111852,7.0,1.3556433862833401,Ege Denizi - Kuşadası Körfezi - [05.55 km] Menderes (İzmir)
639772,2024-10-10 02:35:39,1.2,361.22481857245,7.0,0.9791503345408585,Selçuklu (Konya)
639773,2024-10-10 02:20:07,1.9,357.050956702481,8.72,0.9328282278494366,Ege Denizi
639775,2024-10-10 03:02:00,1.8,244.26349517696565,35.44,1.216107745535479,Akdeniz - [38.25 km] Marmaris (Muğla)
639776,2024-10-10 04:02:59,1.6,170.84783330737437,7.0,1.7633537338619796,Ege Denizi - [10.63 km] Dikili (İzmir)
639777,2024-10-10 03:04:38,2.1,292.5494185384326,49.01,1.9679247241033069,Akdeniz - Antalya Körfezi - [10.34 km] Serik (Antalya)
639779,2024-10-10 06:00:08,2.2,353.71649581978085,7.14,1.0264256517965908,Ege Denizi
639780,2024-10-10 06:34:50,1.4,254.34750655800042,6.67,1.032782368590118,Marmara Denizi - [19.52 km] Marmara (Balıkesir)
639781,2024-10-10 06:46:44,2.2,483.02322178565987,14.34,1.0890704654924763,Merkez (Bartın)
639783,2024-10-10 07:08:36,2.1,90.94532783544251,6.68,24.399056871542605,Bayındır (İzmir)
639784,2024-10-10 07:12:37,1.0,44.63969613641146,7.0,3.8754644167797725,Merkez (Uşak)
639787,2024-10-10 09:25:50,2.1,21.360722029099538,7.0,245.69784607751083,Alaşehir (Manisa)
639790,2024-10-10 09:32:22,1.8,156.19444038936612,7.0,1.8754743348800482,Orhaneli (Bursa)
639791,2024-10-10 09:38:32,1.2,117.48335620242749,7.12,0.7478368748002151,Bigadiç (Balıkesir)
639792,2024-10-10 09:39:32,1.3,117.90439896627316,7.0,0.8046015679198928,Bigadiç (Balıkesir)
639793,2024-10-10 09:44:04,1.3,153.69064379376758,7.0,0.47465512288495126,Tavşanlı (Kütahya)
639794,2024-10-10 09:58:24,1.5,260.9803127666865,18.26,1.0277420199022211,Marmara Denizi - [26.41 km] Silivri (İstanbul)
639795,2024-10-10 10:25:24,2.2,294.4077499406463,24.48,1.019921162901908,Ege Denizi - [75.09 km] Datça (Muğla)
639796,2024-10-10 10:22:47,1.3,171.72088173177616,9.89,1.066178182643616,Mustafakemalpaşa (Bursa)
639798,2024-10-10 10:51:56,1.4,21.096382653925154,7.04,47.29192483206751,Alaşehir (Manisa)
639799,2024-10-10 11:30:14,1.4,64.98212529275239,9.04,6.807085712838418,Sarayköy (Denizli)
639801,2024-10-10 13:42:33,1.1,301.88051067916695,10.5,1.0089385690251298,Ege Denizi - [80.39 km] Datça (Muğla)
639803,2024-10-10 15:01:16,1.7,112.34426803632061,6.85,1.9040957415590427,Bigadiç (Balıkesir)
639805,2024-10-10 17:09:41,2.4,140.9830314753344,7.47,6.485484872307693,Altıeylül (Balıkesir)
639806,2024-10-10 17:11:10,1.3,107.40102245109114,6.95,0.6932839162099439,Bozkurt (Denizli)
639807,2024-10-10 18:28:06,1.2,140.41587205313039,14.48,0.9403467057396208,Altıeylül (Balıkesir)
639809,2024-10-10 18:55:53,0.8,160.7494209959748,7.12,1.3335212404475112,Menteşe (Muğla)
639813,2024-10-10 19:59:14,2.0,130.14679104856134,7.04,11.751734267234852,Dumlupınar (Kütahya)
639814,2024-10-10 20:04:51,2.3,129.46928787631515,6.98,24.2220400070272,Dumlupınar (Kütahya)
639819,2024-10-11 03:48:10,3.1,167.69045326691509,6.99,41.104589448566436,Merkez (Afyonkarahisar)
639834,2024-10-11 07:04:44,1.8,179.36180105263082,12.3,1.5238381216204762,Edremit (Balıkesir)
639837,2024-10-11 08:35:30,1.2,109.562454367504,6.42,1.0216439049840502,Soma (Manisa)
639838,2024-10-11 08:42:52,1.2,113.60375449374179,7.0,1.4039397669784528,Soma (Manisa)
639842,2024-10-11 09:23:11,1.3,150.79287863137176,6.94,1.1180706876802426,Tavşanlı (Kütahya)
639844,2024-10-11 09:41:24,1.4,152.45378654540022,6.94,1.2757836128322968,Tavşanlı (Kütahya)
639846,2024-10-11 10:02:30,1.7,226.68881379990415,7.01,1.1087709579143923,Ege Denizi - [45.36 km] Karaburun (İzmir)
639849,2024-10-11 10:55:29,1.0,391.95390829940516,6.86,0.8975361861222543,Merkez (Kırklareli)
639851,2024-10-11 12:24:24,1.8,234.21963207806138,7.0,1.2318681589924283,Korkuteli (Antalya)
639852,2024-10-11 12:12:08,1.7,151.95535025526308,7.0,1.7126367307381207,Ege Denizi - Kuşadası Körfezi - [18.20 km] Kuşadası (Aydın)
639853,2024-10-11 12:58:52,2.8,366.7937157939882,7.0,0.9836178323871656,Merkez (Bolu)
639865,2024-10-11 15:31:16,1.8,113.11505915156943,7.0,5.401634258260796,Bigadiç (Balıkesir)
639868,2024-10-11 18:20:30,2.7,271.19131053878164,91.61,2.706420953118629,Manavgat (Antalya)
639874,2024-10-11 21:05:38,1.0,59.2357586210726,7.05,5.238268083409619,Gördes (Manisa)
639875,2024-10-11 21:29:09,1.4,243.15096559007145,7.0,0.9683762928471866,"Ege Denizi, Midilli Adası (Lesvos) - [36.86 km] Ayvacık (Çanakkale)"
639879,2024-10-11 23:04:25,2.3,329.34031729135364,7.0,1.0399203009639502,Beypazarı (Ankara)
639884,2024-10-12 03:14:48,1.8,141.2453616177707,7.07,2.020098935759754,Yeşilova (Burdur)
639887,2024-10-12 00:19:34,1.3,145.47495078131604,10.79,1.1983303626119715,Dinar (Afyonkarahisar)
639889,2024-10-12 01:47:42,1.8,485.07079583917033,7.0,1.299288691852673,Akdeniz
639896,2024-10-12 04:48:20,2.5,206.86487621418013,83.12,2.9032347773729645,Bucak (Burdur)
639898,2024-10-12 07:31:04,2.0,271.0261226666214,7.05,1.425346590463912,Ege Denizi - [60.27 km] Marmaris (Muğla)
639903,2024-10-12 10:25:45,1.0,94.14122044754804,7.0,0.9191782200426343,Efeler (Aydın)
639904,2024-10-12 10:12:57,1.6,162.52751748564114,6.84,2.339358421120383,Mustafakemalpaşa (Bursa)
639905,2024-10-12 10:27:06,1.5,373.5108726745097,11.07,1.1753771131910096,Merkez (Bolu)
639909,2024-10-12 12:15:17,0.8,412.2257038504936,7.0,1.0232052394147875,Lalapaşa (Edirne)
639910,2024-10-12 13:42:19,2.2,100.67023677544378,7.01,1.1250841259358975,Bigadiç (Balıkesir)
639911,2024-10-12 15:25:57,2.4,141.32839944445288,6.96,1.0058839579268042,İvrindi (Balıkesir)
639912,2024-10-12 14:54:17,1.5,389.2544242213678,9.63,1.0351045812465385,Gölbaşı (Ankara)
639913,2024-10-12 14:23:15,1.6,389.0149515199039,8.8,0.9318393930348539,Gölbaşı (Ankara)
639921,2024-10-12 19:33:21,2.0,173.73485004224273,7.31,1.769932381016067,"Ege Denizi, Sisam Adası (Samos) - [31.62 km] Söke (Aydın)"
639922,2024-10-12 19:30:43,1.6,179.20914269237747,6.79,0.2576946871946742,"Ege Denizi, Sisam Adası (Samos) - [34.09 km] Söke (Aydın)"
639923,2024-10-12 19:44:44,2.9,312.690337701877,9.49,4.969274866195623,Akdeniz - [31.87 km] Demre (Antalya)
639928,2024-10-13 00:14:31,4.4,166.67630523835484,10.26,359.7078160881506,Merkez (Afyonkarahisar)
639930,2024-10-12 22:52:32,1.8,392.09471021200426,7.02,0.9492220345523874,Bala (Ankara)
639931,2024-10-12 22:38:24,1.8,140.52950482591348,11.3,3.4184485447025175,Altıeylül (Balıkesir)
639940,2024-10-13 05:35:51,2.1,67.04467134809971,7.48,36.2973902749475,Sarayköy (Denizli)
639941,2024-10-13 05:41:30,2.7,166.12456631194752,5.61,13.687226697269034,Merkez (Afyonkarahisar)
639942,2024-10-13 07:13:14,2.3,94.00290529391225,7.33,39.314877302499184,Sındırgı (Balıkesir)
639943,2024-10-13 07:28:22,1.2,170.45553851192096,7.0,0.30121942886617487,Merkez (Afyonkarahisar)
639944,2024-10-13 08:56:10,2.1,177.3600210418702,7.0,1.761382327858377,Köyceğiz (Muğla)
639945,2024-10-13 09:54:17,1.7,113.62611496893138,7.04,4.596207220722934,Bigadiç (Balıkesir)
639950,2024-10-13 13:58:59,1.5,117.17904909935626,7.0,0.896532289041653,Torbalı (İzmir)
639956,2024-10-13 21:14:44,1.0,239.6932030510938,7.07,0.8697047187570784,Biga (Çanakkale)
639958,2024-10-14 00:52:06,1.1,101.48439331855077,7.24,1.5252479320317478,Pamukkale (Denizli)
639959,2024-10-14 00:29:40,1.0,72.20547842492591,8.49,3.287603417056564,Akhisar (Manisa)
639963,2024-10-13 23:21:58,1.6,234.79153924986508,12.81,1.0533351800976296,Ege Denizi - [32.21 km] Çeşme (İzmir)
639966,2024-10-13 23:04:20,2.4,234.69178209980444,7.04,1.8195827602851662,Ege Denizi - [35.46 km] Çeşme (İzmir)
639968,2024-10-13 22:02:09,2.1,219.9824670838352,7.0,1.0327312686009253,Ege Denizi - [12.72 km] Ayvacık (Çanakkale)
639969,2024-10-13 22:03:46,2.9,354.4490808325629,19.66,2.0569347218092693,Akdeniz - [65.06 km] Kumluca (Antalya)
639972,2024-10-14 01:53:59,1.2,181.52099194113805,6.1,1.080318186235394,Ege Denizi - Gökova Körfezi - [11.81 km] Milas (Muğla)
639973,2024-10-14 01:56:14,0.9,184.3503219172455,6.94,0.9281901661655535,Ege Denizi - Gökova Körfezi - [13.52 km] Milas (Muğla)
639974,2024-10-14 02:00:56,1.6,314.3421292084512,22.36,1.0202210592090137,Ege Denizi - [14.50 km] Gökçeada (Çanakkale)
639979,2024-10-14 02:32:52,2.1,180.88517603161384,6.99,3.41493790413033,Ege Denizi - Gökova Körfezi - [11.47 km] Milas (Muğla)
639983,2024-10-14 02:57:28,0.9,146.09475992890236,7.01,1.0864210363623277,Menteşe (Muğla)
639985,2024-10-14 04:54:41,2.9,163.92364888651161,9.13,8.924023705804093,Ege Denizi - İzmir Körfezi - [05.53 km] Foça (İzmir)
639987,2024-10-14 05:11:05,1.7,164.171143067584,8.84,1.5201292622025036,Ege Denizi - İzmir Körfezi - [05.19 km] Foça (İzmir)
639990,2024-10-14 06:08:37,1.5,79.76682858407844,7.0,8.038276765906842,Bayındır (İzmir)
639992,2024-10-14 07:02:19,1.3,66.82667288838635,7.0,3.5465524132402795,Sarayköy (Denizli)
639993,2024-10-14 07:30:53,1.4,170.04915069980584,6.84,1.6077930947471604,Mustafakemalpaşa (Bursa)
639995,2024-10-14 08:41:06,1.4,71.258448960343,7.0,1.5026311306726097,Saruhanlı (Manisa)
639996,2024-10-14 08:54:06,1.4,236.54298607137324,9.22,1.0675996120004816,Ayvacık (Çanakkale)
639997,2024-10-14 08:53:08,1.0,335.32537946483706,7.0,1.055459364507882,Meram (Konya)
639998,2024-10-14 08:59:36,1.5,196.12594623737985,7.0,1.1568134257158913,İnönü (Eskişehir)
640001,2024-10-14 09:41:36,1.0,63.73791214464596,6.88,0.7849169347645379,Merkez (Uşak)
640003,2024-10-14 09:02:34,0.7,47.42992839796522,7.0,3.883398913856548,Eşme (Uşak)
640007,2024-10-14 10:28:06,1.2,101.62763562286727,7.0,1.1418014955488722,Hisarcık (Kütahya)
640010,2024-10-14 09:45:31,1.1,152.3922648828527,7.0,1.240732703273851,Tavşanlı (Kütahya)
640020,2024-10-14 14:46:40,1.6,64.66050581769098,7.01,5.6557491000719295,Sarayköy (Denizli)
640022,2024-10-14 15:31:42,1.0,411.26468545621935,8.32,0.9024073493966915,Mamak (Ankara)
640023,2024-10-14 16:18:07,1.3,95.18167095828917,9.64,1.3765748783617109,Sındırgı (Balıkesir)
640024,2024-10-14 16:20:18,1.4,88.3865293709135,7.01,2.8197610109386617,Akhisar (Manisa)
640026,2024-10-14 16:33:18,1.5,269.7027180924487,10.29,1.1322917251729248,Manavgat (Antalya)
640028,2024-10-14 17:27:29,2.5,214.25993438252567,7.03,0.9832496154728215,Marmara Denizi - Gemlik Körfezi - [03.72 km] Mudanya (Bursa)
640032,2024-10-14 17:41:49,2.3,214.96002768484234,7.04,1.2016561015828506,Marmara Denizi - Gemlik Körfezi - [04.12 km] Mudanya (Bursa)
640033,2024-10-14 17:43:19,1.9,216.75010488664697,7.0,0.9088394666356995,Marmara Denizi - Gemlik Körfezi - [05.18 km] Mudanya (Bursa)
640036,2024-10-14 17:59:11,1.5,214.80217339961143,7.01,1.2554338746987403,Marmara Denizi - Gemlik Körfezi - [04.04 km] Mudanya (Bursa)
640051,2024-10-14 21:30:19,1.0,165.728971632596,7.08,1.1722046418360133,Sinanpaşa (Afyonkarahisar)
640052,2024-10-14 22:17:32,1.1,181.58989387263574,7.0,0.892528560770513,Ege Denizi - Gökova Körfezi - [12.10 km] Milas (Muğla)
640053,2024-10-14 22:01:38,1.7,121.04951983254982,9.71,3.5288453089834717,Buca (İzmir)
640054,2024-10-14 22:28:00,1.2,77.0055780798481,7.0,4.687525973522534,Akhisar (Manisa)
640056,2024-10-14 22:59:09,1.0,121.04626093371061,8.27,1.2963517549554286,Savaştepe (Balıkesir)
640058,2024-10-14 23:14:38,2.6,474.95869020720806,8.57,1.8596713557548852,Akdeniz
640060,2024-10-14 23:46:52,1.6,286.5761627494056,15.21,1.0286198783295686,Ege Denizi - [64.87 km] Datça (Muğla)
640064,2024-10-15 00:37:59,1.9,229.70906623364522,5.07,1.0316361741276052,Ege Denizi - [41.39 km] Karaburun (İzmir)
640066,2024-10-15 01:13:03,1.1,72.2058131485788,7.01,2.4089427785909967,Pamukkale (Denizli)
640070,2024-10-15 02:25:46,1.7,138.5998580868811,14.88,1.7147095568900863,Altıeylül (Balıkesir)
640075,2024-10-15 03:18:22,2.3,334.31725267016077,6.96,1.073039600928469,Beypazarı (Ankara)
640083,2024-10-15 07:55:26,1.9,242.21830036745666,13.6,1.0668321354439354,Ege Denizi - [47.83 km] Ayvacık (Çanakkale)
640084,2024-10-15 08:21:22,1.3,122.8136837349833,7.0,0.967453772918014,Menderes (İzmir)
640085,2024-10-15 08:02:36,1.3,144.89263232608963,7.0,1.1778341862067048,Tavşanlı (Kütahya)
640089,2024-10-15 09:08:39,1.0,51.02039285018133,6.98,6.667597233895861,Ulubey (Uşak)
640090,2024-10-15 09:22:14,1.2,116.50717537667727,7.19,2.1508175965948344,Bigadiç (Balıkesir)
640091,2024-10-15 09:23:40,1.3,116.24489720935365,6.97,1.6164036192335742,Bigadiç (Balıkesir)
640092,2024-10-15 09:37:19,1.5,163.97263922512857,7.06,2.25117326935312,Mustafakemalpaşa (Bursa)
640093,2024-10-15 09:34:51,1.3,109.78359948759335,12.64,1.136087528635655,Tavas (Denizli)
640096,2024-10-15 09:47:10,1.4,154.12190260635458,7.11,1.4170004760927726,Tavşanlı (Kütahya)
640097,2024-10-15 09:49:36,1.4,151.7365073037652,7.0,1.2345238709222082,Tavşanlı (Kütahya)
640098,2024-10-15 10:25:58,1.3,166.42067068633932,17.8,0.7241027639092795,Şuhut (Afyonkarahisar)
640100,2024-10-15 10:52:12,1.1,162.56262264506665,7.03,0.9889560253527743,Menteşe (Muğla)
640104,2024-10-15 12:09:19,1.2,284.74205526084455,7.0,0.8939736210103694,Ilgın (Konya)
640108,2024-10-15 12:56:04,1.0,311.74451321107284,12.8,1.0552577866483215,Ege Denizi - [91.28 km] Datça (Muğla)
640111,2024-10-15 13:48:25,2.4,151.20108593687232,7.0,3.5975161449602173,Ege Denizi - Kuşadası Körfezi - [15.67 km] Kuşadası (Aydın)
640113,2024-10-15 14:08:58,1.0,321.41062281482374,11.2,1.0152124312242887,Karadeniz - [05.45 km] Arnavutköy (İstanbul)
640114,2024-10-15 14:28:29,1.4,268.95676080286427,24.3,1.2624858662074225,Akdeniz - [46.17 km] Kaş (Antalya)
640115,2024-10-15 15:19:26,2.2,170.3418107077564,6.96,2.354569864021079,Marmaris (Muğla)
640116,2024-10-15 15:20:24,1.7,280.0330719709371,7.0,0.6891539753312856,Taraklı (Sakarya)
640120,2024-10-15 16:09:33,2.6,169.73010910707086,6.98,9.715616937646393,Marmaris (Muğla)
640121,2024-10-15 16:05:27,1.4,268.0503758039216,6.92,0.7584627606365939,Marmara Denizi - [12.47 km] Marmaraereğlisi (Tekirdağ)
640122,2024-10-15 16:54:18,4.7,345.282383625889,23.55,7.24752571850106,Akdeniz - [113.96 km] Kaş (Antalya)
640123,2024-10-15 17:15:37,3.4,341.9927296723782,19.94,1.52543039217721,Akdeniz - [111.37 km] Kaş (Antalya)
640124,2024-10-15 17:00:41,1.7,110.08595008781036,7.0,0.9931777969538653,Germencik (Aydın)
640129,2024-10-15 18:26:51,1.7,314.34061809581493,7.0,0.8993416652499904,Akdeniz - [103.34 km] Marmaris (Muğla)
640131,2024-10-15 19:31:05,3.0,188.78105336338118,11.61,4.3459659529374965,Ege Denizi - [19.93 km] Karaburun (İzmir)
640136,2024-10-15 19:50:50,1.4,186.85583793058464,7.76,0.7874145116530342,Ege Denizi - [21.75 km] Karaburun (İzmir)
640137,2024-10-15 20:42:03,1.7,326.3005631164743,5.58,1.0787369694324298,Akdeniz - [115.28 km] Marmaris (Muğla)
640144,2024-10-16 00:14:00,1.7,244.3242017784922,7.0,1.1278473613277182,Biga (Çanakkale)
640149,2024-10-16 00:42:03,1.5,347.3324522597642,7.33,1.0282492379775905,Beypazarı (Ankara)
640153,2024-10-16 01:09:34,1.9,331.9344299374323,6.86,0.9857631066048973,Beypazarı (Ankara)
640154,2024-10-16 01:01:53,0.9,171.51305878305558,7.0,1.1200294534102555,Manyas Barajı - [03.89 km] Balya (Balıkesir)
640156,2024-10-16 04:00:25,2.1,308.14905204181963,6.13,1.0844156678710228,Akdeniz - [42.89 km] Kaş (Antalya)
640161,2024-10-16 06:01:32,2.4,68.04824522915813,16.42,12.656430509428935,Akhisar (Manisa)
640164,2024-10-16 07:16:06,1.6,214.22315015341306,6.88,1.205546333389633,Marmara Denizi - Gemlik Körfezi - [03.29 km] Mudanya (Bursa)
640219,2024-10-16 09:28:38,1.6,116.92632720655193,12.33,2.2859019195090307,Bigadiç (Balıkesir)
640223,2024-10-16 09:39:02,2.1,345.79666164868854,4.27,0.9039570529281201,Akdeniz - [115.31 km] Kaş (Antalya)
640224,2024-10-16 09:43:06,1.3,210.93989901474865,24.3,1.0561912858262297,Merkez (Bilecik)
640282,2024-10-16 12:34:43,1.1,67.55039257717394,6.94,2.5454704155869385,Sarayköy (Denizli)
640315,2024-10-16 16:09:16,1.7,241.13402055543025,7.01,1.0753832441020923,Ege Denizi - [33.43 km] Datça (Muğla)
640329,2024-10-16 17:34:28,1.7,154.0558854051593,7.05,0.9187421531115177,Ege Denizi - Kuşadası Körfezi - [17.80 km] Kuşadası (Aydın)
640336,2024-10-16 18:31:35,2.6,336.3844052109742,6.9,1.168028756787995,Akdeniz - [105.30 km] Kaş (Antalya)
640341,2024-10-16 20:12:29,2.1,414.68481539407867,6.96,1.2553406068817832,Karatay (Konya)
640342,2024-10-16 19:53:23,2.4,193.78195917398025,6.91,2.9061908658927105,Eğirdir Gölü - [01.25 km] Senirkent (Isparta)
640364,2024-10-16 23:09:32,2.4,236.14862046812272,6.41,1.0259939661692885,Ege Denizi - [36.22 km] Çeşme (İzmir)
640381,2024-10-17 01:29:17,1.4,136.27896244822776,7.0,0.7808202557216908,Beyağaç (Denizli)
640400,2024-10-17 04:33:16,2.3,321.785859971837,7.0,1.0771056133799934,Beypazarı (Ankara)
640410,2024-10-17 06:11:25,1.5,138.03961256310905,6.67,0.9898562516931109,Altıeylül (Balıkesir)
640412,2024-10-17 06:34:29,1.3,194.05493968164177,7.05,1.0651182494908442,Merkez (Afyonkarahisar)
640423,2024-10-17 08:34:45,1.5,216.34436296077266,7.0,0.9987325468032735,Ege Denizi - [07.65 km] Datça (Muğla)
640425,2024-10-17 09:11:26,1.1,430.9473580721928,7.0,0.9433757423010396,Bala (Ankara)
640430,2024-10-17 09:21:03,1.7,160.99887085752275,7.19,1.2207302459868645,Mustafakemalpaşa (Bursa)
640432,2024-10-17 09:51:04,1.9,118.62583280794314,7.47,1.7643325331129267,Bigadiç (Balıkesir)
640435,2024-10-17 10:01:09,1.6,165.3308867900956,7.02,0.7918144695873144,Merkez (Afyonkarahisar)
640448,2024-10-17 11:42:00,1.2,172.7520100308295,7.0,0.6992587040120708,Çameli (Denizli)
640456,2024-10-17 12:42:25,1.3,413.82669581193124,7.0,1.7175908981405428,Çubuk (Ankara)
640458,2024-10-17 12:50:45,1.0,196.3486981187982,7.0,0.7470493458866688,Eğirdir Gölü - [03.91 km] Senirkent (Isparta)
640485,2024-10-17 19:14:11,2.1,324.2109555946561,6.68,0.9779964688225249,Hendek (Sakarya)
640489,2024-10-17 19:51:50,1.4,209.91425063457768,7.0,1.0406636340505246,Akdeniz - [21.16 km] Marmaris (Muğla)
640494,2024-10-17 21:01:24,1.4,80.92827917851436,7.0,1.2416636392446787,Turgutlu (Manisa)
640501,2024-10-17 22:21:55,1.5,105.8218467898653,7.0,1.0976631423979255,Baklan (Denizli)
640509,2024-10-18 00:44:47,1.4,190.0666595933857,7.0,1.1355217134798061,Marmaris (Muğla)
640511,2024-10-18 01:22:48,1.4,236.89353689991813,7.0,1.2571449143207358,Akdeniz - [34.10 km] Fethiye (Muğla)
640512,2024-10-18 01:30:16,2.2,308.6181127065362,6.81,1.0402972606569383,Akdeniz - [97.25 km] Marmaris (Muğla)
640513,2024-10-18 01:28:04,1.9,303.09019413045894,7.03,1.1261532686321856,Akdeniz - [92.47 km] Marmaris (Muğla)
640520,2024-10-18 03:19:24,1.3,69.12876921686492,7.0,0.9506142971790439,Akhisar (Manisa)
640535,2024-10-18 06:46:00,1.5,288.75336033521455,7.0,0.8346227802858004,Ege Denizi - Saros Körfezi - [11.55 km] Gelibolu (Çanakkale)
640537,2024-10-18 07:21:13,1.1,451.06774081826967,7.0,0.8603737315954626,Hirfanlı Barajı - [01.91 km] Merkez (Kırşehir)
640548,2024-10-18 09:26:24,1.2,116.20920574833542,6.87,1.1946080059761104,Emet (Kütahya)
640550,2024-10-18 09:42:29,1.7,189.02506959288218,7.02,0.7031506843782804,Ege Denizi - [14.40 km] Karaburun (İzmir)
640555,2024-10-18 10:16:53,1.3,334.1249845538328,7.0,0.7816570191638496,Kocaali (Sakarya)
640565,2024-10-18 12:04:13,1.6,223.1264815985489,6.99,1.430039046342509,Çan (Çanakkale)
640569,2024-10-18 12:54:59,1.5,110.51421225855593,7.52,1.1546311673071326,Soma (Manisa)
640571,2024-10-18 13:41:11,1.1,217.27537916543724,7.0,1.1990255431443955,Çan (Çanakkale)
640580,2024-10-18 17:48:45,1.8,188.12273684700477,7.67,0.9566237916593409,Bodrum (Muğla)
640583,2024-10-18 19:10:54,1.7,241.2847206379382,6.84,1.0379056755945268,Akdeniz - [44.49 km] Ortaca (Muğla)
640584,2024-10-18 19:14:02,1.7,236.26951575554884,6.78,1.10545719367236,Akdeniz - [38.04 km] Ortaca (Muğla)
640585,2024-10-18 19:25:19,1.1,273.4427161400041,7.0,1.1065361788051133,Başiskele (Kocaeli)
640588,2024-10-18 19:44:34,1.3,153.99092963351768,7.0,1.0994069347049817,Ege Denizi - Kuşadası Körfezi - [19.83 km] Kuşadası (Aydın)
640593,2024-10-18 20:55:22,1.7,238.1485289778553,9.03,1.1605191145540235,Akdeniz - [40.16 km] Ortaca (Muğla)
640594,2024-10-18 20:58:06,2.4,250.086318066529,13.71,0.9540700727699634,Ege Denizi - [53.99 km] Ayvacık (Çanakkale)
640597,2024-10-18 21:35:18,3.7,135.8290419489952,6.98,31.062206216534072,Kızılören (Afyonkarahisar)
640603,2024-10-18 22:58:21,3.3,194.4386435090255,9.12,5.414524466808694,Eğirdir Gölü - [02.38 km] Senirkent (Isparta)
640631,2024-10-19 07:26:30,2.1,157.76047232173826,7.0,1.1533210916687728,Ege Denizi - [09.29 km] Foça (İzmir)
640635,2024-10-19 08:01:43,2.6,227.61689707998704,78.05,1.1506082013293395,Ege Denizi - [17.43 km] Datça (Muğla)
640643,2024-10-19 09:31:50,1.4,323.7448105275856,6.86,1.144874430920504,Gölyaka (Düzce)
640646,2024-10-19 10:22:54,2.0,333.06756486044117,7.0,1.229827622811265,Beypazarı (Ankara)
640648,2024-10-19 10:35:38,2.0,345.63399183556635,6.45,1.229018127213981,Polatlı (Ankara)
640655,2024-10-19 12:21:32,1.3,201.2548663380534,7.0,1.2462194133642874,Osmangazi (Bursa)
640658,2024-10-19 13:39:20,2.0,212.42039734081598,8.96,1.3284600789460594,Tepebaşı (Eskişehir)
640663,2024-10-19 15:19:40,1.2,288.3697596721065,7.0,0.9337432162838957,Ilgın (Konya)
640666,2024-10-19 15:44:33,1.2,194.6972737684969,6.99,1.1167709269204793,Eğirdir Gölü - [02.47 km] Senirkent (Isparta)
640670,2024-10-19 16:43:24,1.7,96.603155892369,6.99,5.88940210965177,Saruhanlı (Manisa)
640675,2024-10-19 17:50:44,1.6,303.966300303255,6.28,1.0262544739145594,Akdeniz - [95.57 km] Kaş (Antalya)
640676,2024-10-19 17:38:48,1.3,105.66008168453835,7.0,0.9459868868357959,Germencik (Aydın)
640684,2024-10-19 19:04:08,0.6,284.38227795693155,7.0,0.9872967707552424,Yunak (Konya)
640685,2024-10-19 19:09:47,1.7,140.0271239581598,6.99,1.0339901838449947,Acıpayam (Denizli)
640687,2024-10-19 20:02:04,0.9,490.4585856668428,7.0,1.0101179980059192,Sulakyurt (Kırıkkale)
640691,2024-10-19 21:20:25,1.0,158.52984943680764,7.01,1.0979903422273158,Menteşe (Muğla)
640695,2024-10-19 22:25:47,1.0,137.43528199531107,10.89,0.9402310070678208,Kızılören (Afyonkarahisar)
640696,2024-10-19 22:04:32,1.2,490.3746135981103,8.95,1.065981283481047,Delice (Kırıkkale)
640704,2024-10-19 23:40:10,1.4,248.6640337424776,7.02,1.7177817057735767,Akdeniz - [41.79 km] Fethiye (Muğla)
640709,2024-10-20 00:36:14,1.4,216.98029351306758,6.96,0.6219712465964741,Ege Denizi - [06.23 km] Ayvacık (Çanakkale)
640710,2024-10-20 00:51:21,1.2,334.05769343086104,7.05,0.8656072520794462,Beypazarı (Ankara)
640713,2024-10-20 01:27:01,1.0,158.06058130363746,7.0,0.965804414300805,Ula (Muğla)
640717,2024-10-20 03:43:42,1.8,248.37124191889055,12.89,1.2539644514476704,Marmara Denizi - [02.00 km] Marmara (Balıkesir)
640718,2024-10-20 03:30:20,2.3,140.57323282807602,7.16,1.6932043623108624,Menteşe (Muğla)
640724,2024-10-20 04:58:24,1.7,226.628783100588,6.99,0.4950196722189482,Eğirdir (Isparta)
640727,2024-10-20 06:53:11,1.2,138.2982579801065,12.29,1.2130827023722377,Kızılören (Afyonkarahisar)
640734,2024-10-20 08:35:11,3.0,311.6516816190148,6.2,1.5265272994342605,Akdeniz - [103.77 km] Kaş (Antalya)
640736,2024-10-20 08:55:55,2.1,186.28055666769754,7.0,1.4614996660433526,Ege Denizi - [19.59 km] Karaburun (İzmir)
640738,2024-10-20 09:34:49,1.8,163.12879217319767,7.0,1.8176731623766993,Orhaneli (Bursa)
640740,2024-10-20 09:55:32,2.0,115.862282112981,7.0,5.748949208763533,Bigadiç (Balıkesir)
640742,2024-10-20 11:07:57,2.2,313.6737065864357,16.55,0.9893662509656588,Ege Denizi - [90.93 km] Datça (Muğla)
640743,2024-10-20 11:29:46,1.9,218.06433890465348,7.0,1.258923266187419,Marmara Denizi - Gemlik Körfezi - [06.48 km] Armutlu (Yalova)
640746,2024-10-20 12:39:05,1.2,349.9774437691283,6.97,0.9681936064197177,Kaynaşlı (Düzce)
640758,2024-10-20 19:08:22,1.9,229.91868416785616,9.39,1.0579771333873274,Ege Denizi - [13.07 km] Ayvacık (Çanakkale)
640762,2024-10-20 19:29:14,1.3,207.2886330167027,5.98,0.9201595246587184,Ege Denizi - [11.21 km] Bodrum (Muğla)
640763,2024-10-20 19:42:03,1.3,231.72102243951588,7.0,1.2321266260206707,Bolvadin (Afyonkarahisar)
640764,2024-10-20 19:45:14,1.1,231.08061756777585,7.07,1.0554129894216493,Eber Gölü - [02.68 km] Bolvadin (Afyonkarahisar)
640765,2024-10-20 20:07:23,2.2,232.64554265015377,7.0,0.9920365397992947,Bolvadin (Afyonkarahisar)
640772,2024-10-21 01:06:56,2.6,142.29493793040123,7.0,7.83454882424488,Dinar (Afyonkarahisar)
640774,2024-10-20 21:53:20,1.5,195.83393597829874,7.0,1.0117425663893236,Eğirdir Gölü - [03.98 km] Senirkent (Isparta)
640778,2024-10-21 04:50:52,1.4,160.43710558648922,7.0,1.0156534744312737,Ula (Muğla)
640780,2024-10-21 05:47:51,1.6,265.48033542660744,7.25,0.920547235268332,Akdeniz - [54.97 km] Marmaris (Muğla)
640784,2024-10-20 18:35:34,0.8,471.6039612511616,7.0,1.0270604392725198,Gülnar (Mersin)
640786,2024-10-20 18:40:48,0.9,465.89304979867086,7.0,1.0972364612321481,Gülnar (Mersin)
640788,2024-10-21 06:54:40,2.5,295.1655122526349,17.19,0.87822007976733,Ege Denizi - [75.70 km] Datça (Muğla)
640789,2024-10-21 06:52:14,1.6,371.22040598699755,7.0,1.0802144924423187,Pınarhisar (Kırklareli)
640793,2024-10-21 07:24:52,1.1,212.97745942007532,12.0,1.014019997058532,Merkez (Bilecik)
640794,2024-10-21 07:16:51,1.0,488.3322232043728,6.81,0.9620122884682453,Merkez (Kırşehir)
640797,2024-10-21 07:46:52,1.5,303.4529220246395,49.1,0.9030341850472804,Akdeniz - [92.21 km] Marmaris (Muğla)
640798,2024-10-21 07:55:55,2.0,333.296426645303,6.9,1.1352204216790232,Beypazarı (Ankara)
640801,2024-10-21 09:06:59,1.4,136.5877115225796,10.74,0.9652200612596922,Kızılören (Afyonkarahisar)
640802,2024-10-21 08:39:14,1.3,186.46807940807972,6.11,1.0233674588396564,Dalaman (Muğla)
640803,2024-10-21 08:54:04,1.4,34.06354381386737,7.0,5.976730285100849,Köprübaşı (Manisa)
640804,2024-10-21 09:39:37,1.0,366.1245168137931,7.02,0.908695226038593,Selçuklu (Konya)
640805,2024-10-21 10:05:08,2.1,114.26332294894743,6.99,3.140405336016632,Bigadiç (Balıkesir)
640808,2024-10-21 10:31:04,1.7,101.53948683619024,7.04,0.7751201847034749,Hisarcık (Kütahya)
640810,2024-10-21 12:01:01,2.1,272.86367348338104,5.59,0.9434879265046537,Marmara Denizi - [03.05 km] Şarköy (Tekirdağ)
640811,2024-10-21 13:05:34,1.3,152.35665072748967,7.0,1.0962142793004508,Ege Denizi - Kuşadası Körfezi - [17.83 km] Kuşadası (Aydın)
640813,2024-10-21 13:15:20,1.4,156.27295148562624,7.1,1.2800843854368373,Bergama (İzmir)
640820,2024-10-21 14:10:05,1.5,261.7781602500601,8.05,0.5133585301481242,Ege Denizi - [19.89 km] Ayvacık (Çanakkale)
640825,2024-10-21 15:00:18,1.7,258.44417297742086,7.15,0.7204535184176218,Ege Denizi - [48.87 km] Ayvacık (Çanakkale)
640826,2024-10-21 15:27:16,1.8,33.61840889636751,5.29,33.66058143585993,Salihli (Manisa)
640827,2024-10-21 15:32:15,1.3,114.84199053230925,7.27,1.0847376880541435,Soma (Manisa)
640828,2024-10-21 15:59:35,3.1,289.5325945608887,8.96,1.3239874158619518,Ege Denizi - [99.87 km] Bodrum (Muğla)
640830,2024-10-21 16:45:43,1.6,213.81259597899495,6.93,1.095427916798187,Marmara Denizi - Gemlik Körfezi - [02.48 km] Mudanya (Bursa)
640831,2024-10-21 18:15:24,1.4,244.713858319004,10.74,0.8476596528712805,Merkez (Yalova)
640833,2024-10-21 18:26:48,1.3,135.64415886868454,8.96,1.0083236846095165,Çivril (Denizli)
640834,2024-10-21 18:25:35,1.1,135.5295175311888,11.75,1.424739665669136,Çivril (Denizli)
640835,2024-10-21 17:52:51,2.6,256.0533209988269,18.29,1.5814742300519735,Marmara Denizi - [05.08 km] Marmara (Balıkesir)
640837,2024-10-21 18:45:34,2.1,330.37518992226916,7.0,1.0766737560161894,Beypazarı (Ankara)
640838,2024-10-21 19:07:10,2.4,108.08762050655717,8.28,1.6409438951362534,Yunusemre (Manisa)
640841,2024-10-21 21:17:46,1.9,267.70795901697466,6.64,0.871864969194063,Akdeniz - [56.84 km] Marmaris (Muğla)
640845,2024-10-21 22:17:28,1.3,263.3650149232218,7.33,0.9448243127427002,Manavgat (Antalya)
640846,2024-10-22 04:12:15,1.6,164.8732020823048,6.96,0.8904313580467641,Ege Denizi - Gökova Körfezi - [05.45 km] Marmaris (Muğla)
640847,2024-10-22 03:56:50,1.8,413.91128274110525,7.04,1.08461579200992,Eskil (Aksaray)
640850,2024-10-22 03:15:55,1.6,138.12518834573726,6.98,0.95338676883791,Menteşe (Muğla)
640852,2024-10-22 03:39:49,1.3,141.2047066455292,7.0,1.0429926085780161,Menteşe (Muğla)
640854,2024-10-21 23:44:55,1.8,11.431630981712434,11.03,37.63075251153261,Alaşehir (Manisa)
640862,2024-10-22 01:50:46,1.6,288.44979503002094,7.0,0.9701209470549192,Ege Denizi - Saros Körfezi - [10.71 km] Eceabat (Çanakkale)
640866,2024-10-22 05:05:47,2.0,165.37746900805462,6.99,0.8985176330566355,Köyceğiz (Muğla)
640870,2024-10-22 06:08:07,1.8,379.3989389117205,7.0,0.9339276737526365,Merkez (Bolu)
640872,2024-10-22 06:52:15,1.7,233.54056120430397,6.96,0.90594489813046,Sultandağı (Afyonkarahisar)
640873,2024-10-22 07:09:40,1.5,151.46682496346904,7.03,0.97126126881407,Tavşanlı (Kütahya)
640877,2024-10-22 07:56:44,1.4,108.74163287830636,7.02,1.0248977192204087,Soma (Manisa)
640879,2024-10-22 08:05:43,1.5,156.96341477198607,6.98,1.2382980199344584,Orhaneli (Bursa)
640882,2024-10-22 08:41:13,1.3,117.81764176484978,16.91,1.0088075167066113,Savaştepe (Balıkesir)
640883,2024-10-22 08:32:19,1.1,147.45445379862738,7.0,0.8894715666057214,Tavşanlı (Kütahya)
640886,2024-10-22 08:59:06,1.3,388.5038419604222,13.44,1.0078008949569615,Merkez (Kırklareli)
640892,2024-10-22 10:19:58,0.9,106.4318981856564,6.98,0.7589809850266166,Emet (Kütahya)
640894,2024-10-22 11:08:41,1.6,124.70537935021845,10.14,1.2003195327037455,Karpuzlu (Aydın)
640896,2024-10-22 09:23:36,1.4,157.95247126364725,7.0,0.6850700150195561,Orhaneli (Bursa)
640898,2024-10-22 11:21:59,1.3,167.26287106583925,7.0,0.8892527489559208,Ege Denizi - [05.68 km] Dikili (İzmir)
640904,2024-10-22 11:57:09,1.0,419.24574119908436,7.37,0.627401583795246,"Bolyarovo, Yanbolu (Bulgaristan) - [09.03 km] Lalapaşa (Edirne)"
640905,2024-10-22 11:55:23,1.5,28.938472803599883,7.0,13.428072180569819,Sarıgöl (Manisa)
640910,2024-10-22 13:36:08,1.4,137.8803676080814,10.05,1.1624584882811768,Ege Denizi - Kuşadası Körfezi - [01.95 km] Kuşadası (Aydın)
640911,2024-10-22 14:13:15,2.0,228.09787294244265,8.9,1.1678228896087117,Ayvacık (Çanakkale)
640912,2024-10-22 14:05:09,2.0,140.01832858690642,10.13,4.061452343389949,Dinar (Afyonkarahisar)
640920,2024-10-22 17:29:11,1.8,364.6822900222449,8.1,1.2200762732085448,Akdeniz - [72.37 km] Alanya (Antalya)
640921,2024-10-22 17:41:05,1.5,135.10159061794994,7.0,1.1250517948030108,Yatağan (Muğla)
640929,2024-10-22 20:17:57,1.2,113.34203348090725,7.04,1.13767473657455,Torbalı (İzmir)
640930,2024-10-22 20:03:35,1.3,103.33445666790566,6.98,1.0319509097354564,Pamukkale (Denizli)
640931,2024-10-22 20:22:16,2.0,334.35658659728307,6.92,0.9648647283659716,Beypazarı (Ankara)
640935,2024-10-22 21:22:46,2.4,292.4420787798413,18.89,1.1429984273461453,Ege Denizi - [73.03 km] Datça (Muğla)
640936,2024-10-22 21:28:49,2.5,296.63001462350337,8.44,1.1348835812954894,Ege Denizi - [75.91 km] Datça (Muğla)
640937,2024-10-22 21:50:08,2.6,293.5036360962275,16.36,0.9397233603815612,Ege Denizi - [74.38 km] Datça (Muğla)
640940,2024-10-22 23:04:29,1.6,293.35558684616694,6.81,0.9425535691318362,Ege Denizi - [72.99 km] Datça (Muğla)
640942,2024-10-22 22:41:17,2.0,296.2940710677469,7.23,0.9541537832456094,Ege Denizi - [78.10 km] Datça (Muğla)
640943,2024-10-22 22:43:10,0.9,153.0234033451435,7.0,0.9473446906827819,Ege Denizi - Kuşadası Körfezi - [19.07 km] Menderes (İzmir)
640946,2024-10-23 00:45:05,1.9,224.88897048410257,35.0,0.9235938129775557,Ege Denizi - [34.82 km] Bodrum (Muğla)
640947,2024-10-23 00:53:25,1.5,202.4050873788101,7.01,1.0966097014468887,Merkez (Isparta)
640949,2024-10-23 01:09:05,1.4,198.70693507727066,5.67,1.2511687875914508,Ege Denizi - [46.51 km] Söke (Aydın)
640953,2024-10-23 02:13:37,1.9,289.1466050809583,7.47,1.0388778581801708,Ege Denizi - [69.08 km] Datça (Muğla)
640954,2024-10-23 02:16:13,1.6,75.19809034856051,6.99,2.5040240409704375,Akhisar (Manisa)
640956,2024-10-23 03:11:02,1.3,110.00072903169273,6.97,1.8189936961640725,Kınık (İzmir)
640957,2024-10-23 03:34:10,1.0,356.25321351008284,7.0,1.0475883448304648,Yığılca (Düzce)
640962,2024-10-23 06:28:47,1.0,411.3827577615704,6.99,1.0159917491479837,Şereflikoçhisar (Ankara)
640964,2024-10-23 06:37:02,2.2,183.3901474502045,6.94,0.9947953870549008,Ege Denizi - [37.61 km] Söke (Aydın)
640965,2024-10-23 06:46:24,1.8,217.1088922546621,57.51,0.9962582293546737,Akdeniz - [06.82 km] Marmaris (Muğla)
640969,2024-10-23 07:10:40,1.5,165.26617811622197,7.02,1.1658101843919069,Mustafakemalpaşa (Bursa)
640974,2024-10-23 08:24:27,1.6,269.8583198790574,12.31,1.1732469709086795,Marmara Denizi - [06.21 km] Şarköy (Tekirdağ)
640978,2024-10-23 09:21:03,1.5,164.83092910301912,13.28,1.233519409790057,Mustafakemalpaşa (Bursa)
640981,2024-10-23 09:26:10,1.0,359.62943819483274,7.0,1.084766011512821,Selçuklu (Konya)
640982,2024-10-23 09:59:21,2.0,113.66575614185064,10.5,4.34256721692066,Bigadiç (Balıkesir)
640984,2024-10-23 10:35:26,3.3,217.2962478921333,14.27,5.526321695892644,Ayvacık (Çanakkale)
640988,2024-10-23 10:50:29,1.2,115.41191290051266,6.98,1.015787195338184,Torbalı (İzmir)
640995,2024-10-23 12:20:15,0.9,60.844526510452546,7.07,5.335011483456234,Merkez (Uşak)
640997,2024-10-23 13:15:04,1.0,174.29537555033528,7.0,1.3142906278910897,Keles (Bursa)
641003,2024-10-23 15:13:02,1.5,341.49883163815707,10.12,0.9790319989081258,Cihanbeyli (Konya)
641006,2024-10-23 15:36:44,1.6,340.7351202260488,6.99,0.9191798964928316,Cihanbeyli (Konya)
641010,2024-10-23 17:14:34,1.7,292.8310625369969,12.5,1.3590292468163336,Akdeniz - [87.01 km] Marmaris (Muğla)
641013,2024-10-23 17:46:11,1.3,226.07839820435194,16.22,0.660647796278286,Akdeniz - [27.90 km] Ortaca (Muğla)
641015,2024-10-23 18:20:49,1.0,484.4842005353725,7.97,0.9458996293216773,Sulakyurt (Kırıkkale)
641018,2024-10-23 18:53:31,2.3,246.24037660411636,10.18,1.0722775132047038,Biga (Çanakkale)
641019,2024-10-23 18:46:00,1.3,287.75705548170913,7.37,1.033267647181809,Ege Denizi - Saros Körfezi - [08.65 km] Eceabat (Çanakkale)
641020,2024-10-23 18:35:23,1.6,93.7029219458341,4.66,1.2586688715213519,Kemalpaşa (İzmir)
641021,2024-10-23 19:28:27,1.6,275.21499529693654,5.56,1.431997521309742,Ege Denizi - [53.87 km] Datça (Muğla)
641022,2024-10-23 19:27:05,1.3,238.24294743562885,8.98,1.0385062287446034,Çınarcık (Yalova)
641027,2024-10-23 20:14:16,1.1,487.68231068304175,7.0,0.9080398547934136,Silifke (Mersin)
641029,2024-10-23 20:58:30,1.5,159.49654216797745,6.99,0.9522251501052788,Dikili (İzmir)
641034,2024-10-23 22:25:48,1.4,240.87851928323286,6.54,0.9300245016169562,Akdeniz - [43.07 km] Marmaris (Muğla)
641035,2024-10-23 22:27:38,1.4,240.4991211987279,7.1,1.1851377176959053,Akdeniz - [44.10 km] Marmaris (Muğla)
641036,2024-10-23 22:21:49,1.5,170.19905742656186,6.95,1.3158056899108144,Mustafakemalpaşa (Bursa)
641037,2024-10-23 22:09:29,1.6,251.9935952595252,6.79,0.9385124036854212,Ezine (Çanakkale)
641038,2024-10-23 22:35:23,1.5,237.9885966198466,19.01,0.9729975515241689,Akdeniz - [41.77 km] Marmaris (Muğla)
641041,2024-10-23 23:21:20,1.1,146.02906565430084,9.77,0.861576154381143,Yatağan (Muğla)
641042,2024-10-23 23:01:20,1.7,462.0896390642786,15.15,0.8567440967717344,Mut (Mersin)
641043,2024-10-23 23:20:39,1.0,332.1618264910531,6.99,0.8293440816356719,Sarayönü (Konya)
641045,2024-10-23 23:53:58,1.8,267.30552694844675,23.87,1.1659328106325946,Kumluca (Antalya)
641046,2024-10-23 23:58:07,1.4,87.62424782716866,8.1,1.4748913032944653,Akhisar (Manisa)
641048,2024-10-24 00:23:01,1.8,138.27927612272023,7.02,1.1437660678863497,Ege Denizi - Kuşadası Körfezi - [08.61 km] Kuşadası (Aydın)
641049,2024-10-24 00:25:36,1.5,335.62153270123247,7.03,1.0482381007537165,Beypazarı (Ankara)
641081,2024-10-24 09:09:01,1.5,197.8708868437906,7.15,1.0134879542912592,İnönü (Eskişehir)
641083,2024-10-24 09:33:20,1.3,81.29426050185452,12.27,1.7781552916254337,Simav (Kütahya)
641084,2024-10-24 09:26:31,1.1,276.95654321290124,5.55,1.0716912932080462,Geyve (Sakarya)
641085,2024-10-24 09:34:38,1.2,160.94147663129775,7.38,1.1541918657125405,Orhaneli (Bursa)
641086,2024-10-24 09:43:55,1.6,159.04556243375217,7.0,2.6705989797542387,Orhaneli (Bursa)
641091,2024-10-24 09:48:15,1.5,248.6612127620342,7.0,1.0112071907262046,Akdeniz - [36.44 km] Fethiye (Muğla)
641092,2024-10-24 09:53:53,2.1,462.84456824084793,7.05,1.0331100613723632,Ayrancı (Karaman)
641093,2024-10-24 10:01:30,2.7,463.8770687098026,10.41,1.1468758419590015,Ayrancı (Karaman)
641097,2024-10-24 11:20:33,1.6,471.0659759599296,7.0,0.9511226303770545,Ayrancı (Karaman)
641102,2024-10-24 12:59:06,1.2,158.26338342096068,7.27,1.8385869580711625,Orhaneli (Bursa)
641105,2024-10-24 14:10:00,2.4,286.18739578284817,19.72,1.0977892527449138,Ege Denizi - [75.33 km] Marmaris (Muğla)
641114,2024-10-24 16:55:28,1.4,86.77062849440665,11.34,1.1011647475809034,Sındırgı (Balıkesir)
641120,2024-10-24 18:21:05,1.5,259.28351741225725,5.82,1.08652662041515,Marmara Denizi - [10.41 km] Marmara (Balıkesir)
641131,2024-10-24 20:50:30,2.2,264.5200291662159,6.88,0.9490065688544751,Marmara Denizi - [12.56 km] Marmara (Balıkesir)
641132,2024-10-24 21:03:20,1.3,155.81595655299571,7.0,1.0092200238167335,Dinar (Afyonkarahisar)
641133,2024-10-24 21:25:20,2.5,449.76578661271753,13.25,1.0840402540992413,Kalecik (Ankara)
641140,2024-10-24 23:06:31,2.1,174.58260095218424,7.34,1.2072278388932964,Ege Denizi - Gökova Körfezi - [04.05 km] Marmaris (Muğla)
641145,2024-10-24 23:30:08,1.3,225.5160338057366,63.88,0.9226980854155321,Ege Denizi - [26.62 km] Bodrum (Muğla)
641147,2024-10-25 01:05:12,1.8,66.40142795447782,7.01,26.533305940116396,Pamukkale (Denizli)
641150,2024-10-25 03:04:37,1.5,98.27481343897188,7.0,1.8422304925199937,Pamukkale (Denizli)
641151,2024-10-25 04:09:14,1.4,155.53057441617582,6.8,1.0224873743165268,Sinanpaşa (Afyonkarahisar)
641154,2024-10-25 05:14:24,1.2,100.0705194317435,7.0,1.1810188556133931,Pamukkale (Denizli)
641157,2024-10-25 05:34:53,2.5,257.95667150626815,5.92,1.997027127670686,Akdeniz - [59.79 km] Fethiye (Muğla)
641158,2024-10-25 05:48:40,0.9,231.83999802872702,7.6,1.3099853774241912,Bolvadin (Afyonkarahisar)
641161,2024-10-25 06:15:17,1.4,101.59049876992268,7.0,1.2826644439088526,Pamukkale (Denizli)
641162,2024-10-25 06:34:10,0.9,171.28180355263194,6.99,0.8539052983722591,Balya (Balıkesir)
641163,2024-10-25 06:41:39,1.3,260.19578382435515,6.69,1.1754559523789891,Marmara Denizi - [10.19 km] Marmara (Balıkesir)
641164,2024-10-25 06:48:31,1.6,110.39439641834896,6.98,2.091908131588443,Soma (Manisa)
641168,2024-10-25 07:44:02,1.3,152.54951864562787,7.02,1.3436529822413468,Orhaneli (Bursa)
641169,2024-10-25 07:46:08,2.0,348.0630042678051,6.92,1.2829750195878173,Ege Denizi - [46.00 km] Gökçeada (Çanakkale)
641170,2024-10-25 08:28:56,1.2,126.76932387289682,16.19,1.0785535422544283,Söke (Aydın)
641172,2024-10-25 09:11:40,1.9,38.99200072838429,7.0,6.866870334325688,Kiraz (İzmir)
641173,2024-10-25 09:10:46,1.2,39.468741498558416,6.97,7.653210741379926,Kiraz (İzmir)
641176,2024-10-25 09:20:28,2.1,40.54470686845004,7.53,98.71673036359174,Kiraz (İzmir)
641177,2024-10-25 09:21:16,2.5,39.25407843659043,7.44,4.678516710479359,Kiraz (İzmir)
641178,2024-10-25 09:26:28,2.0,300.360198173315,7.22,0.2814634797359714,Ege Denizi - [80.14 km] Datça (Muğla)
641179,2024-10-25 09:25:37,1.4,110.46269692016773,7.12,1.4265126011567655,Soma (Manisa)
641181,2024-10-25 09:38:24,1.7,175.23662851076418,8.04,1.2144809709667161,Mustafakemalpaşa (Bursa)
641183,2024-10-25 10:02:24,2.0,113.98421380898777,6.98,3.8917203860139717,Bigadiç (Balıkesir)
641186,2024-10-25 10:31:23,3.5,474.76955012811544,9.51,1.2720517803329103,Akdeniz - [253.77 km] Datça (Muğla)
641189,2024-10-25 11:38:08,0.8,65.15039336631315,7.0,2.372936526213748,Merkez (Uşak)
641192,2024-10-25 12:35:42,1.2,278.15284191569657,7.0,0.9396537370453144,İzmit (Kocaeli)
641193,2024-10-25 12:53:59,0.8,50.56138833132207,7.0,11.017520472756468,Ulubey (Uşak)
641194,2024-10-25 13:33:01,1.0,131.62595467382326,7.15,1.0044749811749283,Ege Denizi - Kuşadası Körfezi - [05.93 km] Menderes (İzmir)
641197,2024-10-25 14:10:56,0.9,134.55387462196677,7.0,1.1328194852327729,Kuşadası (Aydın)
641198,2024-10-25 14:28:18,1.4,157.13658934427463,7.0,1.3165396838056607,Orhaneli (Bursa)
641200,2024-10-25 15:19:32,1.4,468.8521560589705,6.92,0.9103021220048264,Gülnar (Mersin)
641201,2024-10-25 15:17:42,1.3,470.6400821753105,7.06,1.120034541577448,Gülnar (Mersin)
641202,2024-10-25 15:06:12,1.4,469.6098591391514,7.41,0.8855672761988358,Gülnar (Mersin)
641203,2024-10-25 15:19:57,1.7,174.00851203366557,10.25,0.8869235188464244,Orhaneli (Bursa)
641207,2024-10-25 15:32:32,1.3,467.5361066192184,7.0,1.4544540762054192,Gülnar (Mersin)
641208,2024-10-25 16:32:34,1.8,303.4123569118689,6.98,1.1016174727820007,Akyazı (Sakarya)
641209,2024-10-25 16:40:53,2.4,405.9552826228494,7.37,1.0240906870189304,Akdeniz - [122.47 km] Kumluca (Antalya)
641210,2024-10-25 16:27:36,0.8,271.6970648949803,6.85,0.8610819068072114,Sivrihisar (Eskişehir)
641211,2024-10-25 17:22:21,1.7,467.827936746714,6.97,0.9616458103073128,Gülnar (Mersin)
641212,2024-10-25 17:07:22,1.2,168.16661528185082,7.0,1.0600717511874083,Köyceğiz (Muğla)
641213,2024-10-25 17:16:37,1.2,102.86954578033958,7.09,1.0859234840983778,Germencik (Aydın)
641215,2024-10-25 18:13:21,1.9,297.1035396779386,6.75,0.9772151286575856,Ege Denizi - [77.46 km] Datça (Muğla)
641216,2024-10-25 19:21:46,3.2,295.3333843978078,11.67,1.4420106446116894,Akyazı (Sakarya)
641217,2024-10-25 19:37:32,2.2,295.94446096882643,10.38,1.1766859778187826,Karapürçek (Sakarya)
641218,2024-10-25 20:04:35,1.9,296.4492184543392,6.99,1.1676663976264492,Akyazı (Sakarya)
641219,2024-10-25 20:01:28,1.3,297.00417812617036,6.99,0.9918637337301323,Akyazı (Sakarya)
641224,2024-10-26 00:12:22,2.6,220.47134051826495,7.75,1.324065406302353,Ege Denizi - [21.81 km] Çeşme (İzmir)
641229,2024-10-26 01:01:53,1.2,160.36888370444547,7.0,1.1507413765675298,Ula (Muğla)
641230,2024-10-26 01:09:45,1.2,101.37303321857578,9.02,1.0539842560227717,Gediz (Kütahya)
641232,2024-10-26 03:19:39,2.3,162.5225902406074,6.97,1.0616141493059763,Ula (Muğla)
641233,2024-10-26 03:20:03,1.8,163.33999192700685,7.0,1.0263868682746657,Ula (Muğla)
641234,2024-10-26 03:28:42,2.2,360.8666084797723,7.0,1.0233255394897882,Akdeniz - [141.09 km] Kaş (Antalya)
641236,2024-10-26 05:14:27,2.9,366.76898828596916,83.11,1.6211763130686343,Akdeniz - [37.31 km] Alanya (Antalya)
641240,2024-10-26 01:31:46,1.3,245.91848942458859,7.06,0.9273914928815716,Ege Denizi - [35.78 km] Datça (Muğla)
641241,2024-10-26 01:44:35,1.4,144.14453942642905,7.03,1.0357938361820391,Menteşe (Muğla)
641242,2024-10-26 01:45:13,1.0,145.04537465014425,7.45,1.0586668484809165,Menteşe (Muğla)
641247,2024-10-26 07:09:56,1.8,156.3742840916772,7.89,1.2140039193077874,Orhaneli (Bursa)
641248,2024-10-26 07:01:43,1.6,198.15136498948152,7.16,1.4120286198243879,İnönü (Eskişehir)
641251,2024-10-26 06:10:38,1.4,242.0284280190228,7.17,1.0325557334535238,Ayvacık (Çanakkale)
641252,2024-10-26 07:22:31,1.1,84.90760994381607,4.52,0.9615249500802311,Pamukkale (Denizli)
641253,2024-10-26 10:01:56,2.4,330.0076974973617,6.99,0.9228231492807587,Beypazarı (Ankara)
641254,2024-10-26 10:00:56,1.8,324.73126619748103,13.81,1.1998158457803885,Gümüşova (Düzce)
641256,2024-10-26 10:04:44,1.7,332.04225558824845,7.05,0.868440550524623,Beypazarı (Ankara)
641257,2024-10-26 09:50:43,1.4,150.65151133682096,7.0,1.0883278135315384,Tavşanlı (Kütahya)
641258,2024-10-26 09:52:58,1.3,148.94060992632296,7.0,1.1189174603456344,Tavşanlı (Kütahya)
641262,2024-10-26 12:05:31,1.6,259.7777951819855,7.0,0.9356037717323599,Ege Denizi - [45.57 km] Datça (Muğla)
641264,2024-10-26 13:38:01,1.1,458.0680956272308,6.79,1.1302561166324352,Yahşihan (Kırıkkale)
641268,2024-10-26 14:13:30,1.4,70.56418273425818,7.03,1.3293228968209172,Simav (Kütahya)
641269,2024-10-26 14:42:53,2.3,467.15716990421475,4.9,0.9346097168503621,Gülnar (Mersin)
641270,2024-10-26 14:42:21,1.3,411.8807016719114,7.0,0.9889569375135135,Şereflikoçhisar (Ankara)
641271,2024-10-26 14:55:46,2.5,129.1468411882436,7.0,11.670564368210602,Yatağan (Muğla)
641273,2024-10-26 15:48:23,2.0,294.882098562626,7.0,1.1421975366341168,Akyazı (Sakarya)
641274,2024-10-26 15:25:25,1.3,220.89305515579807,6.94,1.0441076362112784,Gelendost (Isparta)
641276,2024-10-26 16:39:21,1.3,157.4960280718085,7.0,1.4105543889125165,Ege Denizi - İzmir Körfezi - [11.67 km] Foça (İzmir)
641278,2024-10-26 17:57:58,1.1,287.31656367434107,6.76,0.4676547296169156,Manavgat (Antalya)
641284,2024-10-26 20:15:40,1.5,137.88324759275903,7.0,1.1042658126198113,Söke (Aydın)
641286,2024-10-26 20:54:54,1.5,283.7220102606774,30.05,1.0982474332268461,Akdeniz - [72.64 km] Marmaris (Muğla)
641288,2024-10-26 21:06:37,1.7,330.6555789675768,8.96,0.9341600848696779,Akdeniz - [119.57 km] Marmaris (Muğla)
641289,2024-10-26 21:11:34,1.1,88.55755439025886,7.0,1.0960150389987948,Çal (Denizli)
641296,2024-10-26 23:10:27,1.8,172.054970604582,7.0,1.043625001854,Marmaris (Muğla)
641298,2024-10-27 00:20:23,1.0,493.3495960923655,7.0,0.9023018549261375,Delice (Kırıkkale)
641300,2024-10-26 23:50:31,1.2,238.3252689823738,69.61,1.0317437804620981,Ege Denizi - [16.36 km] Datça (Muğla)
641301,2024-10-26 23:47:47,1.1,302.06698270881003,23.65,1.0979458186465205,Akdeniz - [32.49 km] Kaş (Antalya)
641302,2024-10-27 00:48:15,2.2,203.51294687778915,9.89,0.929984630392271,Ege Denizi - [09.45 km] Bodrum (Muğla)
641303,2024-10-27 00:36:13,2.1,469.300414895588,16.26,0.9276145470286778,Gülnar (Mersin)
641304,2024-10-27 00:29:10,1.2,169.4786227989464,7.0,1.0858392105633607,Marmaris (Muğla)
641305,2024-10-27 00:58:40,2.0,109.17447226742436,7.0,4.698920166339092,Bigadiç (Balıkesir)
641306,2024-10-27 01:05:33,1.7,235.4386287714094,7.58,1.0159886444880897,Döşemealtı (Antalya)
641307,2024-10-27 00:59:58,1.5,108.76513696892506,7.03,1.2388498425438546,Bigadiç (Balıkesir)
641308,2024-10-27 01:02:31,2.1,113.08258613709248,7.0,3.746138370342645,Bigadiç (Balıkesir)
641309,2024-10-27 01:21:03,1.2,109.036446929516,7.0,1.156283017618968,Bigadiç (Balıkesir)
641310,2024-10-27 01:10:00,0.9,116.14877498976895,7.0,1.0915627440268385,Bigadiç (Balıkesir)
641311,2024-10-27 01:07:06,1.1,111.2332202206074,7.0,1.0680008344632372,Bigadiç (Balıkesir)
641312,2024-10-27 01:20:30,1.3,204.9257124643054,7.0,0.9793565310025487,Ege Denizi - [07.00 km] Bodrum (Muğla)
641315,2024-10-27 02:08:17,2.8,107.45941086407927,12.63,27.858663584730014,Bigadiç (Balıkesir)
641317,2024-10-27 01:34:25,1.6,137.53892634631762,13.0,1.5840637457195696,Menteşe (Muğla)
641318,2024-10-27 01:35:47,1.5,137.4950151961547,9.64,1.126047748956182,Menteşe (Muğla)
641320,2024-10-27 02:56:35,1.4,109.39255747794734,6.99,1.3673039518668744,Bigadiç (Balıkesir)
641323,2024-10-27 03:48:41,1.2,110.64530761388019,7.01,1.0644167490015615,Bigadiç (Balıkesir)
641325,2024-10-27 04:12:23,2.6,108.29746589616077,4.95,14.583163011147935,Bigadiç (Balıkesir)
641326,2024-10-27 04:21:12,2.0,106.65719367452047,4.51,2.927875045151477,Sındırgı (Balıkesir)
641327,2024-10-27 04:31:36,1.4,108.99492202557688,6.5,1.6351042534530436,Bigadiç (Balıkesir)
641328,2024-10-27 04:35:03,1.8,109.43003662489494,7.08,3.2931284658858098,Bigadiç (Balıkesir)
641329,2024-10-27 04:36:35,2.1,109.79382646537942,11.38,4.730577521770053,Bigadiç (Balıkesir)
641330,2024-10-27 04:43:02,1.9,106.74433959887061,7.36,3.885918092300382,Sındırgı (Balıkesir)
641331,2024-10-27 05:13:35,2.0,107.68446521308414,8.04,5.774668274717368,Bigadiç (Balıkesir)
641334,2024-10-27 06:41:19,1.7,108.96059466477534,5.34,2.7476861371180608,Bigadiç (Balıkesir)
641335,2024-10-27 06:54:28,1.9,435.4634291139736,6.97,1.0102981934824,Eskipazar (Karabük)
641336,2024-10-27 06:37:16,1.4,137.50413387172026,16.48,1.4379951328015599,Yeşilova (Burdur)
641338,2024-10-27 07:18:06,1.4,107.77546964753105,5.86,1.3985000719281249,Bigadiç (Balıkesir)
641339,2024-10-27 07:05:18,1.3,197.22214441210267,7.01,1.1212269012505207,Eğirdir Gölü - [05.34 km] Senirkent (Isparta)
641340,2024-10-27 07:13:40,1.7,436.02150478404087,7.0,0.9700709102694908,Eskipazar (Karabük)
641342,2024-10-27 08:17:32,1.4,470.0149080181287,5.26,1.0312973141762014,Gülnar (Mersin)
641344,2024-10-27 08:42:14,2.3,108.0961437945163,6.99,11.249633205421711,Bigadiç (Balıkesir)
641345,2024-10-27 08:43:14,1.6,110.17490554312404,6.99,0.32603922150115405,Bigadiç (Balıkesir)
641346,2024-10-27 08:56:06,3.5,108.16895928122038,12.58,139.57449335418312,Bigadiç (Balıkesir)
641348,2024-10-27 09:18:36,2.4,108.43426507766247,7.01,14.885100721855034,Bigadiç (Balıkesir)
641350,2024-10-27 09:02:58,1.5,105.87568883284693,8.04,1.8674965585358776,Sındırgı (Balıkesir)
641351,2024-10-27 09:08:50,1.3,108.30985743893564,12.06,1.8204458019356091,Bigadiç (Balıkesir)
641352,2024-10-27 09:23:21,1.7,106.30309574631461,9.75,3.412068522660997,Sındırgı (Balıkesir)
641357,2024-10-27 09:39:59,1.3,108.5666152842803,7.0,1.6345879491299111,Bigadiç (Balıkesir)
641358,2024-10-27 10:49:55,1.6,421.09592266178515,6.96,0.892912659181943,Çubuk (Ankara)
641359,2024-10-27 10:39:47,1.3,110.0609658444623,11.51,2.4105339738783296,Bigadiç (Balıkesir)
641360,2024-10-27 10:45:37,1.1,472.45607978847806,8.35,0.7797388556862885,Mut (Mersin)
641363,2024-10-27 11:29:04,2.2,177.2717491800189,11.39,3.740154134412014,Urla (İzmir)
641365,2024-10-27 12:06:42,1.0,431.69625884138577,8.44,1.0391565890297212,Bahşili (Kırıkkale)
641366,2024-10-27 12:05:31,2.0,384.53465280962445,8.88,0.9810444729029835,Akdeniz - [166.27 km] Datça (Muğla)
641368,2024-10-27 13:17:48,1.3,107.38181181175791,7.12,1.2786488269398315,Bigadiç (Balıkesir)
641374,2024-10-27 14:56:01,4.3,220.60416453839574,9.02,66.8120253118518,Ege Denizi - [10.27 km] Ayvacık (Çanakkale)
641375,2024-10-27 15:02:03,1.6,222.8252827393827,6.98,0.9145384329466714,Ege Denizi - [11.44 km] Ayvacık (Çanakkale)
641376,2024-10-27 15:03:46,1.5,222.4953383948,6.97,1.0299474018651842,"Ege Denizi, Midilli Adası (Lesvos) - [13.81 km] Ayvacık (Çanakkale)"
641377,2024-10-27 15:09:26,2.0,223.52210382337648,7.0,1.0226601056516091,"Ege Denizi, Midilli Adası (Lesvos) - [14.63 km] Ayvacık (Çanakkale)"
641378,2024-10-27 15:13:34,1.4,221.26659910556504,6.83,0.952269783046988,Ege Denizi - [12.87 km] Ayvacık (Çanakkale)
641381,2024-10-27 15:16:40,1.4,221.01627028409627,7.23,1.0719239307464494,Ege Denizi - [11.74 km] Ayvacık (Çanakkale)
641384,2024-10-27 15:49:16,1.6,432.35469010972014,6.99,1.0245039681511128,Bahşili (Kırıkkale)
641389,2024-10-27 17:00:26,2.0,220.63817312895264,7.19,1.1598656129948814,"Ege Denizi, Midilli Adası (Lesvos) - [14.55 km] Ayvacık (Çanakkale)"
641390,2024-10-27 17:26:51,1.7,205.51975354128896,7.72,1.050910066484728,Ege Denizi - [07.34 km] Bodrum (Muğla)
641397,2024-10-27 17:42:11,1.3,170.66061033160494,6.96,0.9509827941056354,Ege Denizi - İzmir Körfezi - [08.70 km] Karaburun (İzmir)
641398,2024-10-27 17:39:11,1.6,224.22238165665843,6.98,1.084038997899445,Ege Denizi - [11.08 km] Ayvacık (Çanakkale)
641402,2024-10-27 17:50:50,1.6,375.1715859925413,10.08,1.3867921835299843,Merkez (Bolu)
641408,2024-10-27 18:59:43,1.2,77.30886745861272,7.95,5.750035792505572,Simav (Kütahya)
641409,2024-10-27 18:52:07,1.5,221.70960273630996,7.05,1.0324985407486422,Ege Denizi - [10.40 km] Ayvacık (Çanakkale)
641410,2024-10-27 18:54:13,1.5,219.55147136328972,7.23,1.1206053723182656,"Ege Denizi, Midilli Adası (Lesvos) - [14.74 km] Ayvacık (Çanakkale)"
641411,2024-10-27 19:01:33,1.5,219.25515881371112,7.02,0.8608801417346976,Ege Denizi - [11.37 km] Ayvacık (Çanakkale)
641412,2024-10-27 19:05:32,1.1,220.55591876053165,7.05,4.212426402332774,Ege Denizi - [09.03 km] Ayvacık (Çanakkale)
641413,2024-10-27 19:41:01,1.5,220.95559711611622,7.03,0.9722631107155962,Ege Denizi - [12.03 km] Ayvacık (Çanakkale)
641415,2024-10-27 20:09:46,0.8,101.2514848891165,6.95,2.9323131669114497,Emet (Kütahya)
641416,2024-10-27 19:52:02,1.1,137.1811294767717,7.01,1.1422474010968753,Bergama (İzmir)
641417,2024-10-27 19:54:20,1.8,221.4166962587606,6.75,1.2602864817585833,Ege Denizi - [10.13 km] Ayvacık (Çanakkale)
641418,2024-10-27 20:15:36,1.2,220.05501684494632,7.05,0.38720161494328037,Ege Denizi - [12.49 km] Ayvacık (Çanakkale)
641419,2024-10-27 20:21:37,1.5,221.49150830000303,6.97,0.9213219442628595,Ege Denizi - [13.57 km] Ayvacık (Çanakkale)
641420,2024-10-27 20:36:05,1.4,220.63935201307478,7.06,0.9467538950153008,"Ege Denizi, Midilli Adası (Lesvos) - [14.50 km] Ayvacık (Çanakkale)"
641421,2024-10-27 20:38:31,2.1,101.19834033612656,6.88,9.576011298795908,Pamukkale (Denizli)
641422,2024-10-27 20:36:35,1.3,100.49137379451902,7.06,2.113394568871401,Pamukkale (Denizli)
641426,2024-10-27 20:51:27,1.5,220.32864436017323,6.9,1.1105254987789077,"Ege Denizi, Midilli Adası (Lesvos) - [13.81 km] Ayvacık (Çanakkale)"
641430,2024-10-27 21:18:27,2.8,289.191588171817,7.08,2.039610684753189,Ege Denizi - [68.44 km] Datça (Muğla)
641431,2024-10-27 21:26:02,2.4,222.12473166877044,11.38,1.9604242837467478,"Ege Denizi, Midilli Adası (Lesvos) - [15.13 km] Ayvacık (Çanakkale)"
641432,2024-10-27 21:17:02,2.1,299.5722060753182,6.64,1.172376805019192,Ege Denizi - [79.84 km] Datça (Muğla)
641435,2024-10-27 21:34:00,1.5,218.9325145555783,7.08,1.0181031846138897,"Ege Denizi, Midilli Adası (Lesvos) - [14.27 km] Ayvacık (Çanakkale)"
641438,2024-10-27 22:54:33,1.6,179.4928681414349,10.89,2.3714898421629558,Şuhut (Afyonkarahisar)
641440,2024-10-28 01:19:08,3.4,433.28969040185524,7.0,1.7049622260755417,Bahşili (Kırıkkale)
641441,2024-10-27 23:02:56,0.9,111.51610958996247,7.0,1.2230183318494723,Honaz (Denizli)
641443,2024-10-27 23:56:27,1.4,284.19105134313617,8.19,1.0163019611991935,Akdeniz - [52.57 km] Kaş (Antalya)
641444,2024-10-27 23:52:02,1.5,220.81413862533051,6.76,0.9960415385983128,"Ege Denizi, Midilli Adası (Lesvos) - [15.76 km] Ayvacık (Çanakkale)"
641447,2024-10-28 00:01:10,1.1,157.48709217137167,7.01,1.0624715610912623,Milas (Muğla)
641448,2024-10-28 00:11:52,1.6,303.02161214467566,17.24,0.9636938145193491,Akdeniz - [92.20 km] Kaş (Antalya)
641451,2024-10-28 00:58:33,1.3,236.99670988547558,13.18,1.1234058574600239,Ayvacık (Çanakkale)
641453,2024-10-28 01:23:08,1.2,221.42610113999103,6.68,1.042661537584885,Ege Denizi - [07.30 km] Ayvacık (Çanakkale)
641455,2024-10-28 04:00:48,0.8,8.388477965205471,10.4,41.74280736973859,Kula (Manisa)
641457,2024-10-28 03:37:17,1.4,167.73499836330015,6.96,1.1369239536436022,Ula (Muğla)
641460,2024-10-28 03:12:12,1.4,135.91186521333913,7.36,1.2545221984171804,Menteşe (Muğla)
641468,2024-10-28 02:08:16,2.2,110.64845668564223,8.93,23.826919320102892,Bigadiç (Balıkesir)
641475,2024-10-28 05:18:23,1.6,243.86996746429116,7.28,1.6141237681517573,Ege Denizi - [35.74 km] Datça (Muğla)
641476,2024-10-28 05:45:28,1.3,122.93224519980063,6.99,1.3521689365708456,Altıntaş (Kütahya)
641486,2024-10-28 07:26:09,1.0,179.6426897598104,7.0,1.0475550187484308,Merkez (Kütahya)
641487,2024-10-28 07:17:28,0.9,203.83696666382457,7.0,0.9844603179020343,Akdeniz - Fethiye Körfezi - [07.29 km] Fethiye (Muğla)
641488,2024-10-28 07:37:34,1.0,433.4579572022265,7.0,0.9306868355687635,Bahşili (Kırıkkale)
641489,2024-10-28 07:49:23,1.1,221.33716955579072,7.0,1.0324703781371842,Ege Denizi - [12.05 km] Ayvacık (Çanakkale)
641490,2024-10-28 07:36:08,1.9,190.91919809274347,6.96,1.331768496836874,Gönen (Balıkesir)
641491,2024-10-28 07:50:24,1.6,159.6819907725189,11.29,1.5058303220143479,Orhaneli (Bursa)
641496,2024-10-28 08:15:57,1.3,215.34479228266002,7.0,0.9680668699334705,Marmara Denizi - Gemlik Körfezi - [04.59 km] Mudanya (Bursa)
641497,2024-10-28 08:28:18,1.0,211.83820601930395,6.92,1.0983944890399742,Marmara Denizi - [05.89 km] Mudanya (Bursa)
641501,2024-10-28 09:01:19,1.3,197.14388122977869,7.0,1.0682863404027614,İnönü (Eskişehir)
641502,2024-10-28 09:19:20,1.5,157.7617266162166,7.06,1.8389930708893842,Orhaneli (Bursa)
641506,2024-10-28 09:58:07,1.6,98.42903307597706,6.09,2.412049549816631,Honaz (Denizli)
641507,2024-10-28 10:15:34,1.5,157.33456957042864,7.18,1.5750432293138614,Orhaneli (Bursa)
641510,2024-10-28 11:33:32,2.2,469.7590162029746,6.87,0.9050952011157788,Gülnar (Mersin)
641511,2024-10-28 11:45:20,2.3,230.27239987169216,10.44,1.2261128788628324,Gemlik (Bursa)
641516,2024-10-28 14:02:23,2.7,165.87209199779258,3.01,3.7558513486240512,Köyceğiz (Muğla)
641523,2024-10-28 16:39:33,1.3,154.06583503391735,7.0,0.9403370190227575,Ege Denizi - Kuşadası Körfezi - [16.57 km] Menderes (İzmir)
641524,2024-10-28 16:47:45,1.5,158.9811577292318,7.0,0.7504347282457307,Ege Denizi - [17.66 km] Seferihisar (İzmir)
641528,2024-10-28 17:45:25,1.4,187.7503938713426,7.0,0.739099814029868,Gönen (Balıkesir)
641536,2024-10-28 19:46:37,1.6,218.18749714329726,7.03,1.0903483053174108,Ege Denizi - [10.03 km] Ayvacık (Çanakkale)
641537,2024-10-28 20:04:47,2.0,45.35733963188262,8.83,5.199831096241166,Salihli (Manisa)
641538,2024-10-28 20:55:15,3.4,467.813646175294,7.0,1.1688113730861058,Gülnar (Mersin)
641541,2024-10-28 21:32:35,1.4,145.12398287796466,7.0,1.0927590611601181,Yatağan (Muğla)
641544,2024-10-28 22:36:49,1.6,72.33988407367653,11.38,7.112895016581,Akhisar (Manisa)
641545,2024-10-29 00:12:15,2.3,221.4498640595764,7.0,0.8656223577760566,Gelendost (Isparta)
641546,2024-10-29 03:17:16,2.3,434.5022447217753,10.37,0.9310382598819743,Bahşili (Kırıkkale)
641551,2024-10-29 04:34:36,1.8,469.27321415056747,14.93,0.9869303273987696,Gülnar (Mersin)
641553,2024-10-29 01:30:29,1.4,108.19404617014568,7.0,1.1640730602409433,Bigadiç (Balıkesir)
641555,2024-10-29 04:39:15,1.7,470.77685121601814,14.15,0.9892204803977275,Gülnar (Mersin)
641558,2024-10-29 06:50:23,2.4,222.85765366173237,7.0,2.254094035287208,Bucak (Burdur)
641559,2024-10-29 06:57:25,1.5,223.32578506499303,7.0,0.9474118394718495,Ege Denizi - [08.02 km] Ayvacık (Çanakkale)
641561,2024-10-29 07:16:43,1.7,107.78730979401952,6.99,3.215672681332437,Sındırgı (Balıkesir)
641562,2024-10-29 07:41:42,1.8,131.51136446539195,6.32,2.1819444181854624,Ege Denizi - Kuşadası Körfezi - [06.03 km] Selçuk (İzmir)
641564,2024-10-29 08:06:27,1.6,220.92915683987368,7.0,1.0598978797135157,Ege Denizi - [11.39 km] Ayvacık (Çanakkale)
641565,2024-10-29 08:40:34,2.2,223.84860916647017,9.66,1.107746722213006,"Ege Denizi, Midilli Adası (Lesvos) - [15.20 km] Ayvacık (Çanakkale)"
641568,2024-10-29 09:04:28,1.8,238.77171380671734,5.11,1.1658216226988345,Biga (Çanakkale)
641569,2024-10-29 09:43:08,1.2,46.516510807605755,7.0,5.216934603904756,Eşme (Uşak)
641571,2024-10-29 10:04:24,1.8,155.87669488381755,8.33,1.5298454290813472,Orhaneli (Bursa)
641572,2024-10-29 11:42:43,0.7,10.165914539863184,7.01,38.94390276904162,Alaşehir (Manisa)
641573,2024-10-29 12:28:17,1.5,121.9269582842915,6.99,2.0241118586475864,Altıeylül (Balıkesir)
641575,2024-10-29 13:26:23,1.4,192.9250697031176,6.82,1.0123523065382607,Seydikemer (Muğla)
641578,2024-10-29 14:38:22,1.4,154.9781182261676,7.0,1.164969842195479,Ege Denizi - Kuşadası Körfezi - [21.35 km] Kuşadası (Aydın)
641579,2024-10-29 14:56:25,1.5,171.08137348997602,6.86,0.4455415733420596,Ayvalık (Balıkesir)
641580,2024-10-29 14:33:53,2.5,385.293187652014,17.43,1.7014145731028354,Akdeniz - [95.61 km] Kumluca (Antalya)
641582,2024-10-29 15:10:35,1.8,187.8197958180475,11.0,1.1180974493365854,Ege Denizi - [19.68 km] Karaburun (İzmir)
641584,2024-10-29 15:47:38,2.1,183.24769099282923,7.04,1.1717803114169296,Akdeniz - [12.13 km] Köyceğiz (Muğla)
641586,2024-10-29 16:09:51,1.6,220.64241335060078,7.0,1.01636773107375,Ege Denizi - [11.46 km] Ayvacık (Çanakkale)
641589,2024-10-29 17:01:26,1.6,39.660434455656166,7.0,11.276119420619764,Kiraz (İzmir)
641590,2024-10-29 17:24:31,1.8,39.16779892704647,6.99,11.254430094477769,Kiraz (İzmir)
641591,2024-10-29 17:24:08,2.1,201.97461733740792,8.97,11.252908753741087,Gönen (Balıkesir)
641597,2024-10-29 19:25:01,1.3,158.5698283656606,8.76,1.1143096566186088,Mustafakemalpaşa (Bursa)
641599,2024-10-29 19:29:29,2.1,312.100708538793,11.16,0.9649138802031262,Ege Denizi - [07.32 km] Gökçeada (Çanakkale)
641600,2024-10-29 19:57:32,1.3,158.5092435966847,7.03,1.064356712739624,Ula (Muğla)
641604,2024-10-29 20:31:24,1.2,117.57253937906559,4.1,1.2623141283137391,Koçarlı (Aydın)
641605,2024-10-29 20:48:47,1.3,210.21490962978618,7.0,1.0338757018351916,Datça (Muğla)
641609,2024-10-29 21:10:10,1.6,264.5324414765514,97.44,1.0648527820989075,Serik (Antalya)
641610,2024-10-29 21:00:22,1.4,213.92270087073823,6.96,0.786738434283996,Ege Denizi - [11.85 km] Ayvacık (Çanakkale)
641612,2024-10-29 21:31:34,1.7,219.6590825403146,9.9,1.0825192682980316,Ege Denizi - [13.25 km] Ayvacık (Çanakkale)
641620,2024-10-29 22:40:53,1.3,443.60404924185906,10.62,1.0768965598016516,Çerkeş (Çankırı)
641623,2024-10-29 23:03:57,1.8,137.6493341349987,11.01,1.5232324452715411,Kızılören (Afyonkarahisar)
641627,2024-10-30 01:16:29,2.9,230.79710462359486,13.16,2.0378761793424287,Ege Denizi - [18.58 km] Ayvacık (Çanakkale)
641634,2024-10-30 02:08:55,1.8,215.31587483999294,8.84,1.10087376974288,Marmara Denizi - Gemlik Körfezi - [04.50 km] Mudanya (Bursa)
641636,2024-10-30 02:43:09,1.4,221.2929016434603,7.04,1.024187392063793,Ege Denizi - [10.44 km] Ayvacık (Çanakkale)
641637,2024-10-30 02:50:06,1.5,221.77786826227344,5.03,0.9283976941056233,Ege Denizi - [11.67 km] Ayvacık (Çanakkale)
641640,2024-10-30 03:44:46,2.0,101.4112143062734,11.45,3.648443025304641,Pamukkale (Denizli)
641641,2024-10-30 03:45:38,1.7,99.1891700839115,5.6,0.5657829527132087,Pamukkale (Denizli)
641642,2024-10-30 03:47:11,1.9,100.27441911767788,9.16,1.8351126694009894,Pamukkale (Denizli)
641644,2024-10-30 04:06:10,2.3,229.92675164640605,8.86,1.2194438486185066,Ege Denizi - [08.19 km] Ayvacık (Çanakkale)
641645,2024-10-30 04:03:46,2.2,301.2348733436333,6.35,1.161156371162825,Akyazı (Sakarya)
641647,2024-10-30 04:27:34,2.1,213.79218903650494,8.75,1.430588441677564,Marmara Denizi - Gemlik Körfezi - [02.71 km] Mudanya (Bursa)
641649,2024-10-30 05:12:46,1.4,220.4209954992833,7.02,0.8381508816544723,Ege Denizi - [10.14 km] Ayvacık (Çanakkale)
641652,2024-10-30 06:03:03,3.3,148.2059356974064,7.03,3.7319213397834843,Ula (Muğla)
641653,2024-10-30 06:03:57,2.0,158.72934075393255,7.0,0.19838323982212847,Köyceğiz (Muğla)
641654,2024-10-30 06:35:05,1.1,432.35610411931447,6.98,1.080355972224567,Bahşili (Kırıkkale)
641655,2024-10-30 06:59:20,1.3,66.42347825089185,7.0,1.5901136338809965,Sarayköy (Denizli)
641657,2024-10-30 07:01:49,2.7,393.3786502893365,8.17,1.0642458042146286,Akdeniz - [103.76 km] Gazipaşa (Antalya)
641658,2024-10-30 07:10:28,1.0,119.84609644116358,7.0,0.9953617215945689,Tavas (Denizli)
641660,2024-10-30 07:40:43,2.1,311.93767051952494,6.22,1.2088935392258713,Akdeniz - [96.96 km] Kaş (Antalya)
641661,2024-10-30 07:53:18,1.0,100.92463644501008,7.0,1.3067428809889687,Pamukkale (Denizli)
641662,2024-10-30 08:21:33,2.6,99.3719159373995,7.01,11.911002980625508,Pamukkale (Denizli)
641664,2024-10-30 08:49:06,1.4,220.50086473478748,7.47,1.211130991600471,"Ege Denizi, Midilli Adası (Lesvos) - [14.53 km] Ayvacık (Çanakkale)"
641668,2024-10-30 09:42:01,1.1,362.8060496879867,7.0,1.334945843333241,Selçuklu (Konya)
641669,2024-10-30 10:01:21,1.6,145.44406346704744,7.0,1.389765642260411,Orhaneli (Bursa)
641672,2024-10-30 10:18:18,1.1,301.11716996923366,6.97,0.8282764121523262,Akyazı (Sakarya)
641674,2024-10-30 10:33:53,1.7,158.7517170822803,7.0,1.694036502232514,Orhaneli (Bursa)
641675,2024-10-30 00:00:10,1.2,220.39302903352117,7.0,0.8589087654873162,Ege Denizi - [12.59 km] Ayvacık (Çanakkale)
641676,2024-10-30 10:38:42,1.6,101.14999765133292,15.48,2.2225824935150786,Pamukkale (Denizli)
641678,2024-10-30 10:45:33,1.0,250.89806105614176,7.0,1.358339059090516,Ege Denizi - [11.19 km] Ayvacık (Çanakkale)
641679,2024-10-30 10:56:27,0.7,251.27618460457757,7.0,0.2929200482569741,Ezine (Çanakkale)
641680,2024-10-30 11:03:36,1.2,289.51014385835975,7.0,0.993662181833262,Ilgın (Konya)
641681,2024-10-30 10:56:40,1.3,220.49286676810502,7.0,0.3828048191854005,Ege Denizi - [12.52 km] Ayvacık (Çanakkale)
641682,2024-10-30 10:53:29,1.2,342.09673248659374,7.0,1.385641376318759,Sarayönü (Konya)
641688,2024-10-30 11:59:52,2.3,406.1052963080665,6.83,1.3140793088296627,Ayion Oros (Yunanistan) - [114.14 km] Gökçeada (Çanakkale)
641691,2024-10-30 12:17:37,1.8,251.66461082646836,11.1,0.8379191988160369,Ezine (Çanakkale)
641693,2024-10-30 12:33:19,0.8,412.6986958162739,7.0,1.1933706431695903,Lalapaşa (Edirne)
641694,2024-10-30 12:57:46,2.3,252.24116896832018,7.04,1.4268386795344385,Akdeniz - [45.95 km] Marmaris (Muğla)
641696,2024-10-30 13:08:58,0.8,30.242921721754,5.41,3.3663185205869373,Sarıgöl (Manisa)
641697,2024-10-30 13:43:39,2.1,233.7024270876141,7.0,1.1994126988340188,"Ege Denizi, Midilli Adası (Lesvos) - [32.50 km] Ayvacık (Çanakkale)"
641698,2024-10-30 13:44:12,1.7,221.3689228563083,7.0,0.9321256988909395,Ege Denizi - [09.95 km] Ayvacık (Çanakkale)
641699,2024-10-30 13:49:57,0.8,364.584646948361,7.0,1.119896975371114,Pınarhisar (Kırklareli)
641701,2024-10-30 15:05:36,1.8,113.96704666840387,7.0,2.050269894160847,Bigadiç (Balıkesir)
641711,2024-10-30 18:18:21,1.2,113.70920722629154,8.95,1.1625114456751728,Bozkurt (Denizli)
641716,2024-10-30 20:14:43,1.5,268.11031268830226,7.0,1.0526826200831556,Marmara Denizi - [08.16 km] Şarköy (Tekirdağ)
641718,2024-10-30 20:51:56,1.4,71.7726490842388,7.0,1.3955946310643046,Saruhanlı (Manisa)
641723,2024-10-30 21:56:24,1.5,131.85360275622205,7.0,1.064194146111127,Menderes (İzmir)
641729,2024-10-30 23:11:42,1.6,255.58125619954845,7.06,1.0460973215580012,Akdeniz - [58.46 km] Fethiye (Muğla)
641736,2024-10-31 00:21:07,2.4,170.4954818881989,7.0,1.613563435885403,Ege Denizi - [23.86 km] Seferihisar (İzmir)
641737,2024-10-31 00:15:56,1.5,179.90050728890287,6.96,0.9112358941787738,Ege Denizi - [08.87 km] Karaburun (İzmir)
641740,2024-10-31 00:30:24,1.6,163.5639664994342,7.0,1.0033356025513025,Ege Denizi - [10.84 km] Söke (Aydın)
641741,2024-10-31 00:36:32,1.1,80.82484389529803,7.0,1.1164595818456413,Babadağ (Denizli)
641744,2024-10-31 01:03:50,1.3,272.1931514011259,7.0,0.9955936191640251,Marmara Denizi - [08.22 km] Süleymanpaşa (Tekirdağ)
641745,2024-10-31 01:01:00,1.4,104.89485219826511,7.0,1.2704338993087463,Hisarcık (Kütahya)
641749,2024-10-31 02:35:32,1.4,119.34844447695627,7.0,1.2187090429968188,Banaz (Uşak)
641750,2024-10-31 02:46:08,1.7,179.1299796559455,12.0,1.0521666229238618,"Ege Denizi, Sisam Adası (Samos) - [31.73 km] Söke (Aydın)"
641752,2024-10-31 03:26:15,0.9,117.61190931751227,6.85,0.9577506507634761,Banaz (Uşak)
641754,2024-10-31 03:48:24,1.4,431.2508225090885,7.01,0.9687343674440521,Bahşili (Kırıkkale)
641756,2024-10-31 04:45:11,0.9,431.77669800341926,7.0,1.0585056966724076,Bahşili (Kırıkkale)
641761,2024-10-31 06:53:21,1.7,153.64357475411748,7.0,1.0857354348448376,Ege Denizi - İzmir Körfezi - [10.27 km] Urla (İzmir)
641763,2024-10-31 07:41:47,1.5,187.97572155703816,7.0,0.8539571067785248,Çameli (Denizli)
641764,2024-10-31 08:15:03,1.1,146.3477251950337,7.01,1.164550463627848,Tavşanlı (Kütahya)
641765,2024-10-31 08:28:40,1.4,221.4122568971955,7.96,1.1559159971961372,Ege Denizi - [13.62 km] Ayvacık (Çanakkale)
641766,2024-10-31 08:46:06,1.9,110.3523407408673,7.0,0.8765819141461632,Soma (Manisa)
641767,2024-10-31 09:12:58,1.1,50.10211443839025,7.0,3.563721624054547,Ulubey (Uşak)
641769,2024-10-31 08:53:21,2.0,199.66473772096137,7.0,1.0536073040857392,İnönü (Eskişehir)
641773,2024-10-31 10:27:51,1.8,457.84380125683197,7.12,1.0612585151235905,Karadeniz
641775,2024-10-31 08:52:21,1.3,124.85058469102196,13.44,0.8820487993121331,Söke (Aydın)
641776,2024-10-31 11:10:59,0.9,85.86730024845075,7.0,0.8202144902353202,Merkezefendi (Denizli)
641778,2024-10-31 11:24:01,1.7,66.46927107289207,7.0,2.7924956357694586,Sarayköy (Denizli)
641781,2024-10-31 11:15:23,1.1,116.12411638818507,7.0,0.993022831929726,Emet (Kütahya)
641782,2024-10-31 11:16:08,1.4,119.08088661402459,6.19,0.9364594825440308,Emet (Kütahya)
641786,2024-10-31 14:25:31,1.0,54.50043691867858,7.0,2.0386807774739206,Ulubey (Uşak)
641792,2024-10-31 14:48:10,1.4,159.20775263654383,7.0,0.992925176631298,Orhaneli (Bursa)
641793,2024-10-31 15:55:23,2.4,161.75005901185577,7.5,1.1265238312338475,Ula (Muğla)
641799,2024-10-31 17:59:08,1.8,119.96616437764789,8.0,1.168091850492279,Altıeylül (Balıkesir)
641800,2024-10-31 17:52:52,1.3,108.76661022205475,7.06,0.924218423680231,Hisarcık (Kütahya)
641804,2024-10-31 19:20:02,1.4,159.52616718193474,7.0,1.0888930555544798,Ula (Muğla)
641806,2024-10-31 19:43:17,2.4,331.7178154069049,6.94,1.0467798712298297,Beypazarı (Ankara)
641809,2024-10-31 21:12:57,1.1,60.418166978984026,7.0,1.1405381469656888,Güney (Denizli)
641811,2024-10-31 23:23:50,3.8,464.44541024098385,4.63,1.6081822632582756,Ege Denizi
641812,2024-10-31 23:16:29,1.8,210.17213526779713,7.02,1.0534902346342414,"Ege Denizi, İstanköy Adası (Kos) - [11.46 km] Bodrum (Muğla)"
641813,2024-10-31 23:16:56,1.6,211.18284014179815,6.27,0.9231224729312548,"Ege Denizi, İstanköy Adası (Kos) - [08.73 km] Bodrum (Muğla)"
641822,2024-11-01 03:52:43,1.5,92.94596772295382,7.0,1.0957236913083497,Çal (Denizli)
641829,2024-11-01 04:52:53,1.7,300.0612194927515,7.26,1.0729641284841474,Ege Denizi - [88.99 km] Datça (Muğla)
641830,2024-11-01 04:58:10,0.9,108.10746530911962,7.0,0.9880183769807609,Sındırgı (Balıkesir)
641831,2024-11-01 05:09:22,1.8,293.5179312213389,6.79,0.9907246490533625,Akdeniz - [50.23 km] Kaş (Antalya)
641833,2024-11-01 05:47:05,2.2,212.66703946365882,7.05,1.090879298767186,"Ege Denizi, İstanköy Adası (Kos) - [12.50 km] Bodrum (Muğla)"
641835,2024-11-01 05:20:08,1.3,82.18965493437092,12.59,1.6321971359100642,Sındırgı (Balıkesir)
641837,2024-11-01 06:41:43,1.5,222.0940830871683,7.0,1.1044152497520525,Çay (Afyonkarahisar)
641838,2024-11-01 06:40:47,1.4,163.86483437673368,6.82,0.9888897928324317,Mustafakemalpaşa (Bursa)
641839,2024-11-01 07:13:37,1.9,212.47630079886954,6.95,1.1201955803759662,"Ege Denizi, İstanköy Adası (Kos) - [10.23 km] Bodrum (Muğla)"
641840,2024-11-01 07:12:48,1.8,213.14960302159417,7.0,1.0725142493579352,"Ege Denizi, İstanköy Adası (Kos) - [09.77 km] Bodrum (Muğla)"
641842,2024-11-01 06:16:10,1.1,169.38085852606102,8.8,0.8994468969216287,Uluborlu (Isparta)
641843,2024-11-01 08:01:30,1.6,220.06934660713137,6.13,0.9511866376115165,"Ege Denizi, İstanköy Adası (Kos) - [16.37 km] Bodrum (Muğla)"
641845,2024-11-01 08:06:51,1.8,160.9408436267919,7.0,1.4335542095529534,Orhaneli (Bursa)
641847,2024-11-01 07:53:04,1.5,220.26839933142645,7.0,0.9448765696407451,Ege Denizi - [13.19 km] Ayvacık (Çanakkale)
641848,2024-11-01 07:49:13,1.5,215.8891837209547,7.0,1.177585439609883,"Ege Denizi, İstanköy Adası (Kos) - [12.17 km] Bodrum (Muğla)"
641849,2024-11-01 07:38:04,1.1,223.1737346611509,6.58,0.9518681001474281,Merkez (Bilecik)
641851,2024-11-01 07:44:01,1.4,273.18548327771646,7.0,1.1641915803243903,Başiskele (Kocaeli)
641852,2024-11-01 07:39:14,1.8,208.65979065752703,7.09,1.0239833375943845,Ege Denizi - [12.94 km] Bodrum (Muğla)
641854,2024-11-01 08:31:22,1.0,110.24737111696021,7.0,1.1260641146284043,Soma (Manisa)
641860,2024-11-01 09:07:05,1.0,51.37114912172547,7.0,11.626790485881754,Eşme (Uşak)
641862,2024-11-01 09:40:18,1.1,165.70867343090998,7.0,0.325389656371388,Merkez (Kütahya)
641863,2024-11-01 10:00:11,1.9,248.52005598406987,6.66,3.227706094395036,Ege Denizi - [60.43 km] Ayvacık (Çanakkale)
641864,2024-11-01 10:09:55,1.7,151.64554333210688,7.06,3.1407497392713224,Mustafakemalpaşa (Bursa)
641865,2024-11-01 09:41:08,1.1,474.0241776874448,7.0,0.7413729508795116,Ulus (Bartın)
641868,2024-11-01 09:55:53,1.4,114.10551817580985,7.0,1.6179001622329552,Emet (Kütahya)
641869,2024-11-01 11:03:23,1.2,76.43724608721445,7.0,4.442544492523503,Saruhanlı (Manisa)
641870,2024-11-01 10:43:56,1.3,70.50353778346704,7.0,6.7072582777375205,Akhisar (Manisa)
641871,2024-11-01 11:08:44,0.9,381.77374328057374,7.0,1.037906777258427,Alaplı (Zonguldak)
641872,2024-11-01 10:45:19,1.9,70.75174834993001,6.98,27.304192673333446,Akhisar (Manisa)
641875,2024-11-01 11:36:44,1.3,251.7105448817925,7.0,0.9432786680155163,Marmara Denizi - [07.62 km] Marmara (Balıkesir)
641876,2024-11-01 11:38:27,3.5,71.76614962473369,10.1,414.51161498685525,Akhisar (Manisa)
641877,2024-11-01 11:39:52,2.1,48.558592222061215,7.21,0.6225452853918559,Demirci (Manisa)
641878,2024-11-01 11:41:58,1.9,69.97012914215006,6.99,11.41490777962274,Akhisar (Manisa)
641879,2024-11-01 11:43:08,2.5,70.08939541231541,7.0,4.586398305446849,Akhisar (Manisa)
641880,2024-11-01 11:46:38,1.6,70.59621521119064,7.0,12.095038420695044,Akhisar (Manisa)
641881,2024-11-01 11:43:38,1.8,68.638194452069,7.0,0.40384192342473973,Akhisar (Manisa)
641882,2024-11-01 11:47:20,1.4,70.37838242894647,7.0,0.9280915575924039,Akhisar (Manisa)
641884,2024-11-01 11:48:41,1.7,70.11842418836974,7.02,12.17103664082186,Akhisar (Manisa)
641885,2024-11-01 12:03:17,1.7,70.83662824283788,7.01,18.52874163445637,Akhisar (Manisa)
641886,2024-11-01 11:49:23,1.4,69.81242948418873,7.0,0.9260863565635568,Akhisar (Manisa)
641887,2024-11-01 11:50:09,1.4,69.85582826671354,7.01,1.1199544777695747,Akhisar (Manisa)
641888,2024-11-01 11:52:07,1.2,69.96174901290901,6.99,4.411500417437681,Akhisar (Manisa)
641889,2024-11-01 11:53:28,1.1,69.33349004658803,7.0,2.812419224743775,Akhisar (Manisa)
641890,2024-11-01 12:17:35,2.8,72.68093393225084,6.93,79.8074859564872,Akhisar (Manisa)
641891,2024-11-01 12:18:36,2.3,237.20976831007303,7.04,0.19069330066620507,"Ege Denizi, Midilli Adası (Lesvos) - [27.68 km] Ayvacık (Çanakkale)"
641892,2024-11-01 12:23:20,1.7,72.30256566422389,6.98,10.921604880312653,Akhisar (Manisa)
641894,2024-11-01 12:34:34,1.3,72.30296095624024,7.02,50.106553749030326,Akhisar (Manisa)
641895,2024-11-01 12:56:32,1.2,69.57279742462019,7.0,4.9143939441351225,Akhisar (Manisa)
641897,2024-11-01 12:46:59,0.9,70.7779938942716,7.0,0.6603746148275506,Akhisar (Manisa)
641898,2024-11-01 12:36:54,1.1,176.66546625162525,7.0,0.5611344081829055,Köyceğiz (Muğla)
641899,2024-11-01 12:48:28,0.9,70.88934210219263,7.0,2.491743060345488,Akhisar (Manisa)
641900,2024-11-01 12:54:54,1.0,70.80880233576441,7.0,2.655061440250213,Akhisar (Manisa)
641901,2024-11-01 13:15:20,1.0,70.62959325835624,7.0,1.7570288309847404,Akhisar (Manisa)
641902,2024-11-01 13:20:32,0.8,65.89157397988747,7.0,2.576594230024549,Akhisar (Manisa)
641903,2024-11-01 13:09:46,1.3,70.65441307699152,6.98,8.423780376675943,Akhisar (Manisa)
641904,2024-11-01 13:28:19,1.5,152.31174895928032,7.05,2.1408079866025163,Orhaneli (Bursa)
641905,2024-11-01 13:00:52,2.1,315.32483279223067,10.17,3.0922281076061093,Ege Denizi - [91.66 km] Datça (Muğla)
641906,2024-11-01 13:11:03,0.7,68.07176575608665,7.0,1.4212454766807274,Akhisar (Manisa)
641907,2024-11-01 13:01:31,0.9,67.8926962285096,7.0,3.751043862688046,Akhisar (Manisa)
641909,2024-11-01 13:30:51,1.6,72.52030660333949,7.0,8.813181415400322,Akhisar (Manisa)
641911,2024-11-01 13:54:20,0.8,65.46321724133128,8.16,3.369163502810588,Merkez (Uşak)
641915,2024-11-01 14:20:17,0.8,200.27480218980136,7.0,1.0504289638717883,Çay (Afyonkarahisar)
641918,2024-11-01 14:37:49,1.3,116.23845216912612,5.51,1.2586749420842496,Selçuk (İzmir)
641919,2024-11-01 14:46:06,3.9,300.12277853788004,38.05,24.43066965758101,Akdeniz - [55.18 km] Kaş (Antalya)
641920,2024-11-01 15:13:29,1.2,155.84029653616994,7.0,1.0904176936467356,Ege Denizi - Kuşadası Körfezi - [21.55 km] Kuşadası (Aydın)
641921,2024-11-01 15:14:40,1.4,118.56175589417575,7.03,1.7335255129742264,Bigadiç (Balıkesir)
641922,2024-11-01 15:31:16,1.1,100.60285766662032,8.43,2.105574384515913,Gediz (Kütahya)
641927,2024-11-01 16:28:59,1.3,69.16347363567155,9.59,4.513239486802846,Akhisar (Manisa)
641928,2024-11-01 16:30:35,1.5,70.77476771117703,7.0,7.011482339055756,Akhisar (Manisa)
641929,2024-11-01 17:09:34,1.2,169.7980389741811,7.0,0.9838060819621167,Ege Denizi - Gökova Körfezi - [02.85 km] Milas (Muğla)
641930,2024-11-01 17:15:07,1.2,269.4031111480853,15.74,0.9569153577405481,Akdeniz - [13.62 km] Kaş (Antalya)
641931,2024-11-01 17:28:25,1.8,121.11595331445251,6.24,2.216698691931247,Selçuk (İzmir)
641935,2024-11-01 18:28:30,0.7,435.57996141176824,6.92,1.014019286185343,Elmadağ (Ankara)
641936,2024-11-01 18:42:47,0.8,70.6868882808733,6.85,2.2631380346159706,Akhisar (Manisa)
641939,2024-11-01 18:54:05,1.4,431.76608794564123,7.0,1.0368498728213311,Bahşili (Kırıkkale)
641940,2024-11-01 18:52:44,1.3,220.59496560416028,6.98,0.9856396623991985,Ege Denizi - [09.27 km] Ayvacık (Çanakkale)
641941,2024-11-01 19:04:39,1.4,464.3593640409247,7.1,1.0978062362030625,Merkez (Aksaray)
641944,2024-11-01 19:41:08,1.1,270.43966675512814,39.3,1.0380153240615315,Akdeniz - [05.42 km] Kaş (Antalya)
641946,2024-11-01 19:51:43,1.4,70.62972247076364,7.0,11.43571620528558,Akhisar (Manisa)
641951,2024-11-01 20:46:45,1.1,353.9974884491842,7.11,0.9269419589672634,Selçuklu (Konya)
641952,2024-11-01 20:47:40,1.1,354.0108730375346,6.87,1.0288476257030876,Selçuklu (Konya)
641962,2024-11-02 01:20:43,0.9,102.37437001411436,6.95,0.7356180279846039,Efeler (Aydın)
641970,2024-11-02 01:56:58,1.4,176.79671065226324,6.97,1.9990024960593893,Orhaneli (Bursa)
641971,2024-11-02 02:00:15,1.4,71.45478924987171,5.33,10.044630528586382,Akhisar (Manisa)
641972,2024-11-02 02:09:34,1.3,69.66820238985558,8.62,8.254535774007632,Akhisar (Manisa)
641976,2024-11-02 02:58:21,2.0,71.85089402315617,5.9,7.78648653750054,Akhisar (Manisa)
641983,2024-11-01 23:30:22,2.1,365.68167873732375,13.88,1.0633283133025757,Merkez (Bolu)
641987,2024-11-02 00:31:43,1.4,118.60347849317297,6.11,1.5763081132090693,Buca (İzmir)
641988,2024-11-01 00:17:15,1.3,221.09946785596375,7.0,0.937858825622006,"Ege Denizi, Midilli Adası (Lesvos) - [19.80 km] Ayvacık (Çanakkale)"
641989,2024-11-02 04:11:20,3.3,174.44398435601187,13.72,30.716584570367168,Havran (Balıkesir)
641992,2024-11-02 04:26:44,1.7,76.1600826958713,11.41,7.37819168072604,Saruhanlı (Manisa)
641993,2024-11-02 04:24:58,1.7,217.848813277986,11.38,1.2571761936384511,Gelendost (Isparta)
641995,2024-11-02 04:41:18,1.6,213.99168772644933,7.0,1.025373217438336,Ege Denizi - [29.13 km] Çeşme (İzmir)
641996,2024-11-02 04:57:36,1.2,493.032950514736,7.0,0.9392671906003793,Mut (Mersin)
641997,2024-11-02 05:10:47,1.3,70.94895619196149,4.95,4.020147665715294,Akhisar (Manisa)
641998,2024-11-02 05:07:47,2.1,362.1129179010557,8.19,1.2808042774297252,Akdeniz - [71.08 km] Kumluca (Antalya)
642001,2024-11-02 05:44:07,1.2,166.43491747810373,7.0,0.9201697790104786,Köyceğiz (Muğla)
642005,2024-11-02 05:52:10,1.3,134.69846551506927,6.09,1.330577464978842,Menderes (İzmir)
642006,2024-11-02 06:41:00,1.9,346.7541788553134,7.25,13.119662326532652,Beypazarı (Ankara)
642011,2024-11-02 10:15:40,2.3,113.61551258108355,6.99,20.950409408794275,Gediz (Kütahya)
642013,2024-11-02 13:16:12,1.8,255.03116173146267,8.94,2.496594011568371,Ege Denizi - [14.05 km] Ayvacık (Çanakkale)
642014,2024-11-02 14:16:29,1.4,165.28258084166288,6.87,1.2828954704787432,Mustafakemalpaşa (Bursa)
642020,2024-11-02 15:26:27,1.2,70.60186909217057,8.22,3.786703833563179,Akhisar (Manisa)
642021,2024-11-02 15:40:41,1.0,194.84495382074186,6.92,1.028706235531608,Eğirdir Gölü - [02.48 km] Senirkent (Isparta)
642024,2024-11-02 16:04:25,1.4,130.78102166715075,3.99,0.974909960772089,Ege Denizi - Kuşadası Körfezi - [06.00 km] Selçuk (İzmir)
642025,2024-11-02 16:05:16,1.3,129.83991493687924,7.0,1.2429175811924325,Ege Denizi - Kuşadası Körfezi - [04.71 km] Selçuk (İzmir)
642026,2024-11-02 17:27:57,1.8,333.33344158766363,6.99,0.8867143639371142,Beypazarı (Ankara)
642027,2024-11-02 17:19:47,1.2,67.69060486409776,8.33,3.5714425720585887,Akhisar (Manisa)
642028,2024-11-02 17:27:08,1.3,130.9119360865978,7.93,1.205479806541709,Ege Denizi - Kuşadası Körfezi - [05.42 km] Selçuk (İzmir)
642029,2024-11-02 17:08:55,1.2,115.83644867416896,10.82,1.0673641319311125,Yunusemre (Manisa)
642030,2024-11-02 18:01:12,2.4,223.31146265442558,16.24,1.4224854620009972,Ege Denizi - [12.00 km] Ayvacık (Çanakkale)
642033,2024-11-02 18:47:03,1.0,412.01385817092046,6.93,0.8096611636341738,Şereflikoçhisar (Ankara)
642034,2024-11-02 17:53:50,1.7,116.81760813134424,7.08,2.337678070382787,Yunusemre (Manisa)
642035,2024-11-02 19:25:32,1.2,176.60900397427204,7.0,1.1234754911639868,Dalaman (Muğla)
642036,2024-11-02 19:18:48,0.9,71.41554347491686,7.0,2.113919260989106,Akhisar (Manisa)
642037,2024-11-02 17:50:34,1.4,71.49065238150726,6.02,3.3393390563535026,Akhisar (Manisa)
642038,2024-11-02 17:42:31,2.5,411.003239986184,34.39,2.3958157320505795,Akdeniz - [61.83 km] Gazipaşa (Antalya)
642039,2024-11-02 17:59:26,1.5,265.73619818444104,7.0,1.0124986162565934,Marmara Denizi - [18.23 km] Marmara (Balıkesir)
642042,2024-11-02 19:48:33,1.4,241.29533570545883,6.2,1.2464044205027354,Lapseki (Çanakkale)
642043,2024-11-02 19:43:11,0.8,296.5066437737585,7.0,1.026739504994265,Karapürçek (Sakarya)
642046,2024-11-02 20:21:16,1.0,245.74947627504548,6.93,1.0668105542687825,Ezine (Çanakkale)
642049,2024-11-02 20:38:09,1.5,224.23458455558932,9.63,0.98793615867658,Ege Denizi - [12.93 km] Ayvacık (Çanakkale)
642050,2024-11-02 20:43:20,1.4,92.01415292817457,6.46,5.699918839046406,Kırkağaç (Manisa)
642054,2024-11-02 21:08:30,1.5,175.19672986583802,16.87,1.00053178619049,Ege Denizi - [08.12 km] Didim (Aydın)
642055,2024-11-02 21:14:15,2.1,157.2297740509702,14.13,2.9082240036893583,Acıpayam (Denizli)
642059,2024-11-02 21:38:58,1.0,67.83819366976351,7.0,2.5069470231572653,Akhisar (Manisa)
642060,2024-11-02 22:07:20,2.0,100.38505853788615,11.19,14.524530958717397,Çal (Denizli)
642061,2024-11-02 22:16:49,1.1,221.11873620144974,7.04,1.0647297075963131,"Ege Denizi, Midilli Adası (Lesvos) - [14.49 km] Ayvacık (Çanakkale)"
642065,2024-11-02 22:41:18,0.9,410.14225072775787,4.87,1.0294086428582079,Şereflikoçhisar (Ankara)
642070,2024-11-02 23:23:24,1.5,229.06049010096905,23.77,1.0238222368097465,Bucak (Burdur)
642076,2024-11-02 23:43:28,1.4,269.3704966539151,96.21,1.132720431929684,Serik (Antalya)
642079,2024-11-03 00:04:15,1.6,246.22514483790317,7.0,1.0864979356877384,Biga (Çanakkale)
642080,2024-11-03 00:56:25,1.0,222.60772584869346,6.0,0.9193735760615711,Yalvaç (Isparta)
642083,2024-11-03 01:17:12,1.1,154.60517058095837,9.6,1.037395302889202,Ege Denizi - Kuşadası Körfezi - [20.61 km] Menderes (İzmir)
642087,2024-11-03 01:59:45,2.0,165.85755847340002,7.42,5.228761026787454,Merkez (Afyonkarahisar)
642092,2024-11-03 02:37:29,0.9,125.18764159158519,7.73,0.9957674830401443,Söke (Aydın)
642093,2024-11-03 03:17:04,0.8,101.02230622873756,7.0,1.3885967568532331,Pamukkale (Denizli)
642094,2024-11-03 03:15:49,1.2,229.7307022811367,7.07,0.9816909122658575,Ezine (Çanakkale)
642096,2024-11-03 03:58:28,2.0,138.82197573351175,5.34,3.3605490641105713,Ege Denizi - Kuşadası Körfezi - [03.55 km] Kuşadası (Aydın)
642097,2024-11-03 04:49:42,1.9,270.3275845130215,6.68,1.1698069610396253,Akdeniz - [59.81 km] Marmaris (Muğla)
642099,2024-11-03 05:10:34,1.1,165.656361318211,7.12,0.9795691934134513,Merkez (Afyonkarahisar)
642100,2024-11-03 06:32:38,1.8,165.73276734180538,7.01,3.4265923345783986,Merkez (Afyonkarahisar)
642101,2024-11-03 06:34:57,1.5,119.22997346193782,7.0,2.33229542517614,Altıeylül (Balıkesir)
642105,2024-11-03 08:23:12,1.6,353.9283948875532,7.06,1.1290175669179408,Merkez (Bolu)
642107,2024-11-03 08:49:38,1.4,122.68097623582102,12.2,1.169149094848798,Selçuk (İzmir)
642118,2024-11-03 13:14:54,1.5,158.1045955690598,7.12,1.233095314653716,Ula (Muğla)
642125,2024-11-03 17:03:57,5.3,497.8865844330112,6.45,2.9525985856428085,Ege Denizi
642139,2024-11-03 21:06:43,1.2,98.32295663839868,6.68,1.003304462097604,Gediz (Kütahya)
642140,2024-11-03 21:27:06,1.0,363.1875489092232,6.93,0.9483471899857312,Kulu (Konya)
642143,2024-11-03 21:54:25,1.1,163.2452461393615,7.08,0.9700197017085901,Sinanpaşa (Afyonkarahisar)
642151,2024-11-03 23:25:48,1.4,145.38984560213493,7.0,1.0717473967669342,Ege Denizi - Kuşadası Körfezi - [08.94 km] Kuşadası (Aydın)
642153,2024-11-04 00:15:10,2.1,331.74532118413987,6.98,1.1011230329506723,Beypazarı (Ankara)
642159,2024-11-04 01:15:36,1.5,387.94705976754267,6.97,1.0593959919369154,Kulu (Konya)
642163,2024-11-04 01:43:56,1.1,161.48156431424846,10.93,0.9296899845493356,Sandıklı (Afyonkarahisar)
642168,2024-11-04 03:07:36,1.8,330.5233638941635,7.0,1.095590298610692,Akdeniz - [51.23 km] Kumluca (Antalya)
642173,2024-11-04 05:40:11,2.0,71.05505329457121,7.0,25.06320213152318,Akhisar (Manisa)
642174,2024-11-04 05:41:00,2.2,69.47923788421046,7.0,3.0043325685384894,Akhisar (Manisa)
642175,2024-11-04 05:43:39,1.8,74.88649550595231,17.3,11.457331934013085,Akhisar (Manisa)
642176,2024-11-04 05:54:31,2.1,65.80505087595509,7.0,3.092251162501106,Buharkent (Aydın)
642177,2024-11-04 05:55:13,2.2,65.69316686206882,7.0,2.9304715028939667,Buharkent (Aydın)
642178,2024-11-04 05:47:10,1.2,70.64015623749054,7.0,4.7438826745304,Akhisar (Manisa)
642179,2024-11-04 06:26:00,1.5,304.0532836395144,7.05,1.1739341894719522,İbradı (Antalya)
642180,2024-11-04 05:54:04,1.5,69.80918498019645,7.0,6.845430675266514,Akhisar (Manisa)
642181,2024-11-04 06:32:13,1.9,222.54596887506557,10.25,1.040890946841763,"Ege Denizi, Midilli Adası (Lesvos) - [13.81 km] Ayvacık (Çanakkale)"
642182,2024-11-04 06:39:50,0.8,403.08920061526504,7.0,0.8822311298053828,Bala (Ankara)
642186,2024-11-04 08:17:31,1.5,98.74381250824413,6.96,2.212362690960091,Sındırgı (Balıkesir)
642188,2024-11-04 08:52:16,1.4,165.1788467810086,7.0,1.6480198434171545,Ege Denizi - [10.27 km] Foça (İzmir)
642190,2024-11-04 09:13:51,1.4,476.05612623627,1.8,1.0280672149093621,Ereğli (Konya)
642191,2024-11-04 09:37:50,1.2,208.71325714381732,10.66,0.8088664326835208,Eğirdir (Isparta)
642192,2024-11-04 09:29:28,1.1,117.06393662623191,6.93,1.4966410562662444,Bigadiç (Balıkesir)
642193,2024-11-04 09:17:31,0.9,488.4587068852321,7.0,0.9673674359136916,Merkez (Kırşehir)
642197,2024-11-04 10:41:22,2.1,227.3742103540934,10.36,3.2164731005609033,Gemlik (Bursa)
642198,2024-11-04 10:34:03,1.3,151.6199476266937,7.03,0.8682586607390191,Tavşanlı (Kütahya)
642199,2024-11-04 10:25:14,1.0,95.41328849669264,7.0,1.0891556433171738,Pamukkale (Denizli)
642208,2024-11-04 12:28:56,1.1,76.82473238064767,7.0,2.461181848774475,Sındırgı (Balıkesir)
642209,2024-11-04 12:18:32,2.0,441.88384600768677,6.87,1.109167648858758,"Kardzhali, Kırcaali (Bulgaristan) - [86.82 km] Merkez (Edirne)"
642221,2024-11-04 17:11:40,1.3,159.72008745747323,7.01,1.0974427350307476,Dikili (İzmir)
642226,2024-11-04 17:47:36,1.5,80.19040312475384,5.47,2.838500170071662,Sındırgı (Balıkesir)
642230,2024-11-04 18:13:39,2.2,188.7641270025247,57.93,1.9115659213351286,Marmaris (Muğla)
642231,2024-11-04 19:01:37,2.5,175.2806936333106,6.98,2.7965507021013702,Ege Denizi - [15.04 km] Karaburun (İzmir)
642233,2024-11-04 19:24:21,1.9,140.4652662644174,7.23,2.4984832659954597,Ege Denizi - Kuşadası Körfezi - [06.26 km] Menderes (İzmir)
642234,2024-11-04 19:23:08,1.4,317.287846032342,12.9,1.0457555739585045,Akdeniz - [36.25 km] Demre (Antalya)
642237,2024-11-04 21:26:44,1.3,178.41552375396844,7.0,1.1128157521306856,Mustafakemalpaşa (Bursa)
642241,2024-11-04 22:02:46,3.0,341.0626270215681,35.73,6.712161167684719,Akdeniz - [58.28 km] Kumluca (Antalya)
642242,2024-11-04 22:24:33,1.6,165.35372118371737,9.1,1.390275846001875,Ege Denizi - İzmir Körfezi - [08.83 km] Foça (İzmir)
642250,2024-11-04 23:22:53,1.5,72.6855855609017,7.0,4.534947701364264,Akhisar (Manisa)
642256,2024-11-04 23:48:15,1.4,70.67354871277331,8.26,1.9955548952259496,Akhisar (Manisa)
642257,2024-11-05 00:28:41,1.9,141.23777747041106,7.0,1.0838474831328537,Ege Denizi - Kuşadası Körfezi - [06.43 km] Kuşadası (Aydın)
642259,2024-11-05 00:41:49,1.8,141.77082757270554,7.29,1.0143349468069682,Ege Denizi - Kuşadası Körfezi - [05.88 km] Kuşadası (Aydın)
642261,2024-11-05 01:35:21,2.7,286.1547563252893,7.39,1.5041540527171693,İbradı (Antalya)
642264,2024-11-05 02:21:20,1.3,344.33769607121644,7.02,1.0136098284595418,Kaynaşlı (Düzce)
642265,2024-11-05 02:54:13,1.0,215.42447306148955,6.83,1.0251238151788797,Gemlik (Bursa)
642266,2024-11-05 03:11:27,2.0,138.56938609447042,7.95,1.0823353737896952,Ege Denizi - Kuşadası Körfezi - [07.11 km] Kuşadası (Aydın)
642268,2024-11-05 01:25:29,1.3,213.13842513119667,6.95,0.8920462052018742,Marmara Denizi - [04.93 km] Mudanya (Bursa)
642273,2024-11-05 06:28:13,1.4,147.55876013556212,5.14,1.2551814503614929,Karesi (Balıkesir)
642275,2024-11-05 06:51:24,3.6,457.7041153636173,10.47,0.8765694114394424,Akdeniz
642277,2024-11-05 06:31:15,1.4,158.6918327418261,7.0,1.1259036823378956,Ula (Muğla)
642281,2024-11-05 07:23:00,1.5,259.3673679615761,6.96,0.8971977367359149,Marmara Denizi - [20.99 km] Büyükçekmece (İstanbul)
642284,2024-11-05 08:14:27,1.2,413.77729425382796,0.0,1.3311784675018885,Bala (Ankara)
642286,2024-11-05 08:14:43,1.6,148.79354614494738,7.0,0.9656427377823527,Ula (Muğla)
642288,2024-11-05 08:52:58,2.8,395.82601284525134,5.71,0.9224531138677751,Akdeniz - [171.78 km] Datça (Muğla)
642289,2024-11-05 09:09:41,1.1,368.0972148165451,7.0,0.9822998990990431,Alanya (Antalya)
642290,2024-11-05 08:49:27,1.1,440.2164409039874,7.0,1.1205673125329896,Elmadağ (Ankara)
642291,2024-11-05 09:10:53,1.2,288.8683992903412,7.32,1.0455716290623318,İbradı (Antalya)
642295,2024-11-05 09:23:36,1.6,174.8018556140834,16.64,0.8407076123153133,Mustafakemalpaşa (Bursa)
642296,2024-11-05 09:57:57,1.5,103.70854613319085,7.15,1.5254255751215058,Emet (Kütahya)
642297,2024-11-05 09:48:51,1.6,102.32756606076286,7.0,1.7666313992070746,Hisarcık (Kütahya)
642298,2024-11-05 10:04:54,1.4,69.23992274532344,7.0,1.9502101014150706,Akhisar (Manisa)
642299,2024-11-05 10:08:22,1.5,138.87197257012326,3.24,0.9379467780218397,Bergama (İzmir)
642301,2024-11-05 09:51:38,1.1,151.30084500427756,7.0,0.8954401085640628,Tavşanlı (Kütahya)
642305,2024-11-05 09:42:35,1.1,413.89639620505267,7.0,0.8878792583219317,Mamak (Ankara)
642307,2024-11-05 11:04:19,2.0,203.4740258310219,7.0,1.0720557098717776,Ege Denizi - [20.56 km] Çeşme (İzmir)
642309,2024-11-05 10:38:34,1.2,154.90867818213397,6.96,4.454340709208516,Sandıklı (Afyonkarahisar)
642310,2024-11-05 11:20:04,0.7,262.41719012368304,7.0,0.9402364076719785,Hüyük (Konya)
642311,2024-11-05 10:40:31,1.7,491.6844123986613,7.0,0.711565947034186,Sulakyurt (Kırıkkale)
642312,2024-11-05 11:59:59,2.9,213.85666846182846,6.15,5.952084872523986,Marmara Denizi - Gemlik Körfezi - [02.77 km] Mudanya (Bursa)
642314,2024-11-05 12:14:06,1.7,122.67901881163529,7.0,1.9178284070892395,Bigadiç (Balıkesir)
642320,2024-11-05 12:55:43,1.3,135.3849145417491,7.0,0.7491117452889411,Bergama (İzmir)
642321,2024-11-05 12:58:39,1.4,229.51084299613325,7.0,1.0580400007028719,Seydikemer (Muğla)
642323,2024-11-05 13:39:44,1.9,201.09254347962448,7.0,1.2195128448499584,Ege Denizi - [17.10 km] Çeşme (İzmir)
642326,2024-11-05 14:27:33,1.5,124.01110131066451,7.0,1.666814409754218,Bigadiç (Balıkesir)
642327,2024-11-05 14:12:42,1.4,166.3979697147124,5.96,1.117824186676531,Orhaneli (Bursa)
642330,2024-11-05 14:58:49,2.1,202.30859950161863,7.0,1.3764161453088015,Ege Denizi - [22.77 km] Çeşme (İzmir)
642331,2024-11-05 14:53:39,1.1,425.2844565617675,7.01,1.0341844708218113,Bala (Ankara)
642335,2024-11-05 16:17:52,2.4,438.1736923420488,8.96,1.0351124995609187,Akdeniz - [216.95 km] Datça (Muğla)
642337,2024-11-05 16:38:18,1.5,333.3492165745067,7.08,1.035158989216759,Beypazarı (Ankara)
642338,2024-11-05 16:31:21,1.7,35.78193430863867,7.0,5.794285234630284,Salihli (Manisa)
642342,2024-11-05 17:21:03,1.9,34.91388666499345,6.15,5.6934598517767885,Salihli (Manisa)
642343,2024-11-05 17:12:00,1.2,34.73298611081059,7.04,1.2742873616879142,Salihli (Manisa)
642345,2024-11-05 18:00:01,1.4,71.9870097012035,9.82,1.1384341499810884,Akhisar (Manisa)
642346,2024-11-05 18:04:15,1.0,496.23525633464584,10.28,0.8354342118196227,Delice (Kırıkkale)
642350,2024-11-05 18:47:05,3.0,433.29857272354747,6.0,1.0032049698863101,Ayion Oros (Yunanistan) - [137.16 km] Gökçeada (Çanakkale)
642351,2024-11-05 18:42:02,1.7,196.51376541049137,7.0,1.0897897869812168,Ege Denizi - [45.01 km] Seferihisar (İzmir)
642352,2024-11-05 18:36:28,1.3,139.68260613380755,7.0,0.9702339250893934,Ege Denizi - Kuşadası Körfezi - [03.68 km] Kuşadası (Aydın)
642353,2024-11-05 19:05:47,1.4,266.14870755810995,7.07,0.899606561651574,Akdeniz - [56.13 km] Marmaris (Muğla)
642360,2024-11-05 20:35:15,1.5,332.24096734222127,7.22,0.9827825460333945,Beypazarı (Ankara)
642366,2024-11-05 21:12:22,1.3,236.92919170737667,7.0,0.8103060283391977,Merkez (Yalova)
642370,2024-11-05 21:49:27,1.2,138.8383460359802,7.0,1.0194604555415758,Kızılören (Afyonkarahisar)
642382,2024-11-05 22:48:40,0.9,160.98813867984134,7.0,1.082950457235253,Ula (Muğla)
642375,2024-11-06 01:33:25,1.5,139.00855391583298,7.0,1.058240388012136,Ege Denizi - Kuşadası Körfezi - [02.30 km] Kuşadası (Aydın)
642376,2024-11-06 02:07:19,1.2,268.56274238073837,7.03,0.9955348304445494,Finike (Antalya)
642377,2024-11-06 02:04:48,1.1,306.19378869227126,7.2,1.1509250459729048,Akdeniz - [25.47 km] Demre (Antalya)
642381,2024-11-06 02:41:34,2.4,359.22298749119483,13.92,1.1503573063136183,Akdeniz - [146.55 km] Datça (Muğla)
642387,2024-11-06 02:59:54,1.3,177.26374291286544,7.0,1.0219129916446017,Şuhut (Afyonkarahisar)
642388,2024-11-06 03:07:28,1.1,117.14810806396441,7.03,1.0265854654551474,Selçuk (İzmir)
642394,2024-11-06 04:24:21,2.2,126.65454997534655,11.81,2.332308562402681,Altıeylül (Balıkesir)
642395,2024-11-06 04:03:53,1.8,166.47804277350582,7.0,1.0808380770881016,Köyceğiz (Muğla)
642396,2024-11-06 04:09:24,1.2,83.88713106957012,9.62,1.196755660295541,Pamukkale (Denizli)
642397,2024-11-06 00:38:40,1.7,160.6647815164989,7.53,0.9656453383584934,Ege Denizi - [21.06 km] Seferihisar (İzmir)
642398,2024-11-06 00:56:08,1.7,162.49439220341745,6.99,1.0380154727256277,Urla (İzmir)
642400,2024-11-06 04:37:19,1.7,125.66567346720016,6.22,1.206005650460894,Altıeylül (Balıkesir)
642403,2024-11-06 05:07:06,1.8,353.29831418939335,94.8,0.837538545601611,Alanya (Antalya)
642416,2024-11-06 07:55:31,2.0,450.4215896405293,17.8,0.6923247035489205,Orta (Çankırı)
642417,2024-11-06 08:32:09,1.4,77.10812579439798,7.0,1.2606867689297794,Çal (Denizli)
642420,2024-11-06 08:40:24,1.1,170.24568179221237,28.97,1.3726427685593616,Domaniç (Kütahya)
642421,2024-11-06 09:36:13,1.1,116.84147287336386,7.0,0.22331576823599114,Bigadiç (Balıkesir)
642422,2024-11-06 09:38:05,1.3,116.47583590404079,7.0,1.1177677339171685,Bigadiç (Balıkesir)
642427,2024-11-06 09:42:36,1.2,150.7024062619254,7.0,1.017738013968591,Tavşanlı (Kütahya)
642428,2024-11-06 10:32:37,1.5,153.06647866516096,7.0,1.1426734155559326,Ege Denizi - Kuşadası Körfezi - [19.37 km] Kuşadası (Aydın)
642430,2024-11-06 09:23:24,0.6,488.36668760285954,7.0,1.0192757804641424,Merkez (Kırşehir)
642431,2024-11-06 09:16:40,1.0,5.5984912968071505,6.78,96.84919668720359,Kula (Manisa)
642432,2024-11-06 12:15:19,2.0,309.1580908789456,6.74,0.9318873912946078,Akdeniz - [97.73 km] Marmaris (Muğla)
642446,2024-11-06 15:12:56,1.9,112.8409402922738,7.03,1.9771612999106822,Bigadiç (Balıkesir)
642447,2024-11-06 15:11:40,1.4,116.25606181888737,6.93,3.326327582905206,Bigadiç (Balıkesir)
642448,2024-11-06 15:12:19,1.5,108.18392443404001,7.0,0.9249894876547765,Bigadiç (Balıkesir)
642451,2024-11-06 17:22:17,2.0,118.3570727168467,7.55,6.136379672881885,Selçuk (İzmir)
642452,2024-11-06 17:19:18,1.7,234.58387068957083,7.08,1.07868685235279,Marmara Denizi - [03.53 km] Erdek (Balıkesir)
642456,2024-11-06 18:25:00,1.2,70.36668895686354,6.96,3.1832570168222767,Akhisar (Manisa)
642458,2024-11-06 18:58:22,1.8,199.26920030715272,59.26,0.8617463686337598,Marmaris (Muğla)
642459,2024-11-06 19:00:10,1.9,333.19392605854347,7.06,0.9202891348894887,Beypazarı (Ankara)
642460,2024-11-06 19:24:35,2.2,222.8845784222134,7.56,1.6369254124437165,"Ege Denizi, Midilli Adası (Lesvos) - [29.87 km] Ayvacık (Çanakkale)"
642462,2024-11-06 20:58:47,1.9,224.56417161696774,21.94,0.8294086038487973,Akdeniz - Fethiye Körfezi - [08.10 km] Fethiye (Muğla)
642464,2024-11-06 23:19:39,2.3,60.627748730338254,7.0,12.241732634542718,Kuyucak (Aydın)
642469,2024-11-07 01:53:36,1.6,248.74100482089796,9.37,0.9292404795755175,Ege Denizi - [06.58 km] Ayvacık (Çanakkale)
642477,2024-11-07 04:17:13,1.8,218.79887521005114,6.92,0.9778210872792547,Ege Denizi - [03.45 km] Ayvacık (Çanakkale)
642478,2024-11-07 05:27:48,2.0,240.5178098865513,7.04,0.8678308709162559,Akdeniz - [27.43 km] Fethiye (Muğla)
642479,2024-11-06 21:47:54,1.8,207.22091412969235,7.0,0.9803008576094413,Ege Denizi - [31.66 km] Çeşme (İzmir)
642483,2024-11-06 14:33:04,1.0,69.754265271387,7.0,2.327336558232965,Akhisar (Manisa)
642484,2024-11-07 06:35:45,1.3,376.1269732970651,8.08,1.0691648721692262,Merkez (Bolu)
642485,2024-11-07 07:20:29,1.4,71.21674694600951,6.98,1.8273336729045426,Akhisar (Manisa)
642486,2024-11-07 07:20:54,1.2,70.89163846394759,7.15,0.9711609897711059,Akhisar (Manisa)
642487,2024-11-07 07:53:03,3.0,471.4641967188984,5.57,0.9889006096491516,Akdeniz
642491,2024-11-07 08:28:45,1.5,103.48807035067252,6.99,2.0782792295887167,Honaz (Denizli)
642492,2024-11-07 08:45:52,1.1,358.5573192825664,7.0,1.5556077736194274,Vize (Kırklareli)
642496,2024-11-07 09:07:46,1.0,268.8446095467879,7.0,0.7695251158850069,Tuzlukçu (Konya)
642498,2024-11-07 09:34:32,1.0,453.9766379652834,7.32,1.110413860703724,Keskin (Kırıkkale)
642499,2024-11-07 09:43:47,1.1,431.78716935736327,7.0,1.0626062117857304,Bala (Ankara)
642500,2024-11-07 09:38:11,1.3,285.8594919936253,10.43,1.0192937439961043,Derebucak (Konya)
642501,2024-11-07 10:04:15,1.1,415.0929758890165,6.9,0.9647099163962845,Mamak (Ankara)
642502,2024-11-07 10:08:14,1.2,426.99736053226826,7.0,1.1675692678044745,Mamak (Ankara)
642503,2024-11-07 10:04:27,1.3,119.83952858790727,7.0,1.1700916808719897,Emet (Kütahya)
642504,2024-11-07 10:14:48,1.6,152.47157746885685,6.97,2.121331617358936,Orhaneli (Bursa)
642505,2024-11-07 10:22:47,1.8,113.64142017371758,7.0,0.9996272846304697,Gediz (Kütahya)
642506,2024-11-07 10:49:40,1.6,166.52443641341577,7.0,0.8669197480132482,Balya (Balıkesir)
642507,2024-11-07 11:13:47,2.7,401.30286636487125,5.02,0.9552870296785404,Ege Denizi
642508,2024-11-07 12:00:01,2.7,448.58735225189884,9.56,1.023311126350818,Ege Denizi
642514,2024-11-07 13:21:00,1.1,51.148284287351835,7.0,5.475891132945294,Ulubey (Uşak)
642515,2024-11-07 13:23:16,1.2,48.92626513437285,7.02,2.9094029175994356,Eşme (Uşak)
642519,2024-11-07 14:41:56,1.9,326.5320918029647,6.47,0.9724787902940171,Beypazarı (Ankara)
642522,2024-11-07 15:03:14,1.5,117.28687048522235,10.89,1.283715265351958,Bigadiç (Balıkesir)
642523,2024-11-07 15:08:44,1.5,119.704599119322,6.97,1.1470458629274267,Bigadiç (Balıkesir)
642529,2024-11-07 18:17:58,2.1,253.3170372175265,7.0,1.0027852664657735,Akdeniz - [46.56 km] Marmaris (Muğla)
642531,2024-11-07 21:00:38,2.4,70.14965006319055,5.25,11.821031635834846,Akhisar (Manisa)
642532,2024-11-07 21:20:39,3.6,135.44114501162485,7.0,20.504963653635958,Ege Denizi - Kuşadası Körfezi - [05.19 km] Kuşadası (Aydın)
642533,2024-11-07 21:30:00,1.4,241.05851791247463,17.45,0.9698281076756196,Akdeniz - [16.39 km] Fethiye (Muğla)
642534,2024-11-07 21:56:10,2.6,157.7518541211593,11.16,1.9622953332754456,Ege Denizi - [11.45 km] Dikili (İzmir)
642536,2024-11-07 22:43:56,2.3,199.01146221923602,6.96,1.003410388945809,Ege Denizi - Gökova Körfezi - [12.89 km] Datça (Muğla)
642537,2024-11-07 22:47:10,1.4,135.13971331376123,7.0,0.9213005167155518,Ege Denizi - Kuşadası Körfezi - [03.87 km] Kuşadası (Aydın)
642538,2024-11-07 23:39:14,1.7,253.6524807491409,8.1,1.013223968595791,Marmara Denizi - [06.23 km] Biga (Çanakkale)
642541,2024-11-08 00:21:52,2.7,336.6466539516214,7.6,1.271386857656928,Akdeniz - [122.61 km] Datça (Muğla)
642542,2024-11-08 00:52:11,1.7,137.62486672853174,7.0,0.9424880736864498,Ege Denizi - Kuşadası Körfezi - [06.24 km] Kuşadası (Aydın)
642543,2024-11-08 01:13:06,1.9,246.70004586341238,6.14,0.9980222901229092,Ege Denizi - [31.51 km] Datça (Muğla)
642547,2024-11-08 03:20:19,2.1,136.5603320168203,7.0,1.168928521097625,Ege Denizi - Kuşadası Körfezi - [04.63 km] Kuşadası (Aydın)
642548,2024-11-08 03:29:27,1.6,133.61412997903136,7.0,0.9610026493780293,Ege Denizi - Kuşadası Körfezi - [04.18 km] Kuşadası (Aydın)
642551,2024-11-08 04:16:24,2.3,207.71619127784615,10.66,0.8826036028673039,Ege Denizi - [26.11 km] Çeşme (İzmir)
642553,2024-11-08 05:27:18,1.4,182.8938072321872,7.0,1.0020833542451866,Ege Denizi - Gökova Körfezi - [02.85 km] Bodrum (Muğla)
642556,2024-11-08 06:14:50,1.4,405.82437857280576,6.85,0.967059197594389,Kazımkarabekir (Karaman)
642559,2024-11-08 06:55:21,1.5,305.83331639824473,6.72,0.9178976986410007,Eyüp (İstanbul)
642560,2024-11-08 07:24:56,2.2,108.91260764084811,7.21,1.3004521267506832,Soma (Manisa)
642561,2024-11-08 07:34:03,2.3,346.69842062763485,7.75,1.0702351252733322,"Ege Denizi, Aniye Adası (İos) - [172.58 km] Bodrum (Muğla)"
642562,2024-11-08 07:35:34,1.5,289.81803482556535,7.02,0.8206496702330222,Akyazı (Sakarya)
642565,2024-11-08 08:34:59,1.5,417.69361058442485,6.99,1.1346723203167688,Çubuk (Ankara)
642566,2024-11-08 08:17:03,2.0,179.34988675949057,12.03,1.3939606495129637,Burhaniye (Balıkesir)
642569,2024-11-08 09:01:19,1.0,197.76044604688553,7.0,1.1514232084088556,İnönü (Eskişehir)
642571,2024-11-08 11:24:17,1.6,162.62327297252054,6.99,0.7007600573223371,Köyceğiz (Muğla)
642575,2024-11-08 11:56:21,1.4,91.53998576402986,7.0,2.277358149294483,Kırkağaç (Manisa)
642588,2024-11-08 14:59:55,2.0,113.14121025234039,6.99,3.852655813769871,Bigadiç (Balıkesir)
642589,2024-11-08 15:23:25,1.4,237.87140837840442,7.01,0.9285652073901162,Akdeniz - [13.43 km] Fethiye (Muğla)
642592,2024-11-08 16:16:16,1.6,226.0624700159009,6.97,0.9252468677692409,Marmara Denizi - Erdek Körfezi - [08.76 km] Erdek (Balıkesir)
642594,2024-11-08 16:35:07,1.5,315.52293506114216,8.5,1.026253795341419,Akdeniz - [34.59 km] Demre (Antalya)
642606,2024-11-08 19:51:06,1.2,219.76018659702507,11.85,0.9690536869603328,Emirdağ (Afyonkarahisar)
642613,2024-11-08 21:40:08,1.4,152.28640711456916,6.99,1.0086115750261762,Ula (Muğla)
642623,2024-11-09 04:13:32,1.2,371.0100418702418,7.01,1.0614384667366732,Gündoğmuş (Antalya)
642629,2024-11-09 00:09:00,1.7,393.5445281121285,8.16,0.9213829396158314,Yeniçağa (Bolu)
642632,2024-11-09 04:48:57,2.0,363.8519615316304,9.7,1.2423749670706539,Merkez (Bolu)
642636,2024-11-09 00:31:27,1.8,296.02318802259515,49.59,0.8713031915325876,Akdeniz - Antalya Körfezi - [05.65 km] Manavgat (Antalya)
642638,2024-11-09 05:43:36,1.4,111.17345139860913,6.99,1.0950006915308914,Soma (Manisa)
642652,2024-11-09 09:40:30,1.4,114.56618350069385,7.02,2.061692351657869,Bigadiç (Balıkesir)
642653,2024-11-09 09:43:12,1.3,117.62461587638951,5.25,1.6309647221446022,Bigadiç (Balıkesir)
642654,2024-11-09 10:21:10,1.9,210.92572034775503,8.42,1.2435021986087824,Akdeniz - [19.15 km] Marmaris (Muğla)
642655,2024-11-09 10:06:21,1.6,215.47678489721608,7.02,0.9319767421433428,Çan (Çanakkale)
642657,2024-11-09 10:42:22,1.8,125.84414518177016,5.85,4.125805837899164,Bigadiç (Balıkesir)
642658,2024-11-09 10:42:51,1.7,211.52377080130452,6.97,0.4711324099641822,Yalvaç (Isparta)
642682,2024-11-09 16:31:18,1.8,268.5292417566579,17.8,1.0404065634909319,Akdeniz - [58.52 km] Marmaris (Muğla)
642684,2024-11-09 16:56:39,1.5,322.0213788973953,10.93,0.9030797994677613,Gölyaka (Düzce)
642689,2024-11-09 17:58:46,1.2,316.78415164822496,7.29,0.9271946539663452,Hendek (Sakarya)
642694,2024-11-09 18:16:49,1.8,361.60907766657283,7.54,0.9907919711232193,Akdeniz - [149.77 km] Marmaris (Muğla)
642696,2024-11-09 18:34:37,1.3,282.6278845228213,7.0,1.0521748759529297,Akdeniz - [32.14 km] Kaş (Antalya)
642700,2024-11-09 19:26:27,1.5,261.0603404065962,7.01,0.8860248207652783,Akdeniz - [40.85 km] Seydikemer (Muğla)
642701,2024-11-09 19:27:28,1.4,153.76072044472983,6.98,1.2536148788294605,Ula (Muğla)
642702,2024-11-09 21:07:09,1.6,290.28870515046134,7.0,1.0497048184281985,Ege Denizi - [74.66 km] Datça (Muğla)
642703,2024-11-09 19:59:57,1.9,121.37333493176224,7.0,5.767222143549682,Bigadiç (Balıkesir)
642704,2024-11-09 19:47:37,0.9,213.59671571654675,7.0,1.0702279663950498,Akdeniz - [19.32 km] Marmaris (Muğla)
642760,2024-11-10 15:41:41,2.5,258.96777337434855,7.92,2.063974340120367,Ege Denizi - [47.68 km] Marmaris (Muğla)
642764,2024-11-10 16:39:22,1.5,83.9194112482617,5.26,3.009067901357122,Akhisar (Manisa)
642765,2024-11-10 16:55:27,1.9,282.276068846247,26.24,1.034255629718136,Akdeniz - [35.43 km] Kaş (Antalya)
642789,2024-11-11 06:40:00,1.6,264.7123588779669,6.91,1.0549007088110662,Akdeniz - [54.25 km] Marmaris (Muğla)
642790,2024-11-11 06:38:30,1.4,141.77052834368484,5.04,1.1784065160273223,Ege Denizi - Kuşadası Körfezi - [08.45 km] Menderes (İzmir)
642798,2024-11-11 08:12:56,1.1,97.16074845935685,7.04,1.739477546317702,Kırkağaç (Manisa)
642800,2024-11-11 09:16:29,1.4,116.22180512985334,7.0,1.9380237321530391,Bigadiç (Balıkesir)
642801,2024-11-11 09:18:38,1.2,119.00045860889911,7.0,2.566664430477834,Bigadiç (Balıkesir)
642802,2024-11-11 09:21:21,1.2,116.02950660851613,7.0,1.8961732488949345,Bigadiç (Balıkesir)
642803,2024-11-11 09:23:45,1.1,117.60834099826302,7.0,1.2651020508170587,Bigadiç (Balıkesir)
642804,2024-11-11 09:32:22,1.4,171.11482532898953,7.0,1.2258501711021865,Merkez (Kütahya)
642806,2024-11-11 09:54:53,1.7,113.96648878418755,7.03,5.020322943938255,Bigadiç (Balıkesir)
642809,2024-11-11 10:11:59,2.2,120.04432694182,6.99,10.262880932106142,Menemen (İzmir)
642810,2024-11-11 10:10:40,1.3,137.62074464779883,7.0,1.040397684158338,Bergama (İzmir)
642811,2024-11-11 11:01:39,2.1,480.1217072694367,7.0,1.0047943885805153,"Tundzha, Yanbolu (Bulgaristan) - [63.93 km] Lalapaşa (Edirne)"
642812,2024-11-11 10:35:27,1.5,169.81513941983758,7.03,1.2773042119854794,Köyceğiz (Muğla)
642814,2024-11-11 12:08:19,1.7,155.99519728117912,15.19,1.2836489871692418,Ege Denizi - İzmir Körfezi - [10.05 km] Foça (İzmir)
642817,2024-11-11 11:56:13,1.1,469.52652107048493,7.0,0.9370700064007325,Akpınar (Kırşehir)
642818,2024-11-11 12:46:19,1.0,231.73916651688944,7.0,9.243412286907475,Bolvadin (Afyonkarahisar)
642819,2024-11-11 12:48:51,1.2,100.09174862205705,7.0,1.5194762667958444,Hisarcık (Kütahya)
642820,2024-11-11 13:16:19,1.3,406.5769991240389,7.0,1.0139112132598296,Gerede (Bolu)
642823,2024-11-11 14:02:54,1.4,436.068487362547,11.89,1.0308492802478697,"Svilengrad, Hasköy (Bulgaristan) - [26.81 km] Merkez (Edirne)"
642824,2024-11-11 14:07:30,1.4,290.0461857877082,6.98,1.0486742971036422,Akseki (Antalya)
642828,2024-11-11 14:49:19,1.3,164.60603641557034,7.56,1.1430245650685054,Orhaneli (Bursa)
642838,2024-11-11 17:39:06,1.6,212.72888592228045,7.0,1.0419926111162185,Biga (Çanakkale)
642848,2024-11-11 19:46:58,1.7,125.44014695172713,7.0,3.2483417298491677,Yatağan (Muğla)
642853,2024-11-11 20:02:14,2.8,405.40051597601007,13.62,1.053769121367154,Ege Denizi
642854,2024-11-11 20:25:32,2.0,292.07071283396436,18.99,0.842652250815494,Akdeniz - [81.11 km] Kaş (Antalya)
642855,2024-11-11 20:25:17,0.9,64.47362683744075,6.63,1.8117793302607332,Güney (Denizli)
642858,2024-11-11 21:09:30,1.2,135.4517832958389,4.37,1.1012752155009937,Ege Denizi - Kuşadası Körfezi - [04.75 km] Kuşadası (Aydın)
642861,2024-11-11 21:51:45,2.0,231.86974807004682,7.16,1.0308926502442919,"Ege Denizi, Midilli Adası (Lesvos) - [22.19 km] Ayvacık (Çanakkale)"
642862,2024-11-11 21:51:17,1.3,237.4062944531409,5.74,1.018490203936719,Biga (Çanakkale)
642863,2024-11-11 21:32:11,1.0,448.0231794009686,12.02,1.0501858473106145,Çerkeş (Çankırı)
642864,2024-11-12 00:01:02,1.1,108.48880623292017,10.8,1.6067733218304585,Hisarcık (Kütahya)
642868,2024-11-12 00:44:28,1.2,169.68150804696717,7.0,1.0559114244194565,Milas (Muğla)
642882,2024-11-12 02:05:41,1.5,172.3749447114597,6.74,1.061478950417957,"Ege Denizi, Sisam Adası (Samos) - [26.48 km] Söke (Aydın)"
642883,2024-11-12 02:05:21,1.1,170.78800504110103,7.13,1.0590030571816902,"Ege Denizi, Sisam Adası (Samos) - [26.93 km] Söke (Aydın)"
642890,2024-11-12 02:58:01,1.6,252.1590550875472,7.15,1.0970067388505214,Marmara Denizi - [28.22 km] Büyükçekmece (İstanbul)
642891,2024-11-12 02:40:15,1.2,172.1173261281453,4.49,1.0534027112118836,"Ege Denizi, Sisam Adası (Samos) - [26.67 km] Söke (Aydın)"
642892,2024-11-12 03:29:42,1.3,95.03873859891738,7.72,2.953912002966862,Kemalpaşa (İzmir)
642893,2024-11-12 03:28:02,1.2,215.7946549695678,7.0,0.9161254165376536,Bucak (Burdur)
642902,2024-11-12 03:39:56,1.4,331.71745410643325,7.0,1.0937082183354399,Beypazarı (Ankara)
642912,2024-11-12 05:13:21,1.1,222.12686138938074,11.09,1.037399606109418,Gelendost (Isparta)
642917,2024-11-12 06:06:14,1.9,32.52043967159886,7.0,54.87839332353382,Salihli (Manisa)
642918,2024-11-12 06:10:04,1.8,149.10831976310314,7.0,1.6738910851165774,Karesi (Balıkesir)
642919,2024-11-12 06:18:41,1.1,175.60492072214848,7.0,1.028990770079737,Ege Denizi - Gökova Körfezi - [08.79 km] Marmaris (Muğla)
642924,2024-11-12 06:58:51,1.6,111.49105047804319,7.0,1.506769745165669,Soma (Manisa)
642931,2024-11-12 08:39:55,1.1,175.74880473138657,12.25,1.0052380662062195,Havran (Balıkesir)
642934,2024-11-12 09:26:25,2.4,439.0177474465424,15.09,1.2185315483427719,Ege Denizi
642937,2024-11-12 10:12:36,1.2,249.03971140098434,9.24,0.9777609781251417,Pamukova (Sakarya)
642943,2024-11-12 09:54:51,1.4,112.25276374642692,7.0,2.7634182156148763,Bigadiç (Balıkesir)
642945,2024-11-12 09:56:00,1.5,150.71734710160254,7.1,1.1448296872874553,Tavşanlı (Kütahya)
642946,2024-11-12 09:46:29,1.2,113.11862805378192,6.98,1.3881741565996542,Soma (Manisa)
642949,2024-11-12 11:08:32,1.5,416.587479890841,6.54,0.48118904080434993,Çubuk (Ankara)
642952,2024-11-12 09:29:32,1.2,429.99395686450976,7.0,0.9665051940079149,Bala (Ankara)
642953,2024-11-12 11:35:26,1.1,148.08533405094693,12.69,0.9169080199900268,Menemen (İzmir)
642954,2024-11-12 11:56:41,1.0,339.30620456764154,6.99,0.980325617191713,Sarayönü (Konya)
642956,2024-11-12 12:34:39,1.3,266.1048340714309,6.84,0.6289039595700455,Marmara Denizi - [06.66 km] Şarköy (Tekirdağ)
642958,2024-11-12 13:39:10,0.8,9.496392225152274,7.0,37.9746578347565,Alaşehir (Manisa)
642959,2024-11-12 13:44:59,1.4,365.64256648387953,6.99,0.9523618075205973,Sincan (Ankara)
642964,2024-11-12 14:23:57,1.6,88.75779456595036,6.67,6.556795328235804,Kemalpaşa (İzmir)
642965,2024-11-12 14:28:57,1.0,161.93406297948482,7.0,0.8340897579607797,Mustafakemalpaşa (Bursa)
642983,2024-11-12 19:12:34,1.1,204.3191176371708,5.52,0.9965928053714525,Ege Denizi - [12.40 km] Bodrum (Muğla)
642988,2024-11-12 19:46:53,1.2,114.292363165376,4.9,2.031142306332237,Torbalı (İzmir)
642992,2024-11-12 20:25:00,1.5,126.83823520755529,4.85,1.5907057186207028,Yatağan (Muğla)
642994,2024-11-12 20:38:30,1.0,192.40673068451363,6.38,1.0556273016955842,Ege Denizi - [23.49 km] Karaburun (İzmir)
642997,2024-11-12 21:29:28,1.5,227.51854800542517,7.16,1.0814631862381807,Marmara Denizi - [02.24 km] Erdek (Balıkesir)
642998,2024-11-12 21:57:02,1.7,390.30413931006973,12.89,0.9390366442016765,Akdeniz - [107.27 km] Kumluca (Antalya)
643000,2024-11-12 22:28:30,1.2,172.97915689811018,6.97,0.9692145399645322,Ege Denizi - Gökova Körfezi - [03.64 km] Marmaris (Muğla)
643001,2024-11-12 22:30:44,1.0,150.4230547758613,7.0,0.8368287640266191,Ege Denizi - Çandarlı Körfezi - [07.78 km] Aliağa (İzmir)
643003,2024-11-12 23:19:31,2.2,162.1678022430734,7.0,1.5583673638194866,Köyceğiz (Muğla)
643004,2024-11-12 23:42:37,1.2,185.41969957353592,7.0,0.9003977820502396,Gölhisar (Burdur)
643005,2024-11-12 23:44:59,1.5,239.4258064819782,7.0,1.0084807097158501,Ayvacık (Çanakkale)
643007,2024-11-13 00:01:53,1.2,269.6947323694255,7.01,0.26276348059164095,Akdeniz - [60.06 km] Marmaris (Muğla)
643011,2024-11-13 01:08:12,1.3,204.77688631718624,6.77,0.9687595915716813,Ege Denizi - [18.10 km] Çeşme (İzmir)
643012,2024-11-13 01:31:10,1.3,156.6779216617511,7.04,1.1150359816611113,Ege Denizi - Kuşadası Körfezi - [20.61 km] Menderes (İzmir)
643014,2024-11-13 01:47:22,0.8,234.18908156495166,14.69,1.0224336604893318,Akdeniz - [17.90 km] Fethiye (Muğla)
643020,2024-11-13 02:48:44,1.6,268.00497740497593,18.04,1.0805684649676446,Akdeniz - [58.58 km] Marmaris (Muğla)
643024,2024-11-13 03:53:39,2.4,185.3501148502733,9.75,1.317746602043134,Dalaman (Muğla)
643026,2024-11-13 04:11:35,3.0,151.99180279776925,12.96,11.599037954199439,Menteşe (Muğla)
643028,2024-11-13 04:37:51,1.2,152.9009138940669,6.96,1.1898117055478816,Ula (Muğla)
643030,2024-11-13 05:02:54,2.4,332.29019983968413,6.61,1.6093376802109205,Ege Denizi - [120.50 km] Datça (Muğla)
643031,2024-11-13 05:36:00,1.0,103.57466573993428,7.02,1.714005710969722,Bigadiç (Balıkesir)
643034,2024-11-13 07:08:42,1.2,366.5377033968303,10.24,1.0149026261259662,Merkez (Bolu)
643038,2024-11-13 08:23:16,2.1,330.35118581294444,7.0,1.11669232019678,Beypazarı (Ankara)
643039,2024-11-13 09:06:11,1.1,120.03397254918653,8.39,0.7762186757106184,Tavas (Denizli)
643041,2024-11-13 08:36:44,1.3,110.716666651558,7.03,1.378950003281724,Soma (Manisa)
643042,2024-11-13 09:24:43,1.3,108.74777435864753,7.0,2.000657165304007,Yunusemre (Manisa)
643043,2024-11-13 09:21:29,1.2,317.2847990932541,7.34,1.0099908952415078,Seydişehir (Konya)
643044,2024-11-13 08:36:39,2.0,233.34297951372213,6.69,1.2642250585997779,Ege Denizi - [39.29 km] Bodrum (Muğla)
643045,2024-11-13 09:33:58,1.1,6.945036639698486,6.82,142.39795411849792,Kula (Manisa)
643047,2024-11-13 08:46:27,1.4,151.49986612105818,7.11,1.1163211999246447,Ula (Muğla)
643048,2024-11-13 08:58:07,1.2,373.6112040184049,7.0,0.9135258711152568,Sincan (Ankara)
643049,2024-11-13 10:00:48,1.7,180.12584345041088,7.59,1.8607557658404443,Susurluk (Balıkesir)
643050,2024-11-13 10:47:41,1.2,248.7494515462774,7.0,0.904380148137608,Akşehir (Konya)
643051,2024-11-13 11:11:40,1.3,224.38390136977034,7.03,0.9267809271248156,Gemlik (Bursa)
643052,2024-11-13 11:07:13,1.7,247.0961696502246,7.0,1.1104507435857272,Akşehir Gölü - [01.91 km] Akşehir (Konya)
643053,2024-11-13 11:12:09,1.3,416.91346410319125,6.93,1.0093246422561675,Mamak (Ankara)
643055,2024-11-13 11:23:04,1.2,412.8212015603624,6.98,0.9547175958729895,Bala (Ankara)
643062,2024-11-13 12:16:01,1.7,244.84637295305592,7.01,0.7470294103088659,Biga (Çanakkale)
643067,2024-11-13 13:43:35,1.7,113.5870080992336,6.98,4.539912508346069,Bigadiç (Balıkesir)
643069,2024-11-13 14:08:24,2.1,137.8963670095938,6.68,3.307455499586633,Ege Denizi - Kuşadası Körfezi - [06.91 km] Kuşadası (Aydın)
643081,2024-11-13 18:17:34,2.2,239.8501606446026,7.0,1.6484733587297886,Biga (Çanakkale)
643083,2024-11-13 20:23:53,2.3,342.4261318696566,50.86,0.5223550232414298,Akdeniz - [71.79 km] Kaş (Antalya)
643088,2024-11-13 22:39:39,3.2,64.43594890605966,12.4,658.6959654880383,Pamukkale (Denizli)
643090,2024-11-13 22:59:11,1.4,65.53444380212315,5.26,15.12272633567796,Pamukkale (Denizli)
643091,2024-11-14 02:25:02,3.0,198.0398046410278,7.0,11.02821572904051,Korkuteli (Antalya)
643092,2024-11-14 02:22:17,1.8,311.2990521486319,34.22,1.1305430977624809,Akdeniz - [38.81 km] Kaş (Antalya)
643093,2024-11-14 01:57:02,1.4,137.1621712649056,7.0,1.1713046125623237,Ege Denizi - Kuşadası Körfezi - [04.62 km] Menderes (İzmir)
643100,2024-11-13 23:43:03,1.3,210.40094691756718,16.23,1.0398999335188661,Ege Denizi - [23.21 km] Çeşme (İzmir)
643105,2024-11-14 05:11:50,2.4,117.82112253316656,7.0,6.736925845666463,Buca (İzmir)
643106,2024-11-14 06:09:05,2.0,184.04396210223246,6.93,1.403015377389698,Ege Denizi - Gökova Körfezi - [07.23 km] Milas (Muğla)
643340,2024-11-16 08:24:49,1.9,249.7947740381415,4.72,1.2398018007103184,Kumluca (Antalya)
643345,2024-11-16 09:32:15,3.0,435.14074272964444,11.59,0.948712278175733,"Harmanli, Hasköy (Bulgaristan) - [26.84 km] Merkez (Edirne)"
643346,2024-11-16 09:56:14,2.8,197.47653672772594,53.92,5.246933986034684,Datça (Muğla)
643347,2024-11-16 10:21:38,2.3,150.20434092114422,7.0,1.2339173732072388,Menteşe (Muğla)
643348,2024-11-16 12:40:37,2.4,130.53771054682778,7.0,1.837463096023072,Menderes (İzmir)
643350,2024-11-16 14:45:24,2.7,178.91469860461848,7.16,9.290418564825815,Keles (Bursa)
643352,2024-11-16 14:58:43,1.9,151.7363548117408,7.17,1.8269655498137707,Ege Denizi - Kuşadası Körfezi - [18.19 km] Kuşadası (Aydın)
643353,2024-11-16 15:21:47,1.1,368.0356483339935,7.0,0.9955035813539767,Selçuklu (Konya)
643356,2024-11-16 16:23:00,2.4,295.11012231646004,15.17,0.8338977874139242,Akdeniz - [82.18 km] Kaş (Antalya)
643357,2024-11-16 16:58:21,2.1,282.70779038019157,21.08,1.1141031976391027,Ege Denizi - Saros Körfezi - [05.27 km] Gelibolu (Çanakkale)
643360,2024-11-16 18:26:41,1.1,71.50310953017483,10.06,3.0139812284570144,Akhisar (Manisa)
643361,2024-11-16 18:37:35,1.8,431.56123427779954,15.74,0.9648049440355448,Bahşili (Kırıkkale)
643365,2024-11-16 19:08:32,1.6,165.10140013605502,8.23,1.1894765477009044,Ege Denizi - Sığacık Körfezi - [06.82 km] Seferihisar (İzmir)
643371,2024-11-16 20:48:20,1.3,432.15193629982485,7.1,1.0875560301546745,Bahşili (Kırıkkale)
643372,2024-11-16 21:22:14,1.2,152.66695917835364,7.01,0.886031017593044,Ege Denizi - Kuşadası Körfezi - [18.07 km] Kuşadası (Aydın)
643377,2024-11-16 23:08:24,1.5,273.0609737055814,6.96,0.9499336488013114,Sivrihisar (Eskişehir)
643378,2024-11-16 23:55:07,1.5,196.14753987341425,6.93,0.9996379367039557,Yenice (Çanakkale)
643387,2024-11-17 01:24:40,1.5,494.6082563342893,5.14,1.0112009897678655,Amasra (Bartın)
643389,2024-11-17 01:47:12,1.8,100.34893724273095,13.31,6.266619360987795,Pamukkale (Denizli)
643391,2024-11-17 02:06:26,1.4,132.5143884836511,8.43,1.2293629176470564,Menderes (İzmir)
643395,2024-11-17 02:33:14,1.2,318.1358213081759,6.98,1.0362512643362942,Akseki (Antalya)
643402,2024-11-17 03:47:40,1.9,226.10696824146507,13.03,1.5407435692876676,"Ege Denizi, Sakız Adası (Hiyos) - [23.73 km] Çeşme (İzmir)"
643405,2024-11-17 04:25:02,1.9,297.78522294612753,15.56,0.9423349886478801,Ege Denizi - [78.80 km] Datça (Muğla)
643409,2024-11-17 04:42:26,1.8,310.27897792206306,18.9,0.821008138215574,Akdeniz - [59.89 km] Kaş (Antalya)
643410,2024-11-17 04:55:49,1.1,108.56126619410102,7.0,0.9392738928670619,Torbalı (İzmir)
643413,2024-11-17 06:15:23,2.3,384.0851280007677,7.73,1.0328097976567925,Ege Denizi
643414,2024-11-17 06:54:17,1.5,245.8831129695581,6.38,0.9067117202317624,Kepez (Antalya)
643424,2024-11-17 09:05:57,1.5,432.248293048614,7.02,0.1514737277154228,Bala (Ankara)
643427,2024-11-17 09:58:34,1.6,114.72232063995287,7.0,2.8806971781102213,Bigadiç (Balıkesir)
643428,2024-11-17 09:47:43,1.3,118.20569083207131,7.0,1.7477095197381587,Bigadiç (Balıkesir)
643429,2024-11-17 09:50:59,1.3,115.79832845000219,11.18,1.1530481359974762,Bigadiç (Balıkesir)
643432,2024-11-17 11:23:39,2.2,364.24278595357646,42.58,1.8168867948244305,Akdeniz - [47.33 km] Alanya (Antalya)
643433,2024-11-17 12:06:20,1.6,212.9972139040012,8.19,0.9432377302512341,Fethiye (Muğla)
643435,2024-11-17 13:08:49,1.4,200.48453762360933,7.0,0.8432098045265177,Korkuteli (Antalya)
643436,2024-11-17 13:09:31,1.3,204.84061982158207,7.08,1.0781329994783346,Seydikemer (Muğla)
643438,2024-11-17 13:34:15,1.7,228.20857613516517,7.06,0.9282059480286232,Ege Denizi - [40.62 km] Karaburun (İzmir)
643439,2024-11-17 13:49:54,1.4,166.43434671801003,11.51,0.9891793122776443,Ege Denizi - İzmir Körfezi - [02.98 km] Urla (İzmir)
643441,2024-11-17 14:22:10,1.4,136.99717529095253,8.8,0.6696755773933957,Yatağan (Muğla)
643442,2024-11-17 14:08:55,1.3,170.1976854613523,4.48,0.8289610021730931,Balya (Balıkesir)
643446,2024-11-17 15:48:21,1.0,103.36528359386584,7.0,2.181463157191417,Dursunbey (Balıkesir)
643448,2024-11-17 16:26:52,1.1,96.46061418799371,6.98,1.3708481953891238,Honaz (Denizli)
643450,2024-11-17 16:49:14,1.5,264.1524145379259,7.0,0.8386732146540476,Marmara Denizi - [11.65 km] Avcılar (İstanbul)
643453,2024-11-17 17:32:59,2.1,331.0267949086038,6.97,1.1891764068507886,Beypazarı (Ankara)
643454,2024-11-17 18:04:26,1.4,214.24671964356273,7.0,1.1609264516231994,Söğüt (Bilecik)
643456,2024-11-17 20:00:21,3.1,272.18268495630844,10.47,0.9936714366816854,Ege Denizi - [71.64 km] Bodrum (Muğla)
643457,2024-11-17 20:31:10,2.7,164.6538944307834,11.06,11.468804661788862,Ege Denizi - [24.72 km] Seferihisar (İzmir)
643458,2024-11-17 19:47:36,1.1,62.56392151053736,7.0,3.194621527834527,Buharkent (Aydın)
643459,2024-11-17 21:23:29,2.0,163.12552673090815,6.96,2.1607573969521474,Ege Denizi - [24.60 km] Seferihisar (İzmir)
643462,2024-11-17 21:30:57,1.8,215.11203455170644,22.0,1.3490271987781586,Akdeniz - Fethiye Körfezi - [15.52 km] Dalaman (Muğla)
643464,2024-11-17 22:04:16,1.4,164.04103381899097,6.95,1.0713323020060879,Ege Denizi - [24.67 km] Seferihisar (İzmir)
643465,2024-11-17 22:06:01,1.7,314.64375418665793,6.92,0.9088751657088378,Akdeniz - [62.19 km] Kaş (Antalya)
643466,2024-11-17 22:25:24,1.1,449.7895817585384,9.63,0.886201651068511,"Topolovgrad, Hasköy (Bulgaristan) - [33.05 km] Lalapaşa (Edirne)"
643467,2024-11-17 23:07:24,1.1,109.46722157710005,7.02,1.1301898505530465,Germencik (Aydın)
643474,2024-11-18 00:00:35,1.1,91.0934046201327,7.24,2.567602265980748,Pamukkale (Denizli)
643484,2024-11-18 04:54:24,1.5,266.3167019500741,14.13,0.9389016835324516,Marmara Denizi - [12.03 km] Süleymanpaşa (Tekirdağ)
643485,2024-11-18 02:48:53,1.0,101.47089204843846,7.0,0.8544876918763032,Bigadiç (Balıkesir)
643486,2024-11-18 05:02:06,1.8,178.66170761683188,7.0,1.112712695165994,Çameli (Denizli)
643487,2024-11-18 02:01:56,1.4,134.11662584731096,7.0,2.260810541278598,Menderes (İzmir)
643488,2024-11-18 01:59:22,1.9,334.23717201422767,7.0,0.9308370609548606,Beypazarı (Ankara)
643490,2024-11-18 05:47:53,1.9,190.97015778833745,7.0,1.1378466697318226,Altınyayla (Burdur)
643492,2024-11-18 06:42:49,1.0,169.06929991106975,0.23,0.871139156222648,Çameli (Denizli)
643495,2024-11-18 07:00:04,1.3,108.27399497729225,7.0,1.3169383342680918,Kemalpaşa (İzmir)
643498,2024-11-18 08:39:50,2.5,221.4946539579574,13.5,1.738431208361912,"Ege Denizi, Midilli Adası (Lesvos) - [14.00 km] Ayvacık (Çanakkale)"
643499,2024-11-18 08:49:36,1.3,79.56470460465034,17.7,3.0152538446895734,Akhisar (Manisa)
643502,2024-11-18 09:23:56,0.7,63.62907740918074,7.0,2.8130536055557185,Merkez (Uşak)
643505,2024-11-18 10:11:40,1.4,138.75855524737284,7.0,1.2875668294241387,Menteşe (Muğla)
643506,2024-11-18 10:03:29,1.0,184.07023869421965,7.0,0.9889817947693212,Merkez (Kütahya)
643507,2024-11-18 09:48:29,1.6,109.09561936666034,7.0,1.5151654215195574,Soma (Manisa)
643509,2024-11-18 10:21:42,1.1,98.79721845605751,7.0,1.1699749910250175,Gediz (Kütahya)
643510,2024-11-18 10:34:04,1.6,191.00167883512898,7.0,4.973629264442149,Altınyayla (Burdur)
643511,2024-11-18 10:38:54,1.5,227.73116075323333,7.0,0.9198168639720449,Bolvadin (Afyonkarahisar)
643512,2024-11-18 11:35:37,1.7,300.2946177872249,22.4,1.0363043811765813,Ege Denizi - [82.15 km] Datça (Muğla)
643517,2024-11-18 12:03:21,1.2,104.6499577957395,7.0,1.867002626881152,Çivril (Denizli)
643520,2024-11-18 13:29:55,1.6,215.16674340121074,7.0,1.505330548520982,Marmara Denizi - Gemlik Körfezi - [03.86 km] Mudanya (Bursa)
643527,2024-11-18 17:19:18,1.1,149.4496936931925,7.04,0.9823970054862926,Ula (Muğla)
643534,2024-11-18 16:25:13,1.2,335.6491759298568,7.0,1.0892469258292345,Selçuklu (Konya)
643538,2024-11-18 19:50:45,1.7,129.918195061978,7.3,1.9355335854201303,Menderes (İzmir)
643539,2024-11-18 19:48:39,1.1,87.33173416702545,6.96,2.7967462047702716,Kemalpaşa (İzmir)
643543,2024-11-18 20:20:33,0.9,208.53391181019708,7.0,0.9416603215487956,Yalvaç (Isparta)
643544,2024-11-18 20:36:24,2.0,156.72886033863912,7.0,3.833576438524428,Ege Denizi - Kuşadası Körfezi - [20.12 km] Menderes (İzmir)
643545,2024-11-18 22:54:57,2.1,330.1508685419615,6.96,0.9162110758552698,Beypazarı (Ankara)
643549,2024-11-18 20:38:53,1.6,178.65138714503456,6.98,2.3688469895709927,Keles (Bursa)
643555,2024-11-18 23:21:09,1.6,226.47373140724045,8.69,1.4171503838764261,Gemlik (Bursa)
643556,2024-11-18 23:13:30,1.4,154.29163699009837,11.17,1.1933282589920613,Ege Denizi - Kuşadası Körfezi - [19.89 km] Kuşadası (Aydın)
643557,2024-11-19 00:42:26,3.3,234.86334837006953,12.5,9.143859206043443,Ege Denizi - [46.95 km] Karaburun (İzmir)
643563,2024-11-19 00:59:43,1.4,166.4780717528339,6.98,1.10199821540628,Köyceğiz (Muğla)
643564,2024-11-19 00:58:09,1.6,133.00015544208543,7.0,1.4991968585160396,Ege Denizi - Kuşadası Körfezi - [03.72 km] Menderes (İzmir)
643567,2024-11-19 01:35:59,1.9,49.86166567413917,6.93,77.79696479104858,Demirci (Manisa)
643568,2024-11-19 03:16:03,0.7,98.3080593525462,7.08,1.0622282077609055,Pamukkale (Denizli)
643569,2024-11-19 04:31:15,2.1,150.42237159842486,8.13,2.639317755522435,Ege Denizi - Kuşadası Körfezi - [10.10 km] Kuşadası (Aydın)
643572,2024-11-19 04:57:16,2.1,138.22791752356423,7.02,34.78858266311293,Altıntaş (Kütahya)
643574,2024-11-19 05:10:42,2.0,239.87119118693786,7.0,1.1791602673910548,Ayvacık (Çanakkale)
643575,2024-11-19 05:45:01,2.1,386.489178112432,15.8,3.1247466859710156,Akdeniz - [97.92 km] Kumluca (Antalya)
643579,2024-11-19 06:16:41,1.4,241.005840542729,7.13,0.8758820896906364,Biga (Çanakkale)
643580,2024-11-19 06:23:55,1.2,138.3384282822377,6.99,1.2285676913674612,Altıntaş (Kütahya)
643588,2024-11-19 06:59:10,1.1,98.25741678502077,7.0,1.2397461097950786,Pamukkale (Denizli)
643591,2024-11-19 07:17:44,1.5,113.62869599326957,6.9,2.555297614250372,Soma (Manisa)
643594,2024-11-19 07:33:33,1.5,386.94494010665585,16.68,0.8502686766787854,Merkez (Kırklareli)
643597,2024-11-19 08:19:59,0.9,51.49392061131348,7.0,2.4329463349495333,Demirci (Manisa)
643598,2024-11-19 08:25:20,1.6,271.37370673472464,7.0,1.2833814737642284,Akdeniz - [33.32 km] Kaş (Antalya)
643600,2024-11-19 09:01:02,1.0,430.68775867597014,7.0,0.9169098888175705,Bala (Ankara)
643601,2024-11-19 09:05:06,0.7,499.51925138438634,7.0,1.1173979647569714,Mucur (Kırşehir)
643603,2024-11-19 10:03:46,2.1,405.6460328817076,7.0,0.9297000796070256,Çankaya (Ankara)
643605,2024-11-19 10:11:45,1.4,160.79074257106438,7.0,1.5604707043682402,Orhaneli (Bursa)
643612,2024-11-19 09:55:44,1.7,114.63954904161834,7.09,4.563158223474879,Bigadiç (Balıkesir)
643614,2024-11-19 10:17:34,1.3,212.46335346507925,7.06,1.0019603505862684,Gemlik (Bursa)
643615,2024-11-19 10:26:15,1.0,409.46142091166183,7.0,0.9754550767846949,Çankaya (Ankara)
643616,2024-11-19 10:50:31,1.8,230.25048375863304,7.04,1.1801745920113738,Ege Denizi - [42.74 km] Karaburun (İzmir)
643618,2024-11-19 11:08:40,2.0,231.35349458702544,7.0,1.2901355674525037,Marmara Denizi - Erdek Körfezi - [10.53 km] Biga (Çanakkale)
643619,2024-11-19 11:14:33,1.4,130.73808951015613,5.31,1.097058956492895,Dursunbey (Balıkesir)
643622,2024-11-19 11:28:09,0.9,341.6327811487556,4.37,1.0325921244470448,Selçuklu (Konya)
643623,2024-11-19 11:19:16,1.8,186.8428913328729,7.0,1.1572873981817327,Çameli (Denizli)
643625,2024-11-19 11:44:10,1.9,331.9034325447407,7.18,0.9422920071973673,Beypazarı (Ankara)
643626,2024-11-19 11:37:49,1.4,176.57424832771864,6.94,0.9665870421572226,Merkez (Kütahya)
643627,2024-11-19 11:34:13,1.0,242.25759860322003,7.0,0.9279663810496338,Lapseki (Çanakkale)
643632,2024-11-19 12:58:19,1.1,278.35498521940394,4.4,1.064962718181231,Dilovası (Kocaeli)
643633,2024-11-19 12:56:51,0.7,346.10521027750707,7.0,1.1399694859737441,Vize (Kırklareli)
643635,2024-11-19 13:38:33,1.7,255.41906087542307,6.99,1.1077070554594648,Marmara Denizi - [10.64 km] Adalar (İstanbul)
643640,2024-11-19 14:05:07,1.1,359.6300272057487,7.0,0.8633433530357101,Ayaş (Ankara)
643641,2024-11-19 14:04:08,1.9,104.39542219863525,6.94,14.756543993954738,Bigadiç (Balıkesir)
643645,2024-11-19 14:25:51,1.1,254.70771408689114,6.99,1.0142254443409324,Marmara Denizi - [11.27 km] Adalar (İstanbul)
643646,2024-11-19 14:28:14,0.7,333.2015062406264,7.0,0.9687783615944676,Karasu (Sakarya)
643649,2024-11-19 14:39:02,1.0,201.57787467131283,6.77,1.0643145383990193,İnönü (Eskişehir)
643650,2024-11-19 14:50:37,1.6,243.35272757542248,13.06,1.146587519218583,Marmara Denizi - [04.31 km] Çınarcık (Yalova)
643655,2024-11-19 15:20:32,1.0,52.865765184566165,6.94,6.885936990858413,Demirci (Manisa)
643656,2024-11-19 15:47:31,1.2,241.42176317948696,10.85,1.0355397254511602,Lapseki (Çanakkale)
643658,2024-11-19 16:39:15,1.3,255.04348413233814,8.72,1.0111401863005298,Marmara Denizi - [12.08 km] Adalar (İstanbul)
643661,2024-11-19 17:06:19,1.8,232.2957848089583,12.54,1.1175770288019449,Ege Denizi - [44.22 km] Karaburun (İzmir)
643662,2024-11-19 17:12:49,1.2,431.8186895123085,7.46,0.9710082028475073,Bahşili (Kırıkkale)
643663,2024-11-19 17:22:27,1.0,165.05106041119737,7.11,1.017031527179644,Ege Denizi - [25.53 km] Seferihisar (İzmir)
643664,2024-11-19 17:36:53,1.3,245.84166607857676,5.39,1.0372527026571685,Marmara Denizi - [06.18 km] Çınarcık (Yalova)
643665,2024-11-19 17:36:14,0.7,425.4434159251153,7.71,1.0783615349935296,Bahşili (Kırıkkale)
643668,2024-11-19 17:53:46,1.5,223.75369069370686,13.01,0.917645088079715,Akdeniz - [23.24 km] Dalaman (Muğla)
643669,2024-11-19 18:19:10,3.7,221.67913252511437,13.4,11.686497391572635,Akdeniz - [21.21 km] Dalaman (Muğla)
643675,2024-11-19 19:27:30,1.3,146.4386970258587,11.64,1.826969470892602,Mustafakemalpaşa (Bursa)
643676,2024-11-19 19:11:10,0.8,383.62229804934697,7.25,0.9751041282342766,Merkez (Bolu)
643681,2024-11-19 20:44:13,1.0,73.16559442110957,7.0,2.997237400281771,Akhisar (Manisa)
643684,2024-11-19 21:01:51,1.1,124.38480588501687,7.78,1.3299514339605703,Gaziemir (İzmir)
643685,2024-11-19 21:44:38,1.7,224.1716992245107,21.78,1.050944091975659,Akdeniz - [23.33 km] Dalaman (Muğla)
643686,2024-11-19 21:36:40,1.6,242.8124304409958,11.05,1.0910016976503432,Marmara Denizi - [03.72 km] Çınarcık (Yalova)
643687,2024-11-19 22:41:11,1.6,345.85556803156754,11.45,1.021151618332622,Ege Denizi - [42.27 km] Gökçeada (Çanakkale)
643691,2024-11-19 23:24:11,0.8,319.2461130427087,6.96,0.9743439136278553,Gölyaka (Düzce)
643694,2024-11-19 23:43:16,0.8,139.10754077897673,6.72,1.1131232948560588,Kepsut (Balıkesir)
643695,2024-11-19 23:49:41,1.4,491.7239819738582,12.61,0.9751581653801146,Araç (Kastamonu)
643698,2024-11-20 00:05:16,1.2,179.85273665099183,6.99,0.8941647438735996,Ege Denizi - [20.98 km] Dikili (İzmir)
643699,2024-11-20 00:20:35,1.1,197.85771236816868,6.98,1.0675440186569287,Yenice (Çanakkale)
643701,2024-11-20 00:36:55,1.6,210.65151601216868,6.47,1.2236627978928587,Marmara Denizi - [04.43 km] Mudanya (Bursa)
643704,2024-11-20 01:24:52,1.6,239.55234784217078,6.25,1.0538787851588571,Elmalı (Antalya)
643709,2024-11-20 02:04:32,1.9,255.33808305043075,9.36,1.4139315476347747,Marmara Denizi - [10.44 km] Adalar (İstanbul)
643710,2024-11-20 01:59:54,2.1,140.80802144325514,7.0,9.497383549817767,Kepsut (Balıkesir)
643713,2024-11-20 03:17:45,1.4,256.26780481599314,7.07,1.096689076871699,Marmara Denizi - [09.45 km] Adalar (İstanbul)
643714,2024-11-20 03:41:49,1.8,230.0301913184162,6.79,1.1382804124974522,Ege Denizi - [41.68 km] Karaburun (İzmir)
643716,2024-11-20 04:51:52,1.6,112.01237083306292,8.12,2.457450792336667,Germencik (Aydın)
643717,2024-11-20 04:46:30,1.7,181.9541122732901,7.0,1.0803352950934546,Çameli (Denizli)
643718,2024-11-20 05:06:35,2.2,332.82530718123,6.92,0.910664235214049,Beypazarı (Ankara)
643721,2024-11-20 08:13:04,2.6,218.28918963633575,7.03,1.6114251913625823,Akdeniz - [17.47 km] Dalaman (Muğla)
643723,2024-11-20 08:31:43,1.8,432.1013625845229,6.99,1.0370757417762513,Kızılcahamam (Ankara)
643725,2024-11-20 08:50:20,1.1,417.89707949482835,7.0,2.1218807007356797,Pursaklar (Ankara)
643726,2024-11-20 08:58:46,1.1,197.2972351669038,7.0,3.131722778119277,İnönü (Eskişehir)
643727,2024-11-20 09:13:05,1.8,213.58637077194444,7.03,1.798400847166465,Marmara Denizi - Gemlik Körfezi - [02.98 km] Mudanya (Bursa)
643728,2024-11-20 09:01:14,1.4,150.5723367453221,7.0,0.3096897656036127,Tavşanlı (Kütahya)
643730,2024-11-20 09:15:08,1.4,110.44772243839567,7.02,0.9376275242248941,Soma (Manisa)
643734,2024-11-20 10:53:47,2.4,213.0173154535317,6.95,1.806606666960849,Ege Denizi - [46.45 km] Didim (Aydın)
643738,2024-11-20 12:18:04,1.5,224.6090251731866,7.0,0.8634061311707115,Gelendost (Isparta)
643739,2024-11-20 11:48:39,2.3,81.30305840375824,7.0,8.29979358391428,Saruhanlı (Manisa)
643740,2024-11-20 11:51:05,2.7,369.31231300503964,4.99,1.1717086420819283,Ege Denizi - [146.51 km] Datça (Muğla)
643741,2024-11-20 12:56:37,1.1,50.175428030297105,7.0,8.166936897018864,Eşme (Uşak)
643746,2024-11-20 15:31:07,1.3,256.9727677108684,11.4,0.8808805258139882,Akdeniz - [39.33 km] Seydikemer (Muğla)
643749,2024-11-20 16:16:14,1.4,136.57210092953446,8.19,1.4378984385243108,Ege Denizi - Kuşadası Körfezi - [04.70 km] Menderes (İzmir)
643750,2024-11-20 16:09:31,1.0,161.47360874223526,7.0,0.9759781545163034,Ula (Muğla)
643752,2024-11-20 17:10:39,1.1,213.53049563277398,7.15,1.506616775689936,Tepebaşı (Eskişehir)
643755,2024-11-20 17:54:58,1.5,220.1162748247243,6.86,0.9937027922411404,Ege Denizi - [11.98 km] Ayvacık (Çanakkale)
643803,2024-11-21 06:29:05,1.0,440.0199637412804,7.0,0.7915238290381037,Çelebi (Kırıkkale)
643804,2024-11-21 06:39:44,2.0,80.86124347553303,8.89,4.1682700153900205,Pamukkale (Denizli)
643805,2024-11-21 07:27:16,0.8,186.6861503631878,7.0,0.6506454361394777,Merkez (Afyonkarahisar)
643806,2024-11-21 07:37:55,1.5,181.3474909117222,7.0,0.44789027216783023,Edremit (Balıkesir)
643810,2024-11-21 08:56:12,2.1,337.4948904642067,11.79,1.1400166452773328,Beypazarı (Ankara)
643813,2024-11-21 08:54:26,1.3,85.44654892267285,9.4,0.8129778071583418,Pamukkale (Denizli)
643814,2024-11-21 08:59:52,1.1,197.76311626987174,7.0,0.5765293429701711,İnönü (Eskişehir)
643815,2024-11-21 09:16:42,0.9,197.69493440793147,7.0,1.0289982204776231,İnönü (Eskişehir)
643818,2024-11-21 10:07:16,0.9,185.64319326246095,7.0,1.096461964385927,İnönü (Eskişehir)
643820,2024-11-21 12:48:24,2.7,392.50285459875124,7.01,1.102616397287289,Bala (Ankara)
643821,2024-11-21 12:52:27,1.6,160.09669587568143,7.0,0.6190907562957605,Ege Denizi - [20.34 km] Seferihisar (İzmir)
643822,2024-11-21 13:06:17,1.1,115.8820992658844,7.0,1.3290205083336195,Altıeylül (Balıkesir)
643823,2024-11-21 13:00:14,1.9,394.4868261010671,7.0,0.7888621285557482,Bala (Ankara)
643824,2024-11-21 13:26:05,2.0,248.62519841303248,7.01,1.002497754233067,Ege Denizi - [36.54 km] Ayvacık (Çanakkale)
643826,2024-11-21 14:01:04,1.7,393.4170685998249,11.74,0.9144549834147041,Bala (Ankara)
643827,2024-11-21 14:41:04,2.5,162.93687170062248,11.25,2.3990035582353793,Ege Denizi - [06.81 km] Didim (Aydın)
643828,2024-11-21 14:59:04,1.5,161.3938724938937,7.05,0.9557575203225095,Ege Denizi - [22.39 km] Seferihisar (İzmir)
643838,2024-11-21 18:42:48,1.6,102.5287841769991,7.0,1.0926723544267845,Germencik (Aydın)
643841,2024-11-21 19:07:50,1.8,331.7968868356861,7.0,1.0641993948842081,Beypazarı (Ankara)
643843,2024-11-21 20:01:34,1.7,90.10007161334761,7.0,1.7061090629092066,Şehzadeler (Manisa)
643845,2024-11-21 20:26:32,1.9,156.5813651332192,7.14,1.0126848345474089,Ege Denizi - Kuşadası Körfezi - [19.41 km] Menderes (İzmir)
643851,2024-11-21 21:38:50,2.0,227.33351596560811,14.35,1.0583790692499104,Ege Denizi - [46.05 km] Karaburun (İzmir)
643856,2024-11-21 22:45:54,1.5,81.7570651219788,7.0,1.2925687252594913,Akhisar (Manisa)
643858,2024-11-21 23:13:11,1.4,91.69868684495323,6.99,1.1517372764770424,Şehzadeler (Manisa)
643860,2024-11-21 23:41:56,1.1,482.2399929472369,8.77,0.9533194611878362,Akpınar (Kırşehir)
643865,2024-11-22 00:54:30,2.8,345.7596249289405,7.0,1.3049594923966745,Kaynaşlı (Düzce)
643868,2024-11-22 02:28:36,1.6,99.2605142419754,7.37,3.191038046131199,Sındırgı (Balıkesir)
643871,2024-11-22 05:19:53,1.6,212.1457936003393,6.96,0.9259566007614747,Ege Denizi - [10.97 km] Bodrum (Muğla)
643874,2024-11-22 05:36:20,1.7,273.00991973879616,6.99,1.070346448754989,Sivrihisar (Eskişehir)
643875,2024-11-22 06:20:53,1.4,103.54331594603423,7.0,1.1150564707231647,İncirliova (Aydın)
643876,2024-11-22 06:34:33,0.8,56.29994753097506,7.0,1.3202914564838546,Gördes (Manisa)
643878,2024-11-22 06:47:06,1.4,32.76035344210072,7.0,7.817882772267452,Eşme (Uşak)
643879,2024-11-22 06:53:46,1.2,153.62096719036535,7.0,1.0056320179674028,Acıpayam (Denizli)
643886,2024-11-22 08:39:51,1.0,355.9970198160037,7.0,1.1504302793095977,Vize (Kırklareli)
643887,2024-11-22 08:59:02,1.3,51.433862668619696,7.0,4.691395233455112,Eşme (Uşak)
643888,2024-11-22 09:21:37,1.0,359.6983135299043,6.71,1.0466893573587943,Selçuklu (Konya)
643891,2024-11-22 09:29:50,3.9,266.3329464634994,13.2,16.387265081972757,Ege Denizi - [56.30 km] Datça (Muğla)
643892,2024-11-22 09:31:38,2.1,177.10628313177975,12.56,0.5206550477771716,Edremit (Balıkesir)
643893,2024-11-22 09:42:09,0.8,397.0780409443687,7.0,0.6370887129946566,Merkez (Kırklareli)
643898,2024-11-22 10:10:56,1.9,113.98978892959373,7.0,1.4132632092471455,Bigadiç (Balıkesir)
643899,2024-11-22 10:21:02,1.2,176.04160136969756,12.23,1.157633450357449,Burhaniye (Balıkesir)
643900,2024-11-22 10:15:59,0.7,184.68004903374282,7.0,0.6933984094936677,Merkez (Kütahya)
643901,2024-11-22 10:25:28,1.5,203.72185851382815,7.02,0.745761943550397,Kestel (Bursa)
643903,2024-11-22 10:30:23,1.0,101.97657119667946,7.0,0.945530759686152,Hisarcık (Kütahya)
643908,2024-11-22 10:53:53,0.9,489.26359131554756,7.0,0.6503014868302474,Merkez (Kırşehir)
643909,2024-11-22 11:03:52,1.0,166.15787762906078,7.0,0.9021906289062726,Şuhut (Afyonkarahisar)
643914,2024-11-22 11:49:24,1.5,208.87393276875187,7.0,0.7876379110304704,Eğirdir (Isparta)
643915,2024-11-22 11:51:08,2.0,215.25653959162602,7.06,0.9045612921033412,Marmara Denizi - Gemlik Körfezi - [04.70 km] Mudanya (Bursa)
643916,2024-11-22 13:36:45,2.1,336.32037827823564,7.0,0.9303821388147574,Ege Denizi - [114.58 km] Datça (Muğla)
643917,2024-11-22 11:46:47,1.6,213.70768887988046,7.03,0.7613034817994357,Marmara Denizi - Gemlik Körfezi - [02.72 km] Mudanya (Bursa)
643918,2024-11-22 13:33:28,1.0,49.71743028943904,7.0,2.1605521617670522,Ulubey (Uşak)
643920,2024-11-22 14:27:45,0.9,196.97070472942835,7.0,0.9096337346459671,İnönü (Eskişehir)
643921,2024-11-22 14:31:42,1.3,475.01778918553634,7.01,1.351060422810352,"Karnobat, Burgaz (Bulgaristan) - [59.67 km] Kofçaz (Kırklareli)"
643939,2024-11-22 21:25:05,1.4,220.89598030031524,7.0,0.8647760728207159,Korkuteli (Antalya)
643943,2024-11-23 01:55:30,1.5,207.49610330372332,62.5,1.0433745660946248,Ege Denizi - [02.12 km] Marmaris (Muğla)
643944,2024-11-23 01:42:00,1.4,330.8342844746173,7.0,0.8163754169347137,Beypazarı (Ankara)
643945,2024-11-23 01:53:49,1.8,336.8420869098414,7.05,0.7291582996561573,Beypazarı (Ankara)
643955,2024-11-23 05:42:37,1.8,343.53014535107934,6.75,0.7921108961560911,Beypazarı (Ankara)
643956,2024-11-23 06:16:32,2.3,211.9894156963334,10.51,1.1174021162875163,Kestel (Bursa)
643957,2024-11-23 06:11:33,1.8,217.642226974973,6.71,1.1871368941960154,Yenişehir (Bursa)
643959,2024-11-23 07:51:14,1.5,132.11405349937723,7.01,0.8181019845384297,Yatağan (Muğla)
643961,2024-11-23 09:31:29,3.4,467.5521850331652,34.9,0.8152168482370139,"Ege Denizi, Girit Adası (Kriti) - [249.63 km] Datça (Muğla)"
643962,2024-11-23 09:09:38,1.5,52.89397457686878,7.0,2.1286662240174805,Ulubey (Uşak)
643963,2024-11-23 10:56:19,1.7,346.9568104241697,7.07,1.1965596359490465,Beypazarı (Ankara)
643965,2024-11-23 11:51:43,1.7,93.10315217267859,7.0,0.9587908727353529,Pamukkale (Denizli)
643966,2024-11-23 12:57:14,2.6,100.6134299911134,9.96,3.7277708288553337,Bigadiç (Balıkesir)
643968,2024-11-23 13:48:56,1.8,282.68148092695355,7.01,0.6640424344954242,Tuzlukçu (Konya)
643969,2024-11-23 14:42:58,1.3,170.95482909757,7.03,0.8434935341338544,Balya (Balıkesir)
643971,2024-11-23 15:26:25,1.7,152.51891106348705,7.33,1.3497717659438526,Yatağan (Muğla)
643972,2024-11-23 15:03:58,0.9,26.0601533313468,7.0,2.7626694245594234,Salihli (Manisa)
643979,2024-11-23 16:25:52,1.9,186.81720989078934,10.81,0.9933545999357825,Altınyayla (Burdur)
643982,2024-11-23 18:28:54,1.8,264.4654046612578,11.21,1.6151490383631546,Akdeniz - [56.18 km] Marmaris (Muğla)
643983,2024-11-23 18:06:06,1.6,332.30205290706743,7.0,2.0480264773766605,Beypazarı (Ankara)
643984,2024-11-23 18:56:01,1.7,192.72937932802841,8.74,1.2467443141687897,Yenice (Çanakkale)
643988,2024-11-23 20:22:55,1.7,119.82869877186144,9.27,0.9287934879327356,Buca (İzmir)
643994,2024-11-23 21:14:11,0.9,273.57859439233516,7.0,1.1208684632191834,Tuzlukçu (Konya)
643995,2024-11-23 21:10:53,1.6,320.6349010572478,7.0,1.2316596693537791,Gölyaka (Düzce)
644003,2024-11-23 23:38:58,1.7,216.14335163784293,7.0,0.8102813850531989,"Ege Denizi, İstanköy Adası (Kos) - [12.50 km] Bodrum (Muğla)"
644004,2024-11-24 00:09:58,1.6,158.9928009318315,7.01,1.090066762462651,Ula (Muğla)
644022,2024-11-24 04:52:38,1.6,219.37587771298072,7.02,0.8818886229447835,Biga (Çanakkale)
644031,2024-11-24 07:17:13,1.8,166.46003414477917,6.93,0.9913011989068954,Menteşe (Muğla)
644033,2024-11-24 08:39:57,2.4,290.98460835894383,12.9,0.9244273028299845,Akdeniz - [86.22 km] Seydikemer (Muğla)
644036,2024-11-24 12:12:20,1.9,260.77494567276426,7.02,0.94175040467899,Ege Denizi - [73.01 km] Karaburun (İzmir)
644040,2024-11-24 15:18:27,2.1,79.18601226808768,8.29,4.37717415360877,Pamukkale (Denizli)
644041,2024-11-24 15:13:36,1.8,114.29841039548913,6.93,1.1056556462105016,Bigadiç (Balıkesir)
644045,2024-11-24 16:41:39,1.5,170.4311830436323,7.0,0.810608737143528,Merkez (Burdur)
644047,2024-11-24 18:15:45,1.2,351.7269439865535,7.06,1.308039603436118,Merkez (Bolu)
644048,2024-11-24 18:25:03,2.3,240.6480919687392,10.18,1.2850344044678967,Biga (Çanakkale)
644051,2024-11-24 19:26:17,1.6,209.7435909415978,7.01,1.083552606039902,Ege Denizi - [24.91 km] Çeşme (İzmir)
644052,2024-11-24 19:56:18,1.4,139.51887256983713,7.92,1.0096843666307085,Yatağan (Muğla)
644054,2024-11-24 20:29:51,1.3,156.18994358754497,6.94,0.9501065328000918,Ula (Muğla)
644057,2024-11-24 23:29:22,2.1,286.2594779033858,13.71,1.0541569538261546,Ege Denizi - [43.43 km] Bozcaada (Çanakkale)
644059,2024-11-25 00:24:45,1.8,225.25290506073728,7.02,1.0784181904344246,Ege Denizi - [29.24 km] Çeşme (İzmir)
644060,2024-11-25 00:44:57,1.8,82.98010017475727,7.04,4.851901159079125,Merkezefendi (Denizli)
644061,2024-11-25 00:58:20,1.3,331.17270899538994,7.31,0.961001874016503,Beypazarı (Ankara)
644062,2024-11-25 01:39:18,1.3,155.68135886922192,7.01,1.0179978589097938,Köyceğiz (Muğla)
644063,2024-11-25 01:49:10,1.3,128.93182882109727,9.79,2.212835456481957,Dursunbey (Balıkesir)
644065,2024-11-25 03:11:50,2.0,294.3115267104885,7.3,0.8671810631771264,Mihalıcçık (Eskişehir)
644069,2024-11-25 05:00:38,1.4,99.8457567236415,7.04,1.9941977362096166,Bigadiç (Balıkesir)
644072,2024-11-25 07:20:24,1.4,150.67134722333978,10.48,0.8690540642121416,Karesi (Balıkesir)
644074,2024-11-25 08:30:03,1.2,110.10515767539329,7.0,1.2777725891888043,Soma (Manisa)
644077,2024-11-25 11:18:33,2.0,464.0756922519574,7.11,0.9471296742910107,Ayrancı (Karaman)
644079,2024-11-25 11:35:27,2.1,262.9113811082048,10.38,0.8952791895241063,Ege Denizi - [03.73 km] Bozcaada (Çanakkale)
644080,2024-11-25 10:49:04,1.0,168.8296293295148,7.0,1.0724865345825731,Urla (İzmir)
644081,2024-11-25 11:55:05,0.9,63.43708405439303,7.0,1.2915979686137136,Merkez (Uşak)
644083,2024-11-25 12:16:10,1.3,50.235839528510134,7.0,11.077562776288913,Eşme (Uşak)
644090,2024-11-25 14:08:54,2.0,201.46202892135778,6.97,0.9956098070323509,Ege Denizi - [45.43 km] Didim (Aydın)
644094,2024-11-25 15:34:34,1.0,49.229332278538344,7.0,7.292922857297263,Eşme (Uşak)
644095,2024-11-25 15:36:31,1.0,51.72942007655541,6.99,8.83012279458769,Ulubey (Uşak)
644096,2024-11-25 16:06:00,1.8,222.1795898220538,7.01,0.8585261937769747,"Ege Denizi, Midilli Adası (Lesvos) - [16.26 km] Ayvacık (Çanakkale)"
644098,2024-11-25 17:28:43,3.6,378.26381220622056,8.11,6.020083705907719,Akdeniz - [155.47 km] Datça (Muğla)
644099,2024-11-25 17:03:56,1.6,193.576642593386,11.61,1.4644316668608766,Osmangazi (Bursa)
644100,2024-11-25 17:49:42,2.0,217.87921800600017,7.05,1.2433309638174213,Ege Denizi - [28.02 km] Karaburun (İzmir)
644110,2024-11-25 19:25:07,2.7,413.93273989422744,28.08,1.1302140351453123,Akdeniz - [102.47 km] Gazipaşa (Antalya)
644111,2024-11-25 21:24:44,2.2,108.41140648622634,7.0,2.7747618315027274,Germencik (Aydın)
644112,2024-11-25 21:28:43,2.2,106.07640418653592,7.0,2.874974533475037,Germencik (Aydın)
644113,2024-11-25 21:25:55,1.9,108.63560066357853,7.0,0.6304872339820644,Germencik (Aydın)
644115,2024-11-25 21:50:49,2.2,238.01125054846375,32.42,0.9692156875074708,Akdeniz - [43.14 km] Marmaris (Muğla)
644116,2024-11-25 21:33:42,2.0,105.95115777234113,5.34,1.761426035760839,Germencik (Aydın)
644119,2024-11-25 22:12:48,1.2,223.94971419246895,6.94,1.1651848840914103,Biga (Çanakkale)
644124,2024-11-26 00:10:01,1.1,463.1397911509547,7.0,0.8836915607677728,Kalecik (Ankara)
644131,2024-11-26 03:56:08,1.7,199.38490084051722,7.0,1.168607277882892,Ağlasun (Burdur)
644132,2024-11-26 03:51:19,1.7,338.5983669436121,7.0,1.1302393030906945,Beypazarı (Ankara)
644133,2024-11-26 03:58:13,1.8,294.10054589103294,41.96,0.9943155498124528,Akdeniz - [40.60 km] Kaş (Antalya)
644135,2024-11-26 04:33:44,2.4,132.03885476282542,7.0,5.781101065880891,Ege Denizi - Kuşadası Körfezi - [06.98 km] Selçuk (İzmir)
644136,2024-11-26 04:34:44,1.9,420.12665683121634,55.34,0.8462709335879396,Akdeniz - [20.22 km] Gazipaşa (Antalya)
644141,2024-11-26 07:28:48,1.1,104.70526240642442,7.0,1.2637574640946583,Hisarcık (Kütahya)
644144,2024-11-26 07:49:02,1.7,238.61940603922383,7.0,0.9346996336261273,Elmalı (Antalya)
644145,2024-11-26 07:58:53,1.0,375.9867067977779,7.0,1.0497342112506716,Merkez (Bolu)
644147,2024-11-26 08:57:19,1.2,109.89670821003179,7.0,1.2456193850320003,Soma (Manisa)
644151,2024-11-26 09:12:25,1.5,117.26618977055178,6.91,1.742359146061194,Bigadiç (Balıkesir)
644153,2024-11-26 09:54:04,1.3,149.9775897275125,7.08,7.364385377360913,Tavşanlı (Kütahya)
644154,2024-11-26 10:20:50,1.3,439.5316754621034,10.0,0.9880527308336278,Çelebi (Kırıkkale)
644155,2024-11-26 09:45:03,1.0,101.44356463244966,7.0,1.1962545128133917,Hisarcık (Kütahya)
644156,2024-11-26 09:46:07,1.1,106.07206055053392,7.08,1.9814972254795762,Emet (Kütahya)
644157,2024-11-26 09:14:49,1.3,110.81957024307104,7.02,1.6634195110006451,Bigadiç (Balıkesir)
644158,2024-11-26 11:04:14,1.2,380.42905362757995,7.0,0.665065016087387,Demirköy (Kırklareli)
644163,2024-11-26 11:50:03,1.2,240.0381922937009,12.79,1.0339670772631762,Çınarcık (Yalova)
644166,2024-11-26 12:56:48,2.7,480.388456870137,38.3,1.520460107734158,Akdeniz - [266.16 km] Kaş (Antalya)
644169,2024-11-26 13:33:12,1.4,160.91991294759302,20.7,2.0744799352563894,Orhaneli (Bursa)
644173,2024-11-26 13:59:45,2.1,488.7753219522219,9.05,1.0123316969042915,Akpınar (Kırşehir)
644175,2024-11-26 14:53:06,2.1,113.57296329791116,8.4,9.39260478017979,Bigadiç (Balıkesir)
644176,2024-11-26 15:24:09,3.2,282.4017524626887,45.51,3.014618849611289,Ege Denizi - [78.91 km] Datça (Muğla)
644177,2024-11-26 15:41:02,1.2,240.5027136956289,10.49,0.9934468519424843,Ege Denizi - [04.58 km] Ayvacık (Çanakkale)
644178,2024-11-26 15:40:46,1.7,205.8856290777813,48.41,1.0844902485021206,Akdeniz - [04.81 km] Marmaris (Muğla)
644182,2024-11-26 16:52:03,1.3,100.97442037002489,5.14,2.9981387058711606,Dursunbey (Balıkesir)
644183,2024-11-26 16:53:25,1.0,100.93942465856593,3.68,1.308823990478014,Dursunbey (Balıkesir)
644190,2024-11-26 17:27:05,1.7,223.6585423682028,7.14,1.243754192584196,Ege Denizi - [26.01 km] Çeşme (İzmir)
644191,2024-11-26 17:27:38,1.3,222.36815551420653,5.43,1.0420733679301803,Ege Denizi - [31.50 km] Çeşme (İzmir)
644192,2024-11-26 17:28:41,1.8,225.27327532564905,13.28,1.1606918020241994,Ege Denizi - [33.30 km] Çeşme (İzmir)
644199,2024-11-26 18:25:24,1.0,100.14191910794892,4.4,1.9647581708975588,Dursunbey (Balıkesir)
644203,2024-11-26 19:40:28,2.3,329.87633627116054,7.0,1.100383371321719,Beypazarı (Ankara)
644204,2024-11-26 19:34:54,1.2,180.13793728921172,6.98,0.9677794006961092,Ege Denizi - [21.42 km] Dikili (İzmir)
644208,2024-11-26 22:07:52,1.6,265.0606698475731,10.58,1.1082518319917043,Marmara Denizi - [15.33 km] Marmara (Balıkesir)
644209,2024-11-26 22:41:18,0.8,65.3180550901069,5.44,1.3813874882964436,Akhisar (Manisa)
644210,2024-11-26 22:43:50,1.0,120.30069919291064,7.0,1.0070781368286694,Aslanapa (Kütahya)
644223,2024-11-26 21:25:32,1.4,221.4315388544067,6.98,1.09149305421358,Eğirdir (Isparta)
667526,2024-11-19 07:46:15,3.7,241.1920347994078,10.27,30.251779090664137,Lapseki (Çanakkale)
644224,2024-11-27 01:50:07,2.6,264.6324983816263,7.92,4.247689225532355,Marmara Denizi - [15.18 km] Marmara (Balıkesir)
644225,2024-11-27 01:28:44,1.1,266.5107105602899,6.94,0.9154255858749643,Marmara Denizi - [15.21 km] Marmara (Balıkesir)
644226,2024-11-27 01:56:03,1.8,264.582033614852,9.55,1.1773847985597807,Marmara Denizi - [15.59 km] Marmara (Balıkesir)
644227,2024-11-27 01:58:26,1.8,263.78308862190187,11.99,1.1977460636159376,Marmara Denizi - [14.53 km] Marmara (Balıkesir)
644228,2024-11-27 01:09:19,1.0,138.06919386690114,10.04,1.0459584803215916,Bergama (İzmir)
644245,2024-11-27 00:50:34,1.0,433.8225393447599,6.89,1.025518673870032,Bahşili (Kırıkkale)
644247,2024-11-27 02:12:14,1.1,265.1003123756224,6.99,1.0446263838050003,Marmara Denizi - [14.68 km] Marmara (Balıkesir)
644248,2024-11-27 02:01:39,1.7,205.14268548102655,6.25,1.1374524118733553,Ege Denizi - [03.02 km] Bodrum (Muğla)
644249,2024-11-27 02:06:25,1.0,103.32059907440936,3.82,1.2930302431918472,Hisarcık (Kütahya)
644254,2024-11-27 03:14:52,2.4,268.05264380824497,12.09,5.036093027483942,Marmara Denizi - [17.51 km] Marmara (Balıkesir)
644259,2024-11-27 03:38:39,1.3,143.08672893725344,7.59,1.1243795554363525,Ege Denizi - Kuşadası Körfezi - [06.72 km] Kuşadası (Aydın)
644260,2024-11-27 03:31:03,1.3,233.18517943571374,10.25,1.0435155003405505,Ege Denizi - [23.41 km] Marmaris (Muğla)
644261,2024-11-27 03:40:11,1.1,198.99659008908333,6.17,0.9807567598414392,Datça (Muğla)
644266,2024-11-27 04:16:25,1.1,132.33853320175706,6.85,1.176927325563336,Menderes (İzmir)
644268,2024-11-27 04:38:56,1.4,268.07671631077716,5.84,1.0790250748964016,Marmara Denizi - [16.95 km] Marmara (Balıkesir)
644269,2024-11-27 04:46:38,1.5,265.7907189966499,4.33,1.0560790439320031,Marmara Denizi - [15.86 km] Marmara (Balıkesir)
644270,2024-11-27 05:22:03,1.9,122.40063888631816,7.0,5.871299555917896,Dursunbey (Balıkesir)
644272,2024-11-27 05:19:33,1.3,110.64079838909304,7.44,2.5823423993943764,Çavdarhisar (Kütahya)
644273,2024-11-27 05:01:28,1.3,126.72589063507579,5.11,1.2088675782280833,Menderes (İzmir)
644275,2024-11-27 05:52:17,1.5,231.387901063757,7.06,0.9481787576035056,Ege Denizi - [33.23 km] Çeşme (İzmir)
644278,2024-11-27 06:41:01,1.2,109.18571399514889,6.94,1.9150380147072832,Kınık (İzmir)
644281,2024-11-27 06:50:47,2.3,493.58185556818603,12.29,0.9932230496241478,Amasra (Bartın)
644282,2024-11-27 06:57:06,1.6,136.06920519071755,7.0,1.7823217848113453,Ege Denizi - Kuşadası Körfezi - [06.06 km] Menderes (İzmir)
644284,2024-11-27 07:11:49,1.4,170.94131762052632,7.0,1.4368428480183388,Mustafakemalpaşa (Bursa)
644286,2024-11-27 07:35:06,1.0,203.67513909421172,7.0,1.0613555088321696,Tepebaşı (Eskişehir)
644287,2024-11-27 07:55:24,1.4,126.45047170399188,6.91,1.129931025580927,Menderes (İzmir)
644288,2024-11-27 08:06:58,1.6,111.14036187667035,7.0,1.2876635126390574,Soma (Manisa)
644290,2024-11-27 08:37:27,1.4,104.26170072760269,7.0,1.8793486263869812,Akhisar (Manisa)
644293,2024-11-27 09:37:44,1.6,155.35168806102294,7.05,1.884373871876737,Orhaneli (Bursa)
644295,2024-11-27 10:22:32,2.2,222.7821284887069,7.09,2.4654344403702573,Gelendost (Isparta)
644296,2024-11-27 10:01:52,1.7,189.2512454075793,7.04,0.9583526495663526,Ege Denizi - Gökova Körfezi - [08.97 km] Bodrum (Muğla)
644298,2024-11-27 09:55:58,2.0,397.4807452001952,10.8,1.0241770029633022,Akdeniz - [100.40 km] Gazipaşa (Antalya)
644299,2024-11-27 09:53:28,1.8,393.6342991969456,6.84,1.0059504452110064,Akdeniz - [96.37 km] Gazipaşa (Antalya)
644300,2024-11-27 10:33:46,1.4,117.37321553963478,8.9,1.5562992267991151,Bigadiç (Balıkesir)
644301,2024-11-27 10:45:18,1.7,230.19303478028087,8.42,1.0596441859363461,Ezine (Çanakkale)
644303,2024-11-27 11:53:13,1.4,82.28673236301344,7.0,1.6579308278969398,Simav (Kütahya)
644304,2024-11-27 12:14:07,1.1,311.2802222682312,7.0,0.945515820694126,Seydişehir (Konya)
644306,2024-11-27 12:30:59,0.9,50.35639532293083,7.0,4.400692565530735,Eşme (Uşak)
644311,2024-11-27 14:06:21,1.2,119.92540675635385,7.0,1.0104302085516048,Selçuk (İzmir)
644316,2024-11-27 15:46:10,1.5,190.60463813289226,6.63,1.0603129503400166,Ege Denizi - [28.09 km] Didim (Aydın)
644320,2024-11-27 16:46:14,2.0,193.31652199667897,8.17,1.2203683452818124,Akdeniz - [09.19 km] Köyceğiz (Muğla)
644321,2024-11-27 16:36:12,1.4,189.63655022330883,6.88,1.0798439653015792,Ege Denizi - [27.24 km] Didim (Aydın)
644323,2024-11-27 17:01:57,1.5,158.504211658786,6.99,1.1349304823751625,Ula (Muğla)
644324,2024-11-27 17:43:56,1.8,200.69756661209254,10.23,1.6969902075392782,Ege Denizi - [43.91 km] Didim (Aydın)
644326,2024-11-27 18:08:13,1.9,331.2962078632213,6.88,1.0338206887673,Beypazarı (Ankara)
644327,2024-11-27 18:57:28,1.7,43.463006186401856,11.87,35.32447299101058,Buldan (Denizli)
644329,2024-11-27 19:47:27,1.9,126.50720828191113,7.0,2.622904078614591,Kınık (İzmir)
644332,2024-11-27 20:37:30,0.9,97.48175076678675,7.0,1.2915550462229475,Dursunbey (Balıkesir)
644340,2024-11-27 21:40:07,1.9,492.65323229538524,11.24,1.0086630111944648,Amasra (Bartın)
644343,2024-11-27 21:58:12,1.2,100.91242760811853,8.3,3.2483427127059676,Bigadiç (Balıkesir)
644352,2024-11-28 00:11:57,2.3,240.26212964132833,10.42,1.460649476912446,Biga (Çanakkale)
644359,2024-11-28 03:41:44,1.8,172.273096539719,12.67,1.61253479588396,Burhaniye (Balıkesir)
644362,2024-11-28 02:03:49,2.0,330.93357509017017,6.91,1.0815063178998876,Beypazarı (Ankara)
644363,2024-11-28 02:14:56,1.7,104.87759722177657,11.02,6.906106847375021,Emet (Kütahya)
644364,2024-11-28 02:18:37,1.0,106.47207294571636,11.46,1.4875249727616011,Emet (Kütahya)
644365,2024-11-28 01:55:17,2.3,263.88859774071574,34.48,1.5135996534770844,Manavgat (Antalya)
644368,2024-11-28 01:04:32,1.5,265.57126405196476,7.76,1.0144918374929486,Akdeniz - [56.09 km] Marmaris (Muğla)
644379,2024-11-28 06:19:54,1.6,167.58832489747383,10.81,2.301620042558819,Ege Denizi - [10.45 km] Didim (Aydın)
644383,2024-11-28 08:26:23,1.4,99.8387202002598,7.0,2.141561826922978,Bigadiç (Balıkesir)
644385,2024-11-28 08:32:47,1.3,111.69277575199915,6.56,1.109703776760348,Soma (Manisa)
644387,2024-11-28 08:47:34,1.1,429.8846483775554,7.0,0.8421793994643211,Bala (Ankara)
644388,2024-11-28 09:26:41,1.1,334.6576053556184,27.9,1.0814410012240179,Çatalca (İstanbul)
644389,2024-11-28 09:55:32,1.8,119.95020372067987,15.0,2.529408670021362,Bigadiç (Balıkesir)
644390,2024-11-28 09:56:53,1.1,147.18747064437403,6.3,0.7703742350095073,Tavşanlı (Kütahya)
644391,2024-11-28 10:16:49,0.9,433.97578778762426,24.6,1.0306554299791872,"Lyubimets, Hasköy (Bulgaristan) - [24.34 km] Merkez (Edirne)"
644393,2024-11-28 12:02:56,2.7,426.86858788833945,11.65,1.2183510444342989,Ege Denizi
644395,2024-11-28 12:03:13,1.3,161.74438721614797,7.0,0.958900251123736,Ege Denizi - [07.79 km] Didim (Aydın)
644399,2024-11-28 13:35:18,1.3,211.01524950978197,7.45,0.964850019286576,Biga (Çanakkale)
644402,2024-11-28 15:25:22,0.9,84.82126643404592,7.07,1.7307964216564646,Pamukkale (Denizli)
644403,2024-11-28 15:16:16,1.2,362.5616077965032,6.95,0.9295858657028273,Alanya (Antalya)
644406,2024-11-28 15:53:58,1.0,221.72583350399785,7.07,0.9604432380549041,Gelendost (Isparta)
644407,2024-11-28 16:41:37,1.3,361.83496670637714,7.72,0.93426163597221,Alanya (Antalya)
644408,2024-11-28 16:59:36,1.1,169.47857758519254,6.95,1.044677949578306,Merkez (Afyonkarahisar)
644410,2024-11-28 19:04:34,1.5,157.3127255374657,9.88,1.1218528487296742,Acıpayam (Denizli)
644411,2024-11-28 19:01:57,1.4,180.0988026832137,6.89,0.9512448698425696,Ege Denizi - [22.67 km] Dikili (İzmir)
644412,2024-11-28 18:18:23,1.5,225.5498703464072,6.17,1.0794734489941178,"Ege Denizi, Midilli Adası (Lesvos) - [13.70 km] Ayvacık (Çanakkale)"
644414,2024-11-28 19:54:57,1.0,164.76674309814956,7.15,1.0622653845562915,Ege Denizi - [24.73 km] Seferihisar (İzmir)
644415,2024-11-28 20:39:42,1.3,38.896505790155146,6.87,17.33927726902008,Salihli (Manisa)
644416,2024-11-28 20:37:17,1.4,120.09690013448888,7.0,1.6357266539514381,Menderes (İzmir)
644417,2024-11-28 20:43:20,1.4,225.61608331768733,6.37,0.8633264789545048,Akdeniz - [24.66 km] Dalaman (Muğla)
644418,2024-11-28 21:16:10,1.7,220.96981834835745,6.34,1.0048836092686735,Akdeniz - [19.85 km] Dalaman (Muğla)
644419,2024-11-28 21:17:19,1.6,223.84372469662716,7.0,0.9474916724269948,Akdeniz - [22.61 km] Dalaman (Muğla)
644420,2024-11-28 21:20:24,1.3,226.77538268552982,5.42,1.0122880729650903,Akdeniz - [24.66 km] Fethiye (Muğla)
644421,2024-11-28 21:12:45,0.9,102.83847114578148,7.03,1.4435988221664706,Hisarcık (Kütahya)
644422,2024-11-28 21:09:45,0.8,283.9548809882332,7.13,0.940787971267423,Ilgın (Konya)
644428,2024-11-29 03:13:16,1.6,241.62519142763705,6.96,1.0704106077189937,Lapseki (Çanakkale)
644429,2024-11-29 03:14:58,0.9,240.29283941603933,6.89,1.0991083805379012,Lapseki (Çanakkale)
644430,2024-11-29 03:07:26,0.9,105.3570905557616,7.09,0.9973474246283585,Hisarcık (Kütahya)
644431,2024-11-29 02:55:51,1.1,297.7195726905397,6.97,1.0656776178242127,Akyazı (Sakarya)
644432,2024-11-29 02:54:40,1.1,93.03133650840685,7.01,2.554623737334583,Pamukkale (Denizli)
644435,2024-11-29 02:10:19,1.7,91.75011426513348,7.01,5.304724148813722,Pamukkale (Denizli)
644436,2024-11-29 02:12:08,1.3,92.41212066258956,7.04,2.904506059169053,Pamukkale (Denizli)
644437,2024-11-29 02:13:42,1.1,94.38781617340071,7.65,1.7217801808548716,Pamukkale (Denizli)
644439,2024-11-29 02:15:29,0.7,92.48518019330822,7.04,0.56908975560358,Pamukkale (Denizli)
644445,2024-11-29 00:27:00,1.2,264.3259457643683,6.98,1.0127214183255266,Marmara Denizi - [13.06 km] Marmara (Balıkesir)
644447,2024-11-29 05:23:44,2.0,67.26143520946734,12.31,43.67610921521014,Pamukkale (Denizli)
644448,2024-11-29 05:21:56,1.4,163.14303564093402,7.04,1.0951830875941768,Köyceğiz (Muğla)
644449,2024-11-29 05:46:52,1.2,118.49880157806365,7.0,1.2119597364982584,Selçuk (İzmir)
644450,2024-11-28 14:37:46,1.2,198.3274940648399,7.0,1.7217175779511957,İnönü (Eskişehir)
644453,2024-11-29 06:43:18,1.3,163.80281696158073,7.0,1.062282803009118,Ege Denizi - [22.44 km] Seferihisar (İzmir)
644460,2024-11-29 09:01:50,0.8,49.288749553468676,7.0,10.311051180638646,Eşme (Uşak)
644461,2024-11-29 09:12:03,1.0,117.4399084169608,7.0,1.2782277662319625,Emet (Kütahya)
644464,2024-11-29 09:24:27,1.4,107.44684032638136,7.01,2.477336088243317,Soma (Manisa)
644468,2024-11-29 10:01:11,1.0,49.38390481387421,6.98,5.234469328953083,Eşme (Uşak)
644469,2024-11-29 10:26:08,2.2,436.4539996769562,7.64,0.8615068681054522,Yahşihan (Kırıkkale)
644470,2024-11-29 10:21:47,1.0,8.021221462056344,7.0,37.85645365283445,Kula (Manisa)
644471,2024-11-29 10:42:26,1.2,153.36876973851554,7.0,1.0157235729177705,Tavşanlı (Kütahya)
644476,2024-11-29 12:10:22,1.2,220.01944203737307,6.86,1.0300438535477796,Ege Denizi - [18.21 km] Marmaris (Muğla)
644478,2024-11-29 12:33:24,1.6,251.2645266196906,7.0,1.074217723276349,Marmara Denizi - [23.35 km] Armutlu (Yalova)
644479,2024-11-29 09:56:51,1.2,288.97210018168096,8.53,0.9915336154128349,Körfez (Kocaeli)
644482,2024-11-29 13:52:52,1.7,335.49191293646487,7.72,0.9985399210235208,Beypazarı (Ankara)
644483,2024-11-29 13:51:04,0.7,288.90488462457256,7.0,0.9144786622834217,Ilgın Gölü - [02.06 km] Ilgın (Konya)
644485,2024-11-29 14:40:51,3.3,119.74647307398872,7.01,68.87601139608739,Gediz (Kütahya)
644486,2024-11-29 15:02:29,1.3,152.1992183839347,7.0,2.026866276071207,Altıntaş (Kütahya)
644487,2024-11-29 15:21:29,1.4,116.06819186741794,16.59,1.4833033160327538,Bigadiç (Balıkesir)
644490,2024-11-29 16:07:03,2.1,329.09764768994114,7.0,0.9746972661471779,Beypazarı (Ankara)
644491,2024-11-29 16:11:48,2.8,131.73690712789156,7.0,24.221155501668125,Yeşilova (Burdur)
644494,2024-11-29 16:49:07,1.2,37.152322689242375,7.02,9.67060027816421,Salihli (Manisa)
644496,2024-11-29 17:43:02,1.0,186.1879272305987,8.7,0.9541243030090342,Nilüfer (Bursa)
644497,2024-11-29 17:52:36,1.2,132.0576429771164,7.7,1.1295176243299185,Kuşadası (Aydın)
644498,2024-11-29 17:46:48,1.3,115.57558453310467,7.01,2.1703498621244743,Bozkurt (Denizli)
644499,2024-11-29 17:44:46,2.0,115.45943306196853,13.53,4.834346105352676,Bozkurt (Denizli)
644501,2024-11-29 18:07:09,1.6,163.09927422426546,7.0,1.1346357706913817,Ege Denizi - [26.22 km] Seferihisar (İzmir)
644502,2024-11-29 18:23:06,1.7,163.90590913168293,7.0,1.4135886993355242,Ege Denizi - [27.20 km] Seferihisar (İzmir)
644503,2024-11-29 19:13:15,4.8,406.6770087786275,34.79,215.55741201808596,Akdeniz - [74.09 km] Gazipaşa (Antalya)
644505,2024-11-29 20:14:46,2.2,90.25849482378864,7.0,5.723699945365701,Pamukkale (Denizli)
644506,2024-11-29 19:22:43,1.8,400.47889974837585,17.49,1.0137865352195843,Akdeniz - [54.88 km] Gazipaşa (Antalya)
644507,2024-11-29 20:32:18,2.5,404.2689920314812,26.22,1.6876877686023395,Akdeniz - [59.11 km] Gazipaşa (Antalya)
644509,2024-11-29 21:28:58,1.1,270.753113868164,10.13,1.1340402906493114,Marmara Denizi - [00.81 km] Şarköy (Tekirdağ)
644510,2024-11-29 21:10:51,1.0,91.68064958192019,7.0,1.241662039197359,Pamukkale (Denizli)
644513,2024-11-29 21:42:32,1.0,237.35200515081908,9.71,1.1108470758422704,Sultandağı (Afyonkarahisar)
644514,2024-11-29 21:54:02,0.9,92.64696150901432,7.0,1.1673176392454574,Pamukkale (Denizli)
644515,2024-11-29 22:35:26,0.8,93.02920775067578,7.0,1.3099071771221853,Pamukkale (Denizli)
644517,2024-11-29 23:05:17,3.0,295.3833130653566,11.91,2.155546723429618,Ege Denizi - [73.26 km] Datça (Muğla)
644519,2024-11-29 23:58:20,3.4,153.76429130323876,11.95,39.14195194190245,Ege Denizi - Kuşadası Körfezi - [19.10 km] Kuşadası (Aydın)
644523,2024-11-30 00:02:51,1.5,153.27821085129185,12.8,1.9721370100588629,Ege Denizi - Kuşadası Körfezi - [19.28 km] Kuşadası (Aydın)
644524,2024-11-30 00:28:18,1.5,149.57058191397562,15.32,1.5481412155691148,Ege Denizi - Kuşadası Körfezi - [15.14 km] Kuşadası (Aydın)
644525,2024-11-30 00:13:06,1.4,151.97713104825857,7.0,1.2048759021215811,Ege Denizi - Kuşadası Körfezi - [17.58 km] Kuşadası (Aydın)
644526,2024-11-30 00:42:07,0.7,488.7863883395491,7.0,0.9758919555007699,Merkez (Kırşehir)
644528,2024-11-30 01:23:31,2.4,413.2314788868442,15.13,1.7865709271112442,Akdeniz - [190.53 km] Datça (Muğla)
644529,2024-11-30 01:37:13,2.0,152.86037271813132,7.0,1.6982509926973255,Ege Denizi - Kuşadası Körfezi - [18.23 km] Kuşadası (Aydın)
644530,2024-11-30 01:32:06,2.2,280.1297320374869,4.17,1.040122980027769,Ege Denizi - [61.80 km] Datça (Muğla)
644532,2024-11-30 01:39:05,1.3,148.0842938901797,7.0,1.07195431572668,Ege Denizi - Kuşadası Körfezi - [13.94 km] Kuşadası (Aydın)
644533,2024-11-30 01:43:34,1.6,148.1302610989547,6.89,1.1480027415405631,Ege Denizi - Kuşadası Körfezi - [13.62 km] Kuşadası (Aydın)
644534,2024-11-30 01:50:04,1.5,146.18946991621775,7.0,1.1703687579310849,Ege Denizi - Kuşadası Körfezi - [12.19 km] Kuşadası (Aydın)
644535,2024-11-30 02:16:46,3.2,323.56992470688874,7.0,1.4258558357911484,Ege Denizi
644536,2024-11-30 02:24:36,1.4,148.99608326540866,6.95,1.1079317815110457,Ege Denizi - Kuşadası Körfezi - [15.12 km] Kuşadası (Aydın)
644539,2024-11-30 03:49:44,1.5,248.9468263434176,7.0,0.8989012016787967,Geyve (Sakarya)
644543,2024-11-30 05:39:28,1.7,326.4693945941494,7.0,1.0052382960355213,Beypazarı (Ankara)
644545,2024-11-30 06:04:48,1.5,218.35598879476686,6.98,0.8104484532377364,Çan (Çanakkale)
644546,2024-11-30 05:50:19,1.7,332.2195577568918,6.98,0.7760211327056868,Beypazarı (Ankara)
644548,2024-11-30 06:24:22,2.0,156.76161768312562,6.97,1.2179994593151375,Ege Denizi - Kuşadası Körfezi - [21.50 km] Kuşadası (Aydın)
644549,2024-11-30 07:37:11,2.2,105.95420186144923,3.97,2.6878218888628496,Germencik (Aydın)
644550,2024-11-30 07:55:26,2.0,294.6145267723151,13.42,1.083710488017193,Ege Denizi - [77.02 km] Datça (Muğla)
644552,2024-11-30 08:32:08,1.8,96.50071925544867,5.03,2.4581427061416914,Tire (İzmir)
644553,2024-11-30 08:41:44,1.4,215.87277461550866,7.0,0.8647483729550549,Çan (Çanakkale)
644561,2024-11-30 09:26:56,1.5,223.18583030528893,7.0,0.9300494145612315,Tepebaşı (Eskişehir)
644562,2024-11-30 09:49:39,1.8,159.04210937299908,7.12,1.0594533457687512,"Ege Denizi, Sisam Adası (Samos) - [20.65 km] Kuşadası (Aydın)"
644563,2024-11-30 09:57:34,1.3,114.58982918912244,7.0,0.8219299822293235,Emet (Kütahya)
644564,2024-11-30 09:44:58,1.5,154.15232537166983,7.0,1.1616705821298041,Tavşanlı (Kütahya)
644565,2024-11-30 09:45:31,1.5,150.08968070621773,7.0,1.391444035658291,Tavşanlı (Kütahya)
644571,2024-11-30 10:05:24,2.4,349.95829331488915,7.0,1.0504976046419334,Akdeniz - [134.20 km] Datça (Muğla)
644572,2024-11-30 10:57:38,1.3,349.4865449472486,7.0,1.0453231613961278,Selçuklu (Konya)
644573,2024-11-30 11:23:48,1.0,443.3435083959036,7.0,1.0422941575058788,Orta (Çankırı)
644576,2024-11-30 12:04:31,1.8,288.68798883563977,6.78,0.9125639085852961,Ege Denizi - [40.14 km] Bozcaada (Çanakkale)
644577,2024-11-30 12:14:16,1.2,64.19296720359456,6.8,3.0378125567063,Kuyucak (Aydın)
644579,2024-11-30 13:00:48,1.0,461.8088562914451,3.91,1.0032271207036374,Merkez (Kırıkkale)
644583,2024-11-30 13:55:52,1.6,390.1957997923257,10.91,1.1120326133248195,Akdeniz - [82.92 km] Gazipaşa (Antalya)
644584,2024-11-30 14:03:46,1.6,239.44431080828966,7.1,1.2339686833401131,Biga (Çanakkale)
644585,2024-11-30 14:25:01,0.9,407.2922824832965,4.82,0.9864266248519586,Çankaya (Ankara)
644591,2024-11-30 15:15:14,1.6,219.42546519243248,7.11,1.1617063527932185,Bucak (Burdur)
644592,2024-11-30 15:24:05,1.1,396.78515032291034,6.8,0.897424190266951,Akdeniz - [27.42 km] Alanya (Antalya)
644594,2024-11-30 18:56:03,1.0,207.7879573942333,7.0,0.8645581197885734,Seydikemer (Muğla)
644597,2024-11-30 19:13:10,3.0,418.97844053424643,6.76,1.105886648622697,Ayion Oros (Yunanistan) - [126.87 km] Gökçeada (Çanakkale)
644601,2024-11-30 21:53:07,2.7,192.9970556513197,6.54,8.86373740063344,Nilüfer (Bursa)
644603,2024-12-01 00:06:35,2.1,443.7383062446191,10.79,0.9562410313955084,Çerkeş (Çankırı)
644609,2024-11-30 22:23:58,1.9,214.88085241673113,6.99,1.0746066473696323,Marmara Denizi - Gemlik Körfezi - [03.75 km] Mudanya (Bursa)
644610,2024-12-01 00:36:13,2.2,445.8331244153809,10.92,0.9742081223926907,Çerkeş (Çankırı)
644613,2024-12-01 00:09:03,1.9,265.2821183614184,6.93,0.9854677429990404,Marmara Denizi - [15.49 km] Marmara (Balıkesir)
644615,2024-12-01 01:33:01,1.5,191.4521886834658,7.03,1.2850917820651129,Ege Denizi - Gökova Körfezi - [12.04 km] Bodrum (Muğla)
644616,2024-12-01 01:40:54,1.6,189.20544621088484,6.95,0.8198587802503221,Ege Denizi - Gökova Körfezi - [09.98 km] Bodrum (Muğla)
644618,2024-12-01 02:04:38,1.7,156.59527517673993,7.21,1.165479553722969,Ege Denizi - Kuşadası Körfezi - [22.33 km] Kuşadası (Aydın)
644619,2024-12-01 02:26:16,1.4,191.8773044203254,12.96,1.0872589681348108,Nilüfer (Bursa)
644620,2024-12-01 02:18:51,1.3,444.35093864925625,9.76,1.1346599895282028,Çerkeş (Çankırı)
644622,2024-12-01 02:44:00,2.4,334.0736879771437,7.0,0.9203277759656934,Ege Denizi
644623,2024-12-01 02:36:28,2.1,330.31168295214087,7.0,0.9734285312530734,Beypazarı (Ankara)
644624,2024-12-01 03:14:50,3.3,206.98023513345294,11.3,3.1121601998219823,Ege Denizi - [33.19 km] Karaburun (İzmir)
644632,2024-12-01 06:20:34,1.4,204.66562452843348,7.0,1.0035997313733016,Eğirdir (Isparta)
644633,2024-12-01 07:03:00,2.6,266.7169752400006,13.22,1.4441932385465892,Marmara Denizi - [20.40 km] Marmara (Balıkesir)
644636,2024-12-01 08:40:40,2.2,259.62890756772003,7.0,0.9814924309782921,Marmara Denizi - [27.36 km] Büyükçekmece (İstanbul)
644637,2024-12-01 10:22:05,2.2,116.57491191272118,7.0,1.1670325787658304,Bigadiç (Balıkesir)
644643,2024-12-01 14:47:41,1.9,334.07482752665,6.99,1.0537939840274702,Beypazarı (Ankara)
644650,2024-12-01 16:33:01,1.2,68.5092540656691,7.99,2.4333202792526305,Pamukkale (Denizli)
644653,2024-12-01 17:33:24,2.9,402.83648175878676,20.45,0.9164125183721814,Akdeniz - [64.30 km] Gazipaşa (Antalya)
644656,2024-12-01 17:23:24,2.1,317.60242651837297,12.88,1.1867031878280956,Akdeniz - [33.05 km] Kumluca (Antalya)
644657,2024-12-01 17:15:36,1.6,155.24722193643052,7.18,1.0291434157730739,Ege Denizi - Kuşadası Körfezi - [21.13 km] Kuşadası (Aydın)
644661,2024-12-01 19:08:52,2.4,288.7486151262371,24.54,1.1294024050202436,Ege Denizi - [67.74 km] Datça (Muğla)
644662,2024-12-01 19:38:43,1.2,122.19654226750727,7.0,1.2715744984903978,Menderes (İzmir)
644669,2024-12-01 20:28:54,2.4,212.84304197296785,7.02,2.697049990539903,Marmara Denizi - Gemlik Körfezi - [01.40 km] Mudanya (Bursa)
644670,2024-12-01 20:48:10,1.4,149.50016420733743,6.89,0.9175385974181495,Ege Denizi - İzmir Körfezi - [06.62 km] Menemen (İzmir)
644671,2024-12-01 20:36:53,1.0,105.42016254130858,7.02,0.8545850881246841,İncirliova (Aydın)
644673,2024-12-01 20:38:42,1.3,211.88500142300094,7.09,0.845557793324432,Marmara Denizi - Gemlik Körfezi - [01.85 km] Mudanya (Bursa)
644678,2024-12-01 21:29:58,2.3,267.0941355022079,7.0,2.699521699841539,Marmara Denizi - [17.35 km] Marmara (Balıkesir)
644679,2024-12-01 21:29:40,2.2,293.20259815076366,8.97,1.2386992325368762,Ege Denizi - [72.16 km] Datça (Muğla)
644680,2024-12-01 21:51:59,1.2,61.379487825614056,7.0,3.0309901315360936,Gölmarmara (Manisa)
644687,2024-12-01 22:59:06,1.2,108.3578671087519,7.0,1.0935275282639112,Germencik (Aydın)
644692,2024-12-01 23:38:35,2.5,468.87845883090165,7.26,1.1722627662839413,Akdeniz
644693,2024-12-01 23:46:39,1.4,105.03510677077841,7.0,0.8908776551265543,Germencik (Aydın)
644696,2024-12-02 01:14:44,1.3,176.4635682666644,6.99,0.9705858242706208,Dalaman (Muğla)
644700,2024-12-02 01:34:59,3.1,288.46515582955544,6.81,1.9140760910054153,Ege Denizi - [43.58 km] Bozcaada (Çanakkale)
644701,2024-12-02 00:43:08,1.4,158.77088324831405,8.58,1.3011738439668052,Ege Denizi - [10.14 km] Dikili (İzmir)
644705,2024-12-02 00:56:37,1.6,335.3346690957948,7.27,0.8917234307582733,Beypazarı (Ankara)
644709,2024-12-02 02:48:54,1.0,225.24292297137393,7.09,1.0145714497570903,Emirdağ (Afyonkarahisar)
644710,2024-12-02 03:09:26,1.1,247.87852215575293,8.9,0.9521499951046097,Marmara Denizi - [03.21 km] Merkez (Yalova)
644711,2024-12-02 03:22:44,1.8,289.2718195786646,6.97,0.9557678055913308,Ege Denizi - [69.17 km] Datça (Muğla)
644719,2024-12-02 05:34:50,1.4,168.3422795911109,6.98,0.9875059443792906,Köyceğiz (Muğla)
644725,2024-12-02 07:35:59,2.5,171.3952895952337,6.98,7.008107158854986,Marmaris (Muğla)
644726,2024-12-02 07:42:08,1.6,151.9397408722475,7.0,1.3920000650223756,Ula (Muğla)
644729,2024-12-02 09:27:32,1.2,400.0021977631253,7.0,1.3410061929523718,Karatay (Konya)
644731,2024-12-02 09:53:59,2.3,125.11146273800816,7.74,3.394423107883411,Selçuk (İzmir)
644734,2024-12-02 10:31:06,1.2,65.91563239251221,7.01,3.182490196664036,Pamukkale (Denizli)
644736,2024-12-02 10:23:12,1.2,117.58869248204888,7.0,1.179345130608458,Kepsut (Balıkesir)
644737,2024-12-02 10:25:06,1.2,117.84716186980533,7.0,1.1362285845394289,Bigadiç (Balıkesir)
644740,2024-12-02 11:18:33,2.0,64.93858623581178,10.21,42.963795395760556,Pamukkale (Denizli)
644741,2024-12-02 11:21:50,1.5,417.5226590502159,7.0,0.9979242772682722,Çubuk (Ankara)
644746,2024-12-02 11:49:13,1.4,61.48913454187107,7.95,5.459429152634878,Gölmarmara (Manisa)
644747,2024-12-02 13:17:51,2.0,272.7870274337514,7.17,1.0177852107414613,Akdeniz - [62.50 km] Marmaris (Muğla)
644748,2024-12-02 13:35:12,1.7,86.36993773795083,7.0,5.450775620756827,Akhisar (Manisa)
644749,2024-12-02 13:52:54,1.8,114.07159426047468,7.02,3.5177704872744306,Bigadiç (Balıkesir)
644750,2024-12-02 13:53:54,1.8,113.63483858127317,6.94,1.9156517369325725,Bigadiç (Balıkesir)
644753,2024-12-02 14:51:59,1.4,478.8850934398716,6.97,1.0271963713791283,Mut (Mersin)
644754,2024-12-02 15:19:19,1.7,363.9553851979733,7.26,1.1407042333917963,Akdeniz - [76.75 km] Kumluca (Antalya)
644755,2024-12-02 17:00:37,1.0,212.44786600522556,7.0,0.9735694196695511,Marmara Denizi - Gemlik Körfezi - [01.22 km] Mudanya (Bursa)
644757,2024-12-02 17:19:15,1.5,150.31179733460468,7.0,1.0630918832565988,Ege Denizi - Kuşadası Körfezi - [14.16 km] Menderes (İzmir)
644758,2024-12-02 17:31:18,1.9,265.17924751030876,10.67,1.19667110929826,Marmara Denizi - [13.95 km] Marmaraereğlisi (Tekirdağ)
644761,2024-12-02 18:33:41,1.8,336.15864710728533,6.96,1.0874613240268833,Beypazarı (Ankara)
644764,2024-12-02 19:11:10,1.1,166.60605763171424,7.0,0.9563385730437285,Ege Denizi - [12.54 km] Söke (Aydın)
644777,2024-12-02 21:14:49,1.7,109.04486624004245,7.0,2.637729778941606,Germencik (Aydın)
644787,2024-12-02 21:56:01,1.2,215.48332068451685,7.0,1.0528247208622756,Marmara Denizi - Gemlik Körfezi - [04.57 km] Mudanya (Bursa)
644789,2024-12-02 22:29:17,1.4,499.7385866633719,7.0,0.9436439180184754,Ilgaz (Çankırı)
644795,2024-12-02 23:12:03,0.9,64.41060458269939,7.02,3.100597104289366,Gölmarmara (Manisa)
644804,2024-12-03 00:43:35,0.9,370.3316682904924,7.34,0.9709991426422239,Merkez (Bolu)
644806,2024-12-03 01:13:52,2.7,301.03645679713924,15.36,1.3568313476296363,Ege Denizi - [82.11 km] Datça (Muğla)
644809,2024-12-03 01:40:20,1.1,130.85903527708308,6.94,1.1355707471446188,Altıntaş (Kütahya)
644816,2024-12-03 02:54:07,1.3,140.2526830347673,7.0,1.1558139949393187,Menteşe (Muğla)
644818,2024-12-03 03:33:04,1.7,282.63193117099723,7.68,1.1043682676398512,Akdeniz - [77.15 km] Marmaris (Muğla)
644819,2024-12-03 04:31:29,2.2,332.90604567519546,6.92,0.9218145754711724,Beypazarı (Ankara)
644821,2024-12-03 04:35:39,0.8,153.33031728558666,7.0,1.015324656208839,Ege Denizi - Kuşadası Körfezi - [19.31 km] Kuşadası (Aydın)
644825,2024-12-03 05:13:11,1.4,178.53233832184176,6.62,0.7312695761633718,Köyceğiz (Muğla)
644831,2024-12-03 06:26:26,1.4,191.60365911947477,7.07,1.3025956381633215,Nilüfer (Bursa)
644832,2024-12-03 06:39:06,2.4,144.61805758553677,13.88,9.552370508822927,Karesi (Balıkesir)
644834,2024-12-03 07:49:55,1.8,176.14839078999958,7.0,1.0382671548865734,Ege Denizi - [17.11 km] Dikili (İzmir)
644835,2024-12-03 08:43:01,1.2,110.16888417905136,7.2,1.7449007492266757,Soma (Manisa)
644838,2024-12-03 09:07:48,0.8,99.38133926751395,7.0,1.3700211839922323,Çivril (Denizli)
644839,2024-12-03 09:18:23,1.1,103.01076212885775,7.0,0.9694573058657212,Torbalı (İzmir)
644840,2024-12-03 09:34:10,1.2,315.0757850910276,7.0,0.9691415741646705,Seydişehir (Konya)
644845,2024-12-03 09:48:36,1.5,138.0381615515031,8.75,1.6103322191445577,Bergama (İzmir)
644846,2024-12-03 10:04:29,1.1,388.2494062945384,5.22,0.8963287916555249,Merkez (Kırklareli)
644847,2024-12-03 09:59:43,1.4,378.50184456588306,7.0,0.9800967487556499,Haymana (Ankara)
644850,2024-12-03 10:28:12,1.1,439.8508489312706,13.33,0.7787736040887786,Eskipazar (Karabük)
644853,2024-12-03 10:39:21,1.3,115.11000198263038,5.47,1.4981649619659232,Emet (Kütahya)
644854,2024-12-03 11:12:59,3.6,211.45474788893534,7.01,27.215737762250757,Marmara Denizi - [03.86 km] Mudanya (Bursa)
644857,2024-12-03 12:17:11,1.1,393.13744402759374,6.7,0.935261013761338,Merkez (Kırklareli)
644860,2024-12-03 12:42:58,1.1,49.42277091456107,7.0,5.7394111458275905,Ulubey (Uşak)
644861,2024-12-03 12:44:39,0.9,55.87337332600106,7.0,3.834011239381384,Ulubey (Uşak)
644863,2024-12-03 13:28:48,0.8,109.64251225068328,7.09,1.278310152523502,Banaz (Uşak)
644872,2024-12-03 14:46:57,2.4,444.23427430701497,6.2,0.948752672901887,Çerkeş (Çankırı)
644875,2024-12-03 16:23:42,2.6,109.70467143187595,9.08,1.92960926990744,Germencik (Aydın)
644878,2024-12-03 16:51:29,4.0,110.47803626916598,8.99,10.64309683021806,Germencik (Aydın)
644879,2024-12-03 16:52:44,2.4,110.75591740825237,7.0,0.08904054843127034,Germencik (Aydın)
644880,2024-12-03 16:51:08,1.2,108.94591973774399,7.02,0.9358392293089712,Germencik (Aydın)
644881,2024-12-03 17:01:43,2.1,109.53740175751716,7.0,1.052293414813346,Germencik (Aydın)
644884,2024-12-03 17:11:45,1.5,109.80198129323594,7.0,1.120008717080747,Germencik (Aydın)
644888,2024-12-03 18:12:00,1.3,108.6860553237166,7.0,1.3193851499691003,Germencik (Aydın)
644895,2024-12-03 18:41:44,1.4,109.38201062554289,7.0,1.7691963184592827,Germencik (Aydın)
644896,2024-12-03 18:46:52,1.9,180.65396988367388,11.34,1.260579692642501,Karaburun (İzmir)
644897,2024-12-03 18:46:05,1.5,280.7225546626189,7.03,0.9278943352174566,Akdeniz - [43.33 km] Kaş (Antalya)
644899,2024-12-03 19:09:12,2.3,337.40948045462835,19.19,1.2843042010309054,Akseki (Antalya)
644900,2024-12-03 19:42:41,2.4,230.02243332726164,8.6,1.9949027191553261,Ege Denizi - [42.42 km] Karaburun (İzmir)
644905,2024-12-03 20:18:49,1.5,212.73714084173142,12.37,1.0445378562896628,Ege Denizi - [30.02 km] Çeşme (İzmir)
644906,2024-12-03 20:33:38,1.1,108.7369220384769,5.38,1.0328700791851788,Germencik (Aydın)
644907,2024-12-03 20:52:55,1.2,154.76592380023092,7.41,0.9864366526796869,Yeşilova (Burdur)
644908,2024-12-03 20:53:14,1.1,167.89398120495466,5.13,1.0563193647467923,Merkez (Burdur)
644912,2024-12-03 21:20:24,1.2,127.03891846732623,7.0,1.1107857202735882,Altıeylül (Balıkesir)
644917,2024-12-03 22:09:52,1.5,137.3389684086084,7.0,1.6427113862454625,Ege Denizi - Kuşadası Körfezi - [09.57 km] Menderes (İzmir)
644918,2024-12-03 22:41:27,3.2,190.43029088567658,68.03,19.634438822100027,Marmaris (Muğla)
644925,2024-12-04 00:05:05,0.8,108.5793909528435,6.99,0.9571613603142672,Germencik (Aydın)
644926,2024-12-04 00:23:44,1.2,116.96854135066278,7.01,1.123700564552131,Torbalı (İzmir)
644927,2024-12-04 00:02:13,1.0,163.96839596155556,7.0,1.217620848681928,Balya (Balıkesir)
644928,2024-12-04 00:56:51,1.8,258.5151560503929,7.0,1.2151398831165159,Akdeniz - [51.76 km] Marmaris (Muğla)
644930,2024-12-04 01:07:33,3.3,84.89778711604546,18.7,85.16888099935935,Akhisar (Manisa)
644937,2024-12-04 01:34:03,0.8,57.506063468343676,7.04,1.7886248208977176,Kuyucak (Aydın)
644938,2024-12-04 01:48:49,0.9,57.78255968545743,6.97,1.8795408455454952,Kuyucak (Aydın)
644939,2024-12-04 01:58:27,1.2,168.49097987931955,5.01,1.30543778500409,Mustafakemalpaşa (Bursa)
644940,2024-12-04 02:19:54,1.7,229.21824519342573,11.02,0.9821864322400524,Ezine (Çanakkale)
644950,2024-12-04 02:38:09,1.6,137.83996232648207,8.11,2.981645268991186,Ege Denizi - Kuşadası Körfezi - [05.96 km] Menderes (İzmir)
644951,2024-12-04 02:42:06,1.9,181.10266138906238,7.0,3.4515771685022925,Merkez (Afyonkarahisar)
644952,2024-12-04 02:50:53,1.3,334.461929607717,6.99,0.9130549946443288,Beypazarı (Ankara)
644953,2024-12-04 02:50:10,1.1,183.8133119976197,6.98,1.0279653891428178,Merkez (Afyonkarahisar)
644954,2024-12-04 03:10:06,1.3,184.0657916994561,5.5,1.1116736895737074,Merkez (Afyonkarahisar)
644966,2024-12-04 07:35:47,2.0,170.48371603245013,7.04,1.441292161894226,Köyceğiz (Muğla)
644967,2024-12-04 07:39:25,0.9,183.0795992138473,8.45,1.1931407430964873,Merkez (Kütahya)
644969,2024-12-04 09:09:10,4.6,409.41584848060035,32.69,233.21213060514296,Akdeniz - [58.86 km] Gazipaşa (Antalya)
644970,2024-12-04 08:54:21,1.8,153.18940305709617,7.19,2.1665430493812092,Yeşilova (Burdur)
644973,2024-12-04 09:24:01,1.6,232.3151180822608,17.56,0.9988869337410567,Akdeniz - [36.66 km] Ortaca (Muğla)
644975,2024-12-04 09:12:58,2.0,169.1352891477948,7.62,0.6274007815423,Ege Denizi - [21.88 km] Seferihisar (İzmir)
644977,2024-12-04 10:02:23,1.9,155.75462388600872,10.25,1.8576346825751164,Ege Denizi - Kuşadası Körfezi - [18.12 km] Seferihisar (İzmir)
644978,2024-12-04 10:27:22,1.8,240.81255190313806,7.11,0.9235015046126172,Akdeniz - [28.91 km] Fethiye (Muğla)
644979,2024-12-04 11:34:01,1.1,472.5915873901943,9.09,0.9241745472882157,"Aitos, Burgaz (Bulgaristan) - [61.29 km] Kofçaz (Kırklareli)"
644980,2024-12-04 10:42:22,1.5,397.7906229859722,2.46,1.1072920783382518,Akdeniz - [58.05 km] Gazipaşa (Antalya)
644982,2024-12-04 11:47:47,1.8,154.68838127636903,10.0,1.5713019911082604,Ula (Muğla)
644984,2024-12-04 13:05:40,1.8,82.64701967742108,7.0,7.365129730876092,Akhisar (Manisa)
644986,2024-12-04 13:42:07,1.9,163.9394564645661,7.03,2.523260499038873,Milas (Muğla)
644987,2024-12-04 13:48:34,1.6,183.08186124006255,7.0,1.3967664028796896,Merkez (Afyonkarahisar)
644988,2024-12-04 14:01:46,1.3,298.5412376916702,7.0,0.9646125088366827,Ege Denizi - [87.32 km] Datça (Muğla)
644990,2024-12-04 15:38:47,1.9,243.10109214188327,62.58,1.0718585460292098,Ege Denizi - [34.51 km] Marmaris (Muğla)
644994,2024-12-04 17:07:39,1.8,166.19227538338387,6.99,2.2300599175287887,Milas (Muğla)
644995,2024-12-04 17:26:22,1.8,328.4254291073346,6.99,1.2010772990042327,Beypazarı (Ankara)
644996,2024-12-04 17:33:34,1.6,171.4644781040835,7.0,1.0793688108377402,Köyceğiz (Muğla)
644997,2024-12-04 18:26:35,1.5,158.32819029116402,6.95,1.093224759461552,Ege Denizi - Kuşadası Körfezi - [21.39 km] Menderes (İzmir)
644998,2024-12-04 20:45:02,2.2,130.23700064511232,9.06,9.9475097363307,Soma (Manisa)
645000,2024-12-04 22:19:40,1.8,318.08528444284053,19.44,1.0519399822126418,Akdeniz - [28.75 km] Kumluca (Antalya)
645003,2024-12-04 23:17:36,1.0,212.24887821221202,10.96,0.9796520742530817,Yalvaç (Isparta)
645010,2024-12-05 04:06:59,2.0,137.19533623505586,12.1,1.5977164020376478,Ege Denizi - Kuşadası Körfezi - [04.49 km] Menderes (İzmir)
645011,2024-12-05 04:09:05,1.7,165.26415842879265,7.0,0.920157275883441,Milas (Muğla)
645013,2024-12-05 04:50:17,1.6,164.58064883119582,7.01,1.6292016439913906,Milas (Muğla)
645014,2024-12-05 05:23:23,2.1,405.1956329159566,25.57,1.0903790622254335,Akdeniz - [60.42 km] Gazipaşa (Antalya)
645015,2024-12-05 06:08:03,3.5,403.66689031830134,21.06,9.982511595836515,Akdeniz - [68.25 km] Gazipaşa (Antalya)
645017,2024-12-05 06:36:00,1.5,109.41831933930106,7.0,1.7749016349105895,Soma (Manisa)
645019,2024-12-05 07:26:07,2.1,336.4446336151335,7.03,1.1885217732877469,Beypazarı (Ankara)
645023,2024-12-05 10:10:34,1.0,435.6988553386347,7.0,1.1916029900985599,Çelebi (Kırıkkale)
645024,2024-12-05 10:14:37,1.5,439.34230110277497,11.28,1.0487800291154528,Çelebi (Kırıkkale)
645025,2024-12-05 10:11:13,1.2,248.67678939031708,7.15,0.9411673893145782,Osmaneli (Bilecik)
645027,2024-12-05 09:52:38,1.4,151.0865734935836,0.0,1.3473160094825705,Tavşanlı (Kütahya)
645028,2024-12-05 09:47:11,1.3,153.98209687463483,1.4,1.0712290296892726,Tavşanlı (Kütahya)
645029,2024-12-05 10:45:58,2.1,385.02831501043096,11.05,0.891682556647862,Akdeniz - [94.46 km] Kumluca (Antalya)
645030,2024-12-05 11:16:13,2.8,230.30641788253283,8.86,2.5592049400581702,Ege Denizi - [43.01 km] Karaburun (İzmir)
645031,2024-12-05 11:13:31,2.1,230.9920820879894,6.79,0.9828342660060851,Ege Denizi - [43.10 km] Karaburun (İzmir)
645032,2024-12-05 11:56:31,1.1,171.62878263519266,7.0,0.8808337888890858,Çameli (Denizli)
645033,2024-12-05 12:09:58,1.9,228.87669994919474,13.7,1.4751917041872087,Ezine (Çanakkale)
645035,2024-12-05 13:12:39,1.4,375.01385521409276,30.1,1.1367048344537138,Kulu (Konya)
645036,2024-12-05 14:44:19,1.8,135.13252329333574,9.8,2.476744488642306,Dursunbey (Balıkesir)
645037,2024-12-05 15:00:31,1.7,228.6360959801901,6.49,0.961176257915708,Ezine (Çanakkale)
645038,2024-12-05 15:42:05,1.7,145.47453046409555,4.52,1.50818380176192,Karesi (Balıkesir)
645041,2024-12-05 17:06:26,1.5,392.4824969398121,11.36,1.096256221035366,Bala (Ankara)
645042,2024-12-05 17:03:01,1.6,332.84597796895326,7.0,1.1867219641173472,Beypazarı (Ankara)
645045,2024-12-05 18:15:39,3.1,240.7840173611382,10.82,8.765286442178203,Biga (Çanakkale)
645060,2024-12-05 22:37:21,1.4,230.4836047802155,7.0,0.7226884933774587,Ezine (Çanakkale)
645063,2024-12-06 03:04:12,1.6,230.6252370704097,6.86,0.9471907587425367,Ezine (Çanakkale)
645066,2024-12-06 04:22:54,2.9,415.6053406986824,25.18,4.890180090305981,Akdeniz - [57.02 km] Gazipaşa (Antalya)
645068,2024-12-06 05:21:51,2.8,277.52051696053786,36.06,1.9539095011470533,Ege Denizi - [58.04 km] Datça (Muğla)
645073,2024-12-06 07:39:17,3.0,228.53512311258075,7.08,1.808890902940017,Ege Denizi - [32.37 km] Bodrum (Muğla)
645075,2024-12-06 07:52:15,1.5,228.14946849284647,7.1,1.0219476188370191,Ege Denizi - [35.53 km] Bodrum (Muğla)
645076,2024-12-06 08:05:34,1.7,217.43913029904263,9.04,0.8343244393358015,"Ege Denizi, Kelemez Adası (Kalimnos) - [22.58 km] Bodrum (Muğla)"
645077,2024-12-06 08:23:53,2.0,163.14587595194337,7.2,4.802963375489292,Milas (Muğla)
645078,2024-12-06 07:38:17,2.2,232.48811847453393,7.0,0.9685268675202692,Ege Denizi - [38.07 km] Bodrum (Muğla)
645079,2024-12-06 08:31:12,2.5,225.0212626341367,7.04,1.1809771740766368,Ege Denizi - [33.83 km] Bodrum (Muğla)
645084,2024-12-06 10:01:12,0.5,226.4646194462476,6.79,0.9088474339126299,Emirdağ (Afyonkarahisar)
645086,2024-12-06 10:34:34,1.4,130.02188223452615,10.4,1.367206725017817,Kuşadası (Aydın)
645088,2024-12-06 10:37:25,2.5,350.8582798874951,5.32,1.8517834550585321,Ege Denizi - [128.61 km] Datça (Muğla)
645091,2024-12-06 11:04:44,1.8,480.0275707711161,5.24,1.1063061104148328,"Pomorie, Burgaz (Bulgaristan) - [74.20 km] Kofçaz (Kırklareli)"
645092,2024-12-06 11:11:13,0.8,489.61663881106807,7.06,0.9256578552891609,Merkez (Kırşehir)
645093,2024-12-06 11:24:09,1.7,68.85018356295876,8.12,14.391725161391427,Sarayköy (Denizli)
645094,2024-12-06 09:38:27,1.0,117.73272165414032,7.0,1.245583218661617,Bigadiç (Balıkesir)
645095,2024-12-06 09:41:29,1.1,117.39677017321979,7.0,1.335978572772045,Bigadiç (Balıkesir)
645097,2024-12-06 09:43:10,1.3,117.05959909181043,7.0,1.1388064450455686,Bigadiç (Balıkesir)
645099,2024-12-06 09:52:33,1.5,226.84512460931742,7.0,0.9904047579010548,Ege Denizi - [33.87 km] Bodrum (Muğla)
645100,2024-12-06 09:50:35,1.5,112.29709077730715,7.0,2.366751123918442,Bigadiç (Balıkesir)
645101,2024-12-06 11:34:18,1.9,56.94257336385327,7.0,41.18738759464967,Güney (Denizli)
645102,2024-12-06 11:45:19,1.4,154.85676927691188,7.0,1.1075197491354436,Ege Denizi - İzmir Körfezi - [11.48 km] Menemen (İzmir)
645103,2024-12-06 12:40:51,1.6,238.76698467198932,7.0,0.9993791005995796,Korkuteli (Antalya)
645104,2024-12-06 12:47:39,2.0,230.5573806790904,7.01,1.1171308024055995,Ege Denizi - [37.15 km] Bodrum (Muğla)
645105,2024-12-06 13:03:47,1.1,423.86371258915665,7.51,0.9304762849501692,Elmadağ (Ankara)
645106,2024-12-06 12:59:40,1.6,228.6212759162433,6.44,1.038613207387789,Ege Denizi - [34.82 km] Bodrum (Muğla)
645107,2024-12-06 13:28:58,2.3,227.12836499146084,6.78,1.224683787779592,Ege Denizi - [33.74 km] Bodrum (Muğla)
645108,2024-12-06 13:16:25,2.8,345.5264218719028,5.26,2.438164769934854,Ege Denizi - [123.41 km] Datça (Muğla)
645109,2024-12-06 13:37:43,1.8,223.27341316590238,9.7,1.0385083995797892,"Ege Denizi, Sakız Adası (Hiyos) - [20.84 km] Çeşme (İzmir)"
645110,2024-12-06 14:25:06,2.1,108.09522667155494,7.03,14.555544999485758,Honaz (Denizli)
645111,2024-12-06 14:50:37,2.7,240.87337778887957,9.2,4.274942504995922,Biga (Çanakkale)
645112,2024-12-06 15:02:39,1.2,481.70471641518685,7.13,0.9363250663308835,Merkez (Kırşehir)
645115,2024-12-06 15:51:09,1.2,105.59942064009458,7.0,1.1567551123321818,Honaz (Denizli)
645118,2024-12-06 17:01:09,1.7,224.15031077813242,6.73,0.79311853097421,Ege Denizi - [32.34 km] Bodrum (Muğla)
645124,2024-12-06 19:09:20,1.9,260.73068057401014,8.3,1.0024470869169713,Marmara Denizi - [09.63 km] Marmara (Balıkesir)
645125,2024-12-06 19:56:37,2.3,468.6878759568744,38.26,1.1920910817240458,Akdeniz
645131,2024-12-06 21:36:13,1.5,228.49846771164283,7.04,1.009936986972842,Ege Denizi - [41.52 km] Karaburun (İzmir)
645132,2024-12-06 21:37:24,2.0,222.87370586709696,6.87,0.929968986664388,"Ege Denizi, Kelemez Adası (Kalimnos) - [29.25 km] Bodrum (Muğla)"
645133,2024-12-06 21:30:34,1.4,157.99621478597277,6.98,1.3500756685276576,Ula (Muğla)
645134,2024-12-06 21:36:55,1.2,229.7544688328201,7.0,0.9835797497258549,Sultandağı (Afyonkarahisar)
645136,2024-12-06 21:51:26,1.3,215.79086505413275,7.0,0.8526181704831858,Ayvacık (Çanakkale)
645139,2024-12-06 22:41:22,1.1,115.17030622381175,7.0,0.9209331195489938,Germencik (Aydın)
645144,2024-12-06 23:41:03,1.2,280.59914297929953,7.0,0.8649801773599555,Ilgın (Konya)
645150,2024-12-07 01:17:54,1.2,281.07776303926516,7.05,1.139340863023191,Ilgın (Konya)
645152,2024-12-07 02:14:09,1.7,325.8219646712198,7.25,1.2504468322896132,Nallıhan (Ankara)
645159,2024-12-07 04:16:50,2.2,481.6936074215755,7.16,1.0549658618547615,Ereğli (Konya)
645161,2024-12-07 05:05:01,1.0,230.65272048060095,6.86,0.9949010087728206,Emirdağ (Afyonkarahisar)
645164,2024-12-07 06:39:08,1.6,110.59872137521306,8.73,1.0259708431758252,Soma (Manisa)
645168,2024-12-07 07:46:34,1.6,259.92648710700047,5.83,0.974993471497196,Aksu (Antalya)
645169,2024-12-07 07:56:00,1.6,186.33923909300987,7.0,1.5366193930283112,Altınyayla (Burdur)
645171,2024-12-07 08:07:15,2.0,221.87154968591094,7.0,0.7638396977188816,Ege Denizi - [33.43 km] Karaburun (İzmir)
645174,2024-12-07 09:32:28,2.8,254.3328156171678,12.66,1.872612359536908,Ege Denizi - [13.80 km] Ayvacık (Çanakkale)
645175,2024-12-07 09:57:26,1.8,113.45143459292272,7.01,1.5817266585481449,Bigadiç (Balıkesir)
645177,2024-12-07 10:14:08,1.4,165.44899005265032,6.96,1.1166983216387902,Ege Denizi - [09.85 km] Didim (Aydın)
645179,2024-12-07 10:40:11,1.5,152.62829814648597,7.03,0.7851392582956667,Tavşanlı (Kütahya)
645180,2024-12-07 10:35:21,1.8,159.5427124004474,7.0,0.9239081792980647,Yeşilova (Burdur)
645182,2024-12-07 12:15:44,3.8,455.6055851271546,6.97,1.4525989561510735,Akdeniz
645190,2024-12-07 15:57:49,1.8,226.67127522093327,11.58,0.9729959452207688,Akdeniz - Fethiye Körfezi - [10.38 km] Fethiye (Muğla)
645194,2024-12-07 16:03:52,1.0,280.96274182527986,7.03,0.7585817984514369,Ilgın (Konya)
645195,2024-12-07 16:12:30,1.0,279.63437129395487,6.88,0.796645465061954,Ilgın (Konya)
645196,2024-12-07 16:22:23,1.4,337.8539734980745,6.92,1.2857469520581213,Beypazarı (Ankara)
645197,2024-12-07 16:58:17,2.6,261.21394392790666,58.14,1.1836138656279833,Ege Denizi - [52.54 km] Datça (Muğla)
645198,2024-12-07 16:53:08,1.3,208.23829549842853,6.31,0.9063726137557536,Mudanya (Bursa)
645199,2024-12-07 16:44:49,1.7,364.56764809031097,9.52,0.8766377757023004,"Evros, Anatoliki Makedonia kai Thraki (Yunanistan) - [26.17 km] Meriç (Edirne)"
645204,2024-12-07 17:41:26,1.0,327.3052468251077,8.35,1.1199021891895022,Gölyaka (Düzce)
645205,2024-12-07 18:20:32,1.4,236.51060017197727,6.15,1.2342143255091484,Orhangazi (Bursa)
645206,2024-12-07 18:03:05,1.0,63.42879511457477,7.0,1.0325210108151741,Güney (Denizli)
645211,2024-12-07 19:02:27,2.2,348.1194725646644,7.23,0.9749503419366438,Akdeniz - [133.44 km] Datça (Muğla)
645216,2024-12-07 20:42:46,1.4,284.78158708881875,6.6,0.838090404781204,Beyşehir (Konya)
645220,2024-12-07 21:13:35,1.6,163.95484185964366,6.96,1.1640006366956672,Milas (Muğla)
645240,2024-12-08 00:16:43,1.0,280.37514404902464,7.0,0.9959695841782542,Ilgın (Konya)
645242,2024-12-08 02:00:14,1.5,137.9313068287432,6.99,1.0137075637101305,Bergama (İzmir)
645247,2024-12-08 03:16:50,1.1,151.38397773685304,13.82,1.2230842687741237,Karesi (Balıkesir)
645250,2024-12-08 03:46:55,2.1,104.76862159244149,7.02,2.269440980886569,Honaz (Denizli)
645258,2024-12-08 07:13:19,1.5,167.42671584061713,7.0,0.684595913365043,Ula (Muğla)
645260,2024-12-08 09:53:12,2.1,113.80284874671342,7.0,1.776606250409567,Bigadiç (Balıkesir)
645262,2024-12-08 11:32:22,1.5,183.4624245728605,7.0,1.0937269425805185,Ege Denizi - Gökova Körfezi - [10.40 km] Milas (Muğla)
645264,2024-12-08 13:55:47,3.0,273.9365691585983,4.19,1.2058802908227095,Ege Denizi - [84.89 km] Bodrum (Muğla)
645270,2024-12-08 15:13:02,1.1,97.4283719728033,6.98,0.7456204316595996,Çal (Denizli)
645272,2024-12-08 16:29:21,2.1,332.33406109753776,7.0,1.0732123149877943,Beypazarı (Ankara)
645276,2024-12-08 17:09:28,1.3,284.70508346959826,6.99,0.9223995038585299,Derebucak (Konya)
645282,2024-12-08 18:10:58,3.4,350.24559175364476,7.0,1.1865125097724316,Ege Denizi
645291,2024-12-08 22:29:31,1.7,215.05992293414778,6.99,0.928696706019989,Marmara Denizi - Gemlik Körfezi - [03.42 km] Mudanya (Bursa)
645292,2024-12-08 22:36:52,2.0,168.83492022837535,7.01,0.7582061743914776,Milas (Muğla)
645297,2024-12-08 23:40:24,1.8,173.79369620060936,6.97,1.8367279784919348,Ege Denizi - Gökova Körfezi - [05.18 km] Milas (Muğla)
645301,2024-12-09 00:44:04,1.8,333.1554185612362,7.0,1.2511258835704966,Beypazarı (Ankara)
645303,2024-12-09 00:36:35,2.5,309.69180206193016,7.0,0.6348444293507514,Ege Denizi - [86.87 km] Datça (Muğla)
645304,2024-12-09 01:59:53,2.2,219.69631763005907,6.94,1.0188590029498708,"Ege Denizi, Midilli Adası (Lesvos) - [13.95 km] Ayvacık (Çanakkale)"
645310,2024-12-09 06:24:26,2.3,99.1870493400938,8.55,2.714004253494958,Honaz (Denizli)
645311,2024-12-09 06:39:18,1.6,63.30067625348135,6.86,3.0151512062519474,Güney (Denizli)
645314,2024-12-09 08:47:31,2.5,137.6955946453084,14.0,2.138838778736774,Bergama (İzmir)
645318,2024-12-09 11:26:46,1.5,418.56830475686536,7.01,1.1264837191321477,Çubuk (Ankara)
645320,2024-12-09 11:44:10,1.5,377.67985323126027,7.07,1.1084009196450089,Cihanbeyli (Konya)
645324,2024-12-09 14:49:02,1.2,54.78988369591716,7.0,2.5124065533784155,Ulubey (Uşak)
645327,2024-12-09 15:46:52,2.0,195.26369392353746,11.28,0.6632365222688427,Gönen (Balıkesir)
645336,2024-12-09 19:03:43,1.0,107.11197441277517,6.93,0.895240476849686,Honaz (Denizli)
645337,2024-12-09 19:53:57,1.6,165.29727084252815,6.97,0.9225636543392853,Milas (Muğla)
645339,2024-12-09 20:02:50,2.2,328.2875111089964,7.0,0.5520577562305461,Nallıhan (Ankara)
645340,2024-12-09 20:35:06,1.4,109.75683543403939,7.07,1.3423448534899298,Torbalı (İzmir)
645344,2024-12-09 21:50:25,1.8,26.08792427776003,7.0,49.32266991616789,Salihli (Manisa)
645351,2024-12-09 22:56:59,3.4,260.50479796016754,35.37,1.7079278088526066,Akdeniz - [50.84 km] Marmaris (Muğla)
645353,2024-12-09 23:06:19,1.4,252.28301793350923,10.43,0.7089484776974626,Ege Denizi - [10.28 km] Ayvacık (Çanakkale)
645356,2024-12-09 23:42:06,1.9,243.37589112520178,9.81,0.9853225687697832,Ege Denizi - [49.36 km] Ayvacık (Çanakkale)
645362,2024-12-10 01:59:49,3.5,247.5113319415936,14.95,3.3326180707375475,Ege Denizi - [46.57 km] Ayvacık (Çanakkale)
645363,2024-12-10 02:01:31,2.8,249.15361056024892,13.48,0.4524178027815738,Ege Denizi - [44.23 km] Ayvacık (Çanakkale)
645364,2024-12-10 02:06:36,2.8,248.3790540949947,13.25,2.0633991977691886,Ege Denizi - [44.47 km] Ayvacık (Çanakkale)
645367,2024-12-10 02:53:54,1.9,251.0395276559348,6.95,0.9953287420343618,Ege Denizi - [46.45 km] Ayvacık (Çanakkale)
645369,2024-12-10 02:20:02,1.6,65.13503654316305,10.65,6.2559105496219125,Güney (Denizli)
645376,2024-12-10 05:50:06,0.9,27.139621891690528,7.0,1.2119675280958166,Salihli (Manisa)
645381,2024-12-10 09:03:34,0.8,385.79165840415203,8.57,0.9579394997082595,Merkez (Kırklareli)
645386,2024-12-10 11:03:28,2.2,332.30272538742537,6.97,1.4268913416305917,Beypazarı (Ankara)
645389,2024-12-10 12:29:43,3.2,250.38509867422022,8.1,0.9444079596909176,Ege Denizi - [47.04 km] Ayvacık (Çanakkale)
645394,2024-12-10 12:38:39,2.5,344.6965050246155,6.01,1.0968752803996995,Ege Denizi - [121.34 km] Datça (Muğla)
645397,2024-12-10 13:51:57,1.7,162.38879140067888,7.1,0.6971541397355709,Urla (İzmir)
645398,2024-12-10 13:58:08,1.1,154.8860229774338,10.25,1.0448368060102824,Tavşanlı (Kütahya)
645400,2024-12-10 14:28:01,1.1,384.14497392359107,33.3,1.0120242567275899,Akdeniz - [60.12 km] Alanya (Antalya)
645401,2024-12-10 15:27:32,2.2,325.85016834198404,24.75,0.9420532117615253,Ege Denizi - [102.91 km] Datça (Muğla)
645408,2024-12-10 16:54:39,1.9,219.68068378306788,7.0,0.8026338111899657,Korkuteli (Antalya)
645409,2024-12-10 16:30:32,1.9,489.4466647379546,7.02,1.0274866893324262,Araç (Kastamonu)
645410,2024-12-10 18:01:15,1.4,241.4109936854849,7.0,1.095703152313601,Konyaaltı (Antalya)
645414,2024-12-10 18:57:08,1.2,197.38386551132865,7.0,1.0272481316528346,Çavdır (Burdur)
645418,2024-12-10 19:38:32,2.2,199.60999950886185,6.81,1.221942619054169,Korkuteli (Antalya)
645419,2024-12-10 19:40:05,2.0,199.56025978972872,6.49,1.0852471027897759,Korkuteli (Antalya)
645424,2024-12-10 21:11:16,1.5,236.51345734728076,7.0,1.2579241168398474,Döşemealtı (Antalya)
645428,2024-12-10 21:36:25,1.2,441.52173678307173,7.0,1.1848120158175157,Çubuk (Ankara)
645429,2024-12-10 21:49:03,1.6,132.76738530109373,5.42,1.1302971038343672,Ege Denizi - Kuşadası Körfezi - [05.50 km] Menderes (İzmir)
645433,2024-12-10 22:34:15,1.3,138.07711950749308,10.37,1.871609416915731,Yatağan (Muğla)
645436,2024-12-11 00:08:28,1.6,286.04587974909214,10.72,0.9642975880426304,Ege Denizi - Saros Körfezi - [10.40 km] Eceabat (Çanakkale)
645440,2024-12-11 01:00:48,2.1,341.38977909705375,8.55,1.1548943521977126,Akdeniz - [121.97 km] Datça (Muğla)
645443,2024-12-11 01:18:56,2.2,347.92992033867756,11.67,0.8811829015853048,Akdeniz - [134.34 km] Datça (Muğla)
645445,2024-12-11 02:24:45,2.8,256.47478733273675,78.92,1.9900913055461737,Kepez (Antalya)
645446,2024-12-11 02:39:11,1.4,279.7985522448874,8.88,1.2818375568959104,Akdeniz - [40.12 km] Kaş (Antalya)
645453,2024-12-11 03:12:44,2.0,341.0895650394459,7.0,1.0159215799431265,Akdeniz - [129.40 km] Datça (Muğla)
645454,2024-12-11 03:54:36,1.7,333.4687334382916,7.07,1.0570981250138876,Beypazarı (Ankara)
645458,2024-12-11 04:00:52,1.8,360.7393866879338,7.0,1.142391203889974,Akdeniz - [150.35 km] Marmaris (Muğla)
645459,2024-12-11 04:44:18,4.4,429.29735171503194,9.1,1.9870683066801194,Akdeniz - [210.17 km] Datça (Muğla)
645462,2024-12-11 06:02:25,2.4,292.2451508206762,7.0,0.8478323437977004,Ege Denizi - [73.31 km] Datça (Muğla)
645464,2024-12-11 06:53:38,1.2,239.7448111434748,6.68,1.357035835150319,Ayvacık (Çanakkale)
645465,2024-12-11 07:54:34,1.3,111.1265828032127,7.0,1.3355929688500559,Bornova (İzmir)
645467,2024-12-11 08:47:19,2.4,354.7582535588144,12.39,0.9554746112302914,Ege Denizi - [131.12 km] Datça (Muğla)
645469,2024-12-11 09:52:06,2.0,113.60895579138658,7.03,6.836110066203573,Bigadiç (Balıkesir)
645473,2024-12-11 11:19:33,1.6,447.7836680914688,7.12,0.8948959936567917,"Burgas, Burgaz (Bulgaristan) - [41.69 km] Kofçaz (Kırklareli)"
645474,2024-12-11 12:51:25,1.4,59.86885219226427,13.51,3.967864998302693,Gölmarmara (Manisa)
645475,2024-12-11 12:39:19,1.3,59.32796524921964,12.26,4.805369669576867,Gölmarmara (Manisa)
645476,2024-12-11 12:30:41,2.1,299.3171485239422,10.17,0.8888507694586144,Ege Denizi - [77.45 km] Datça (Muğla)
645477,2024-12-11 13:28:46,1.6,375.8113967565005,5.64,0.9033808936842798,Akdeniz - [83.74 km] Kumluca (Antalya)
645478,2024-12-11 14:14:51,1.5,291.1327468723199,7.32,1.002452401399707,Akdeniz - [17.04 km] Kaş (Antalya)
645479,2024-12-11 14:42:41,1.6,221.64447231942543,14.74,0.926837065842994,Ege Denizi - [12.73 km] Ayvacık (Çanakkale)
645480,2024-12-11 15:01:05,1.9,187.04970246480252,7.05,1.140853449579128,Ege Denizi - [27.70 km] Karaburun (İzmir)
645481,2024-12-11 15:07:24,1.0,411.14277079145677,7.0,0.8656794872155554,Mamak (Ankara)
645505,2024-12-11 19:28:13,1.4,220.99926954533353,7.03,1.302245194113885,Ege Denizi - [31.14 km] Çeşme (İzmir)
645507,2024-12-11 19:41:10,0.9,134.0054600649668,7.0,0.9013805099061559,Bergama (İzmir)
645515,2024-12-11 20:25:36,1.0,138.81199182484949,7.0,0.8168088428029798,Bergama (İzmir)
645516,2024-12-11 20:43:26,1.6,136.03325115199038,7.0,1.548280141318509,Bergama (İzmir)
645519,2024-12-11 20:54:11,2.6,186.8865114945987,10.25,1.2476671845397251,"Ege Denizi, Midilli Adası (Lesvos) - [26.85 km] Dikili (İzmir)"
645520,2024-12-11 21:29:01,1.2,137.37347261883795,6.54,1.2157378065599265,Bergama (İzmir)
645524,2024-12-11 21:58:26,1.8,139.40045781702221,8.02,4.435040005551251,Ege Denizi - Kuşadası Körfezi - [04.51 km] Menderes (İzmir)
645526,2024-12-11 22:46:09,1.3,366.71768068629285,6.21,0.9597596053409173,Ege Denizi
645529,2024-12-11 23:01:56,1.2,101.54067782435156,6.82,1.386685644071448,Bigadiç (Balıkesir)
645530,2024-12-11 23:44:14,1.0,229.8988136891334,10.08,0.787600722870532,Ezine (Çanakkale)
645531,2024-12-12 00:18:15,1.4,230.4679885126784,7.41,1.2445454428968592,Ezine (Çanakkale)
645537,2024-12-12 00:32:47,1.2,334.8088090415686,5.73,0.7566717010134844,Beypazarı (Ankara)
645538,2024-12-12 01:12:26,0.9,137.62816057599096,6.97,1.1696799384563379,Bergama (İzmir)
645539,2024-12-12 01:02:30,1.3,307.903157231015,10.32,1.0240021141123294,Malkara (Tekirdağ)
645545,2024-12-12 02:04:47,2.0,209.59889826821924,24.2,1.209840156160943,Akdeniz - [12.16 km] Ortaca (Muğla)
645548,2024-12-12 02:45:48,1.1,196.98760221309905,7.0,1.2254080652951669,Ege Denizi - [43.55 km] Urla (İzmir)
645549,2024-12-12 02:46:45,0.9,230.7830555833682,6.95,0.9799812217355071,Ezine (Çanakkale)
645550,2024-12-12 03:10:54,1.1,180.41203187410858,7.0,0.9047985560576692,Ege Denizi - Gökova Körfezi - [03.88 km] Milas (Muğla)
645554,2024-12-12 03:47:08,0.9,396.6268406546829,6.97,0.9432325536539737,Kulu (Konya)
645557,2024-12-12 04:09:53,1.9,331.4487615733741,6.96,0.6980748102829868,Beypazarı (Ankara)
645558,2024-12-12 04:58:03,1.3,27.072007176610363,7.0,14.302725437878262,Salihli (Manisa)
645560,2024-12-12 06:39:52,1.9,97.27300627025147,12.8,28.82923863987175,Çivril (Denizli)
645562,2024-12-12 08:02:15,1.7,232.37546731716006,6.75,1.5322232872460742,Ege Denizi - [53.44 km] Karaburun (İzmir)
645565,2024-12-12 08:17:13,1.7,250.77598433971195,7.0,1.0836294760245129,Ege Denizi - [47.43 km] Ayvacık (Çanakkale)
645566,2024-12-12 08:35:29,2.1,367.88364241486073,8.29,1.0158021912664612,Akdeniz - [147.17 km] Datça (Muğla)
645575,2024-12-12 09:38:34,1.4,125.3470702208267,6.37,1.092419130109988,Bergama (İzmir)
645578,2024-12-12 09:49:47,1.3,91.92161723542986,7.0,1.8525052149236823,Pamukkale (Denizli)
645580,2024-12-12 11:35:07,4.4,214.04218903930337,7.05,79.22226877771281,Bayramiç (Çanakkale)
645581,2024-12-12 11:50:29,1.8,294.1104517987718,18.8,1.2927892491024913,Ege Denizi - Saros Körfezi - [15.36 km] Eceabat (Çanakkale)
645582,2024-12-12 12:06:58,1.4,317.78123319352625,7.06,1.015336014734212,Seydişehir (Konya)
645584,2024-12-12 11:56:43,1.5,294.9180613684291,15.0,1.0149982516748202,Ege Denizi - Saros Körfezi - [16.23 km] Eceabat (Çanakkale)
645585,2024-12-12 12:19:04,1.3,291.23651556730016,7.0,0.42132206998355076,Ege Denizi - Saros Körfezi - [12.21 km] Eceabat (Çanakkale)
645586,2024-12-12 12:17:03,1.4,385.6292718545219,7.0,1.1356608112245619,Demirköy (Kırklareli)
645588,2024-12-12 12:41:23,2.0,251.29719521978336,7.39,0.4956152889434729,Ege Denizi - [63.64 km] Karaburun (İzmir)
645589,2024-12-12 12:40:44,1.4,15.586466506137835,8.34,64.50965774671107,Alaşehir (Manisa)
645592,2024-12-12 13:23:30,2.2,194.75439859996533,14.92,1.0953694066421154,Ege Denizi - Gökova Körfezi - [12.16 km] Datça (Muğla)
645593,2024-12-12 13:40:57,2.9,374.81682839374463,10.2,1.0678138884444264,Merkez (Bolu)
645594,2024-12-12 13:34:03,1.7,332.6588600193077,7.44,0.9720618609478386,Beypazarı (Ankara)
645598,2024-12-12 15:11:30,2.9,65.22389128489614,8.32,12.425203669382103,Buharkent (Aydın)
645600,2024-12-12 15:28:11,1.4,67.03642778021847,6.99,2.570819138776695,Sarayköy (Denizli)
645601,2024-12-12 15:29:35,1.3,66.14408739219822,7.0,1.883773284116774,Sarayköy (Denizli)
645602,2024-12-12 15:17:50,2.4,246.809416527539,8.9,1.2935163319435337,Ege Denizi - [50.63 km] Ayvacık (Çanakkale)
645609,2024-12-12 16:57:47,1.4,227.82288120571093,6.98,0.8200395024531204,Ege Denizi - [11.53 km] Ayvacık (Çanakkale)
645610,2024-12-12 16:40:36,1.0,463.56546682972635,6.91,1.1273709606335367,Keskin (Kırıkkale)
645612,2024-12-12 17:24:03,2.0,291.2549522859627,12.97,0.9856723974184071,Ege Denizi - Saros Körfezi - [12.14 km] Eceabat (Çanakkale)
645613,2024-12-12 17:48:21,1.0,481.63389768185783,6.98,0.7469609783448748,Akpınar (Kırşehir)
645621,2024-12-12 21:23:32,1.9,25.586533739119968,7.0,27.176273231455635,Salihli (Manisa)
645626,2024-12-12 21:28:31,2.2,400.57455333172965,5.87,1.114912982185796,Ege Denizi
645627,2024-12-12 21:31:03,3.4,415.0298213396574,7.0,0.9376971680639661,Ege Denizi
645628,2024-12-12 21:52:07,1.8,260.55140408122367,7.22,1.189552842951079,Marmara Denizi - [13.20 km] Adalar (İstanbul)
645631,2024-12-12 22:45:11,2.3,28.42522588789034,7.0,157.75691388802724,Salihli (Manisa)
645634,2024-12-13 04:35:02,3.9,253.7030050820578,12.51,17.60090123100143,Sultandağı (Afyonkarahisar)
645645,2024-12-13 04:45:59,1.5,137.91105824138916,7.1,1.1884991603430406,Ege Denizi - Kuşadası Körfezi - [08.52 km] Menderes (İzmir)
645646,2024-12-13 04:47:19,1.6,180.2688671902215,10.5,0.9603372207262781,Ege Denizi - [05.99 km] Karaburun (İzmir)
645648,2024-12-13 05:02:59,1.1,230.52826357304224,7.08,0.9668941221387267,Ezine (Çanakkale)
645650,2024-12-13 05:40:06,1.6,213.45854986149882,7.12,0.9535784029428679,Ege Denizi - [10.51 km] Bodrum (Muğla)
645651,2024-12-13 06:08:45,1.6,120.07508141944517,7.0,1.1843989173651128,Germencik (Aydın)
645652,2024-12-13 06:43:09,1.5,198.17276001763926,10.29,0.8979213585369346,Seydikemer (Muğla)
645653,2024-12-13 06:28:33,1.3,119.10440172875545,5.3,1.1362392858310741,Germencik (Aydın)
645655,2024-12-13 06:54:52,1.9,386.61266358254693,7.58,1.3226976608759653,Akdeniz - [65.17 km] Alanya (Antalya)
645656,2024-12-13 07:07:49,1.9,165.1727887773779,7.0,2.5686898990005913,Ula (Muğla)
645657,2024-12-13 06:56:43,1.2,253.81936666390857,9.57,0.9167138849977307,Sultandağı (Afyonkarahisar)
645658,2024-12-13 06:47:36,2.3,25.262884517716444,7.01,208.53540222745238,Salihli (Manisa)
645659,2024-12-13 07:14:06,1.2,28.697822953114176,7.0,15.357861167262024,Salihli (Manisa)
645661,2024-12-13 07:09:40,1.2,168.69261574583757,7.0,0.9403431266860842,Ula (Muğla)
645662,2024-12-13 07:28:25,1.0,26.634165998219796,7.0,6.7018648955868505,Salihli (Manisa)
645663,2024-12-13 07:35:22,1.4,380.1148740550057,7.71,0.9496070618490838,Merkez (Kırklareli)
645665,2024-12-13 08:12:15,3.7,410.96753695052666,8.51,1.5601021261023438,Ege Denizi
645666,2024-12-13 08:07:01,3.2,445.89572532394175,16.74,1.023215466600729,Ege Denizi
645667,2024-12-13 08:19:32,2.0,331.99620738088447,7.11,0.9816469205071849,Beypazarı (Ankara)
645668,2024-12-13 08:34:06,4.8,440.33591562044137,15.73,4.473427448235827,Ege Denizi
645669,2024-12-13 08:25:59,1.4,108.10031799063681,7.0,1.2387972193451975,Kemalpaşa (İzmir)
645672,2024-12-13 08:48:45,1.3,404.7240579379206,7.0,0.9740687109912411,Karatay (Konya)
645673,2024-12-13 08:50:31,1.0,27.10039413080348,7.0,3.1627179918044313,Salihli (Manisa)
645676,2024-12-13 09:36:54,1.3,339.50926105082624,7.0,1.1342131007656509,Selçuklu (Konya)
645681,2024-12-13 10:02:22,1.9,113.25935549991587,6.96,3.8015336335415553,Bigadiç (Balıkesir)
645682,2024-12-13 10:26:28,1.0,31.79295143898828,7.0,7.987869699313118,Selendi (Manisa)
645683,2024-12-13 10:17:21,1.5,113.14122815583532,7.0,5.044476720027149,Bigadiç (Balıkesir)
645685,2024-12-13 11:13:37,1.3,107.86993103796988,7.18,1.0230519569054197,Soma (Manisa)
645686,2024-12-13 11:49:37,1.3,24.925176660062505,7.0,21.27585658640082,Salihli (Manisa)
645687,2024-12-13 12:10:50,1.6,229.36849395806354,7.0,0.9474917880722421,Ezine (Çanakkale)
645690,2024-12-13 12:20:03,0.8,266.65430646785785,7.0,0.9408082738612054,Tuzlukçu (Konya)
645693,2024-12-13 13:39:56,1.4,63.417779857893215,7.0,3.20240801433968,Güney (Denizli)
645694,2024-12-13 14:15:36,1.9,379.2126202077349,5.26,0.7868632432202738,Merkez (Bolu)
645695,2024-12-13 15:27:53,1.2,65.69502400704621,7.12,2.189627973642477,Gölmarmara (Manisa)
645696,2024-12-13 16:53:47,2.0,98.2726802788498,6.97,3.2690558922731197,Honaz (Denizli)
645702,2024-12-13 19:33:22,1.3,112.9342119422383,7.08,1.0259725522362895,Bigadiç (Balıkesir)
645703,2024-12-13 19:56:34,1.7,109.33831634829356,7.0,1.3447949708145068,Germencik (Aydın)
645704,2024-12-13 19:33:18,2.0,300.6756985772278,6.08,1.2079611542089153,Manavgat (Antalya)
645707,2024-12-13 20:36:47,1.4,136.89775853596268,7.0,1.0845817452486461,Menderes (İzmir)
645709,2024-12-14 01:12:18,1.6,485.44092521301036,7.0,1.1271117137356335,Sliven (Bulgaristan) - [66.72 km] Lalapaşa (Edirne)
645710,2024-12-14 01:42:27,3.2,132.85107606538602,7.3,10.070663191648258,Bergama (İzmir)
645712,2024-12-14 02:26:50,1.4,134.89964407990047,11.95,1.0501451413005067,Bergama (İzmir)
645713,2024-12-14 02:04:46,1.0,259.48324241655877,9.28,0.9541758038915454,Tuzlukçu (Konya)
645714,2024-12-14 02:23:53,2.1,409.8711299528333,27.19,1.104769456861641,Akdeniz - [69.32 km] Gazipaşa (Antalya)
645715,2024-12-14 01:59:35,1.8,132.35110331065448,11.27,1.1460381295827067,Bergama (İzmir)
645716,2024-12-14 01:54:04,1.5,135.93183359958616,12.08,1.1603595071079869,Bergama (İzmir)
645719,2024-12-14 04:21:59,1.2,266.8511016772764,10.49,1.0107412137331317,Tuzlukçu (Konya)
645725,2024-12-14 06:17:39,1.2,434.187640666324,7.27,1.3306500325222121,Çerkeş (Çankırı)
645726,2024-12-14 06:56:55,1.4,25.825006806014226,6.99,4.899581201523822,Salihli (Manisa)
645728,2024-12-14 07:49:43,2.2,65.34290632493224,11.5,21.16524630255247,Pamukkale (Denizli)
645729,2024-12-14 08:14:27,1.6,253.4988640110006,9.42,1.1134228170469043,Sultandağı (Afyonkarahisar)
645730,2024-12-14 10:05:18,1.9,64.75938575466228,8.01,37.902990587455534,Pamukkale (Denizli)
645731,2024-12-14 11:32:42,1.1,64.7904621300279,6.75,3.6170703106026294,Güney (Denizli)
645732,2024-12-14 11:34:18,1.6,253.86461851138844,10.05,0.9920412444252642,Marmara Denizi - [12.94 km] Şarköy (Tekirdağ)
645733,2024-12-14 12:24:33,1.8,192.47696030139574,7.0,1.2287000928477891,Ege Denizi - Gökova Körfezi - [15.19 km] Bodrum (Muğla)
645736,2024-12-14 13:34:48,1.1,64.13858529439571,6.98,6.137807679301686,Güney (Denizli)
645738,2024-12-14 15:03:46,1.1,152.55317401848532,6.99,0.403859568124259,Tavşanlı (Kütahya)
645740,2024-12-14 16:02:07,2.2,217.85264389706427,15.9,3.8058093640528985,Akdeniz - [22.72 km] Marmaris (Muğla)
645741,2024-12-14 16:25:17,1.1,243.7938026316554,7.0,1.3174443874592063,Biga (Çanakkale)
645742,2024-12-14 17:03:17,1.5,127.62936595358099,7.08,1.7137601197031433,Dursunbey (Balıkesir)
645743,2024-12-14 17:26:01,2.5,438.44665365499503,9.97,1.0182285060693923,Çelebi (Kırıkkale)
645748,2024-12-14 18:48:31,1.4,285.7854888547637,17.33,1.0107538707906134,Ege Denizi - [66.49 km] Datça (Muğla)
645749,2024-12-14 19:40:15,3.3,191.3189681818422,10.67,3.1401038129259526,Ege Denizi - Gökova Körfezi - [12.97 km] Bodrum (Muğla)
645752,2024-12-14 20:39:13,1.7,353.46320500719014,7.0,1.234506231214072,Akdeniz - [136.40 km] Datça (Muğla)
645759,2024-12-14 21:48:23,1.8,331.8341005126944,26.58,1.1732878160458773,Akdeniz - [121.73 km] Kaş (Antalya)
645760,2024-12-14 21:59:27,1.1,493.5949114587373,6.99,1.015127127541526,Merkez (Kırşehir)
645761,2024-12-14 22:07:47,1.9,334.1735826290541,6.94,0.6964864563749481,Beypazarı (Ankara)
645762,2024-12-14 22:21:13,1.5,272.82884461013265,12.62,1.0044306708490656,Ege Denizi - [37.38 km] Ayvacık (Çanakkale)
645763,2024-12-14 22:18:46,1.4,322.8316001089791,6.57,0.6537078470735691,Akdeniz - [54.39 km] Kaş (Antalya)
645765,2024-12-14 22:39:00,1.2,149.67697570390442,16.03,0.8163640778357769,Foça (İzmir)
645768,2024-12-14 22:45:39,1.9,254.60001965949675,7.0,0.8373533277491239,Sultandağı (Afyonkarahisar)
645769,2024-12-14 23:07:01,2.2,25.674013602833618,7.0,18.904461034260436,Salihli (Manisa)
645770,2024-12-14 23:00:10,1.0,439.4745068933757,7.0,1.184083446322106,Çelebi (Kırıkkale)
645771,2024-12-14 23:21:28,1.6,333.000950518198,6.99,0.8641177775421887,Beypazarı (Ankara)
645775,2024-12-15 00:11:06,1.5,160.47179439162204,7.0,0.9119543261134446,Menteşe (Muğla)
645779,2024-12-14 23:48:33,1.3,148.32266868418216,11.38,1.0947856194454029,Ege Denizi - Kuşadası Körfezi - [12.29 km] Menderes (İzmir)
645785,2024-12-15 01:25:17,0.8,364.4369813142487,7.29,0.9333011027773225,Merkez (Bolu)
645786,2024-12-15 03:34:48,1.7,335.29945152804686,7.0,0.9084270204979609,Merkez (Düzce)
645787,2024-12-15 03:51:25,1.7,191.0264376474597,10.42,1.206040515831216,Ege Denizi - Gökova Körfezi - [12.73 km] Bodrum (Muğla)
645788,2024-12-15 03:53:35,2.5,394.93960579990113,7.92,0.9626840358185821,Ege Denizi
645789,2024-12-15 03:58:02,1.0,154.11021181468888,7.02,1.122760585396398,Acıpayam (Denizli)
645791,2024-12-15 04:03:53,1.0,26.913644466059807,7.0,4.473528490982195,Salihli (Manisa)
645793,2024-12-15 04:21:56,2.0,24.800713979536145,7.0,19.55920358888621,Salihli (Manisa)
645805,2024-12-15 07:13:21,2.0,278.0432175649156,3.71,0.9034199199736193,Ege Denizi - [69.19 km] Datça (Muğla)
645809,2024-12-15 08:19:59,1.3,162.35426606315667,7.03,0.6417147905330923,İvrindi (Balıkesir)
645810,2024-12-15 09:53:13,1.8,115.38598312155375,6.99,1.2391596086451993,Bigadiç (Balıkesir)
645811,2024-12-15 09:40:28,1.9,164.73279688049482,7.0,1.0060495614622955,Ege Denizi - Gökova Körfezi - [02.88 km] Ula (Muğla)
645813,2024-12-15 10:27:03,1.8,334.1343650899809,6.98,0.7894173457755425,Beypazarı (Ankara)
645814,2024-12-15 10:06:22,1.4,113.70105755357537,9.28,1.5794220547008067,Bigadiç (Balıkesir)
645824,2024-12-15 13:46:41,2.2,315.9218018107717,5.54,0.9305009395149052,Ege Denizi
645828,2024-12-15 15:48:40,2.1,348.78423220611444,7.07,1.0157794966435834,Kaynaşlı (Düzce)
645831,2024-12-15 18:04:29,1.4,285.65232615560416,7.05,0.8956082557662561,Bayrampaşa (İstanbul)
645834,2024-12-15 18:43:27,0.9,103.92464733792448,7.0,0.7321561930398471,Germencik (Aydın)
645837,2024-12-15 19:28:42,0.9,253.84970391429312,8.16,0.9901211428025665,Sultandağı (Afyonkarahisar)
645842,2024-12-15 20:23:06,1.7,165.5844789975059,16.46,2.1871744148028447,Çavdır (Burdur)
645844,2024-12-15 20:14:37,2.3,400.7794690455651,6.54,0.8938347283570276,Ege Denizi
645845,2024-12-15 20:51:47,1.1,150.9631391243702,7.0,1.4243920971357695,Ula (Muğla)
645851,2024-12-16 00:10:58,2.3,270.9472799212899,7.01,1.4290919011991976,Marmara Denizi - [07.87 km] Süleymanpaşa (Tekirdağ)
645854,2024-12-16 01:36:39,2.5,346.2107164686455,12.8,1.1105713768412393,Ege Denizi - [122.72 km] Datça (Muğla)
645855,2024-12-16 01:49:09,1.3,83.37746964213702,6.98,0.8580145974910962,Simav (Kütahya)
645861,2024-12-16 02:54:42,1.6,194.99760368630322,11.0,1.4934920895131838,Osmangazi (Bursa)
645862,2024-12-16 03:21:37,2.1,352.8603095720683,10.4,0.9824921588696641,Ege Denizi - [132.18 km] Datça (Muğla)
645870,2024-12-16 04:37:42,1.6,192.86372889024304,7.11,1.2573677548207425,Nilüfer (Bursa)
645879,2024-12-16 06:57:44,1.1,64.01622621108564,7.0,1.3170053825472812,Güney (Denizli)
645883,2024-12-16 08:06:05,1.3,80.27838932157833,10.83,2.6885592200686457,Simav (Kütahya)
645884,2024-12-16 08:34:31,1.4,79.70995820053486,11.08,1.8613695474824465,Simav (Kütahya)
645885,2024-12-16 08:40:15,2.1,334.55035129494524,7.02,1.1057042452712251,Beypazarı (Ankara)
645886,2024-12-16 08:32:44,2.4,216.1548963089431,6.99,1.4769329072456803,Gelendost (Isparta)
645887,2024-12-16 08:54:04,2.4,154.92813979947798,14.49,2.9334725911968156,Ege Denizi - [09.82 km] Dikili (İzmir)
645888,2024-12-16 09:07:53,1.8,113.25417439657245,6.99,3.3849061964746396,Bigadiç (Balıkesir)
645892,2024-12-16 09:15:35,1.8,207.8303558158211,7.0,0.960132975053958,Ege Denizi - [05.06 km] Bodrum (Muğla)
645897,2024-12-16 12:07:03,2.0,217.17579050557245,7.03,0.830290610482131,Gelendost (Isparta)
645899,2024-12-16 13:21:59,2.0,251.43014335862892,16.14,0.8715201950692564,"Marmara Denizi, Marmara Adası, Marmara (Balıkesir)"
645903,2024-12-16 14:45:39,1.7,284.06780361345955,11.66,1.081879952591046,Akdeniz - [59.71 km] Kaş (Antalya)
645907,2024-12-16 16:26:23,1.0,433.2617556746554,7.0,0.79452729796651,Şereflikoçhisar (Ankara)
645909,2024-12-16 15:59:48,1.5,140.2209468870462,7.14,1.3399641492618,Menteşe (Muğla)
645919,2024-12-16 20:26:30,1.0,209.86221819542837,5.48,0.9481401611064975,Biga (Çanakkale)
645921,2024-12-16 20:33:56,1.0,66.85307678879064,12.71,2.2950308662050087,Pamukkale (Denizli)
645922,2024-12-16 21:14:20,1.3,111.0253145210674,7.0,1.164261586377447,Soma (Manisa)
645926,2024-12-16 22:14:27,1.3,252.5589706161076,9.65,1.0415173199742993,Marmara Denizi - [06.83 km] Marmara (Balıkesir)
645928,2024-12-16 22:33:46,3.9,263.476680379207,7.95,4.084254912082806,Ege Denizi - [46.41 km] Datça (Muğla)
645930,2024-12-16 23:23:02,1.4,181.58071164693087,7.56,1.0495389138450328,Dalaman (Muğla)
645933,2024-12-17 00:11:02,1.0,137.55282667987117,8.07,1.0092966707886983,Altıeylül (Balıkesir)
645936,2024-12-17 00:54:15,1.1,97.70706471841203,6.98,1.3406716482474612,Emet (Kütahya)
645939,2024-12-17 01:21:21,1.1,282.32764324788695,7.01,1.1720117029747708,Karapürçek (Sakarya)
645942,2024-12-17 01:45:23,0.8,234.6788034634831,7.0,0.8092432907542896,Bolvadin (Afyonkarahisar)
645944,2024-12-17 02:43:29,1.4,246.61677567353374,7.0,1.4934280604633743,Biga (Çanakkale)
645946,2024-12-17 03:01:03,2.4,334.09956009081606,8.96,0.9294770335512327,Beypazarı (Ankara)
645949,2024-12-17 03:59:49,1.7,25.592711331434906,7.0,42.06535210241899,Salihli (Manisa)
645952,2024-12-17 04:52:43,1.5,376.0602943262056,7.13,1.051012449344521,Merkez (Bolu)
645953,2024-12-17 05:10:51,2.2,366.91098684087376,6.06,1.1323384069842461,Akdeniz - [79.21 km] Kumluca (Antalya)
645954,2024-12-17 05:38:01,1.2,441.26257242563594,8.23,1.0588087886425614,Tuz Gölü - [31.06 km] Eskil (Aksaray)
645956,2024-12-17 05:45:19,1.2,35.512791634004486,7.0,10.245047810212702,Salihli (Manisa)
645957,2024-12-17 06:12:32,1.1,208.62175521053936,7.0,1.320966816233965,Yalvaç (Isparta)
645958,2024-12-17 07:58:54,1.9,119.72784759882437,15.14,4.0015023344696035,Bozkurt (Denizli)
645960,2024-12-17 09:24:07,2.5,150.29613559042957,4.8,3.7935784059330793,Ula (Muğla)
645961,2024-12-17 06:16:40,1.9,221.11633991864113,7.7,1.1544381480266064,Akdeniz - [22.19 km] Ortaca (Muğla)
645963,2024-12-17 08:09:23,0.9,116.36407643244122,7.0,1.2310015552194498,Gediz (Kütahya)
645965,2024-12-17 09:02:20,1.2,194.31684101509714,7.0,0.9295872812762789,İnönü (Eskişehir)
645969,2024-12-17 10:19:51,1.3,138.9430677219076,7.0,1.5235334497496151,Bergama (İzmir)
645970,2024-12-17 10:10:01,0.9,137.97864947327258,7.0,1.358541230100614,Bergama (İzmir)
645975,2024-12-17 12:28:26,0.9,171.694484393325,7.0,1.0415340717049302,Ege Denizi - [25.32 km] Seferihisar (İzmir)
645981,2024-12-17 15:04:52,1.0,108.24538273770585,11.86,1.4408772371978709,Hisarcık (Kütahya)
645988,2024-12-17 16:45:08,1.6,162.93891615527718,13.48,1.540623259378688,Ege Denizi - [27.48 km] Menderes (İzmir)
645989,2024-12-17 16:49:54,1.3,161.96716680987672,6.98,0.9510273027619269,Ege Denizi - [26.53 km] Menderes (İzmir)
645991,2024-12-17 17:09:55,1.5,316.12795496159004,14.2,1.0291175488614253,Akdeniz - [45.65 km] Kaş (Antalya)
645992,2024-12-17 17:21:26,0.9,308.4057057778067,7.01,0.9786348584978795,Ilgın (Konya)
645995,2024-12-17 17:36:23,1.2,157.3163412617282,6.98,1.0568392781049913,Ula (Muğla)
646000,2024-12-17 18:43:15,0.8,28.419796358210096,6.97,7.2598712581745275,Salihli (Manisa)
646001,2024-12-17 19:03:12,2.0,64.79048297322792,8.76,50.824922690377115,Güney (Denizli)
646002,2024-12-17 19:32:15,2.2,392.8441797358636,22.42,1.7477864665808343,Akdeniz - [106.10 km] Kumluca (Antalya)
646004,2024-12-17 21:01:44,2.0,246.1562120802887,15.46,1.1468366560993772,Ege Denizi - [09.44 km] Ayvacık (Çanakkale)
646005,2024-12-17 21:24:02,1.4,110.98402395382672,6.98,3.0093589739136584,Kınık (İzmir)
646007,2024-12-17 20:58:31,1.3,246.98633587982022,12.97,1.0338376178672861,Ege Denizi - [12.80 km] Ayvacık (Çanakkale)
646008,2024-12-17 21:55:27,2.8,100.86625933746792,6.76,89.26035903394234,Bigadiç (Balıkesir)
646013,2024-12-17 22:41:13,1.4,224.86920716414298,7.77,1.084113856575411,Döşemealtı (Antalya)
646014,2024-12-17 23:05:47,0.7,282.615908467845,7.01,2.2129153541824236,Tuzlukçu (Konya)
646015,2024-12-17 23:19:24,2.4,391.6290692985632,8.44,1.1297540221637625,Akdeniz - [99.33 km] Kumluca (Antalya)
646022,2024-12-17 23:31:33,1.7,119.92592318566507,9.79,5.209196633681773,Bigadiç (Balıkesir)
646023,2024-12-17 23:43:16,2.0,355.26654594773015,6.62,1.05015788349905,Ege Denizi - [134.35 km] Datça (Muğla)
