region,end_time,label,next_magnitude,p_event,predicted_magnitude_if_event
EAFZ,2023-12-12 11:12:32,1,4.6,0.39893487095832825,4.8197093
NAFZ,2023-12-12 14:22:43,1,4.5,0.39230310916900635,4.9383545
EAFZ,2023-12-12 20:03:49,1,4.6,0.48373156785964966,4.807565
AEGEAN,2023-12-13 02:29:21,0,,0.3057388961315155,4.8693886
EAFZ,2023-12-13 05:36:54,1,4.6,0.54429030418396,4.835112
NAFZ,2023-12-13 19:56:21,1,4.5,0.41243845224380493,4.926886
EAFZ,2023-12-13 21:17:16,1,4.6,0.5373363494873047,4.8365974
EAFZ,2023-12-14 07:41:07,1,4.6,0.5302066206932068,4.8343325
NAFZ,2023-12-15 04:11:19,1,4.5,0.3826780617237091,4.8582654
EAFZ,2023-12-15 09:09:40,1,4.6,0.5320509076118469,4.8390083
EAFZ,2023-12-16 05:09:25,1,4.6,0.5196857452392578,4.838944
AEGEAN,2023-12-16 16:29:32,0,,0.29197239875793457,4.8686905
CENTRAL,2023-12-16 16:29:32,0,,0.27703869342803955,4.948994
NAFZ,2023-12-16 19:30:44,1,4.5,0.3515092134475708,4.862001
EAFZ,2023-12-16 22:00:30,1,4.6,0.45445340871810913,4.8408976
EAFZ,2023-12-17 12:45:49,1,4.6,0.42860153317451477,4.8400393
NAFZ,2023-12-17 22:22:00,1,4.5,0.35231971740722656,4.892232
EAFZ,2023-12-18 01:13:13,1,4.6,0.41629040241241455,4.8390255
NAFZ,2023-12-18 05:29:01,1,4.5,0.3463592231273651,4.8891273
EAFZ,2023-12-18 12:05:10,1,4.6,0.3878905475139618,4.8259754
EAFZ,2023-12-19 00:24:46,1,4.6,0.3634817898273468,4.824173
EAFZ,2023-12-19 22:28:53,1,4.6,0.3516055643558502,4.824935
AEGEAN,2023-12-20 19:23:49,0,,0.29931092262268066,4.8979573
EAFZ,2023-12-21 00:09:15,1,4.6,0.3370751738548279,4.8212185
NAFZ,2023-12-21 01:28:03,1,4.5,0.34034568071365356,4.8938174
EAFZ,2023-12-22 00:06:13,1,4.6,0.31802114844322205,4.8118024
AEGEAN,2023-12-22 08:59:35,0,,0.31486889719963074,4.8944807
CENTRAL,2023-12-22 08:59:35,0,,0.27878427505493164,4.9491115
EAFZ,2023-12-22 19:26:20,1,4.6,0.3136327266693115,4.8149943
NAFZ,2023-12-23 01:44:33,1,4.5,0.3361469507217407,4.8931313
EAFZ,2023-12-23 15:32:27,1,4.6,0.32853713631629944,4.8211346
EAFZ,2023-12-23 22:58:31,1,4.6,0.3522574007511139,4.8220906
EAFZ,2023-12-24 10:05:00,1,4.6,0.3810434341430664,4.8255053
AEGEAN,2023-12-25 09:11:20,0,,0.33359092473983765,4.8954453
NAFZ,2023-12-25 19:11:37,1,4.5,0.3278743028640747,4.891468
EAFZ,2023-12-25 21:25:56,1,4.6,0.39252546429634094,4.83492
EAFZ,2023-12-26 11:45:39,1,4.6,0.4408383369445801,4.8297806
AEGEAN,2023-12-26 20:51:20,0,,0.33240315318107605,4.893332
EAFZ,2023-12-27 05:44:02,1,4.6,0.5397412180900574,4.82725
EAFZ,2023-12-27 20:59:47,1,4.6,0.4916418790817261,4.8643284
EAFZ,2023-12-28 13:28:59,1,5.2,0.5291935801506042,4.876159
EAFZ,2023-12-29 09:42:29,1,5.2,0.5107852220535278,4.877057
EAFZ,2023-12-30 11:32:52,1,5.2,0.49437013268470764,4.881821
CENTRAL,2023-12-30 14:14:26,0,,0.2792699933052063,4.9513903
AEGEAN,2023-12-31 00:45:55,1,5.1,0.30617278814315796,4.8988175
NAFZ,2023-12-31 01:39:37,0,,0.3251994848251343,4.9117947
EAFZ,2023-12-31 05:13:32,1,5.2,0.47356081008911133,4.882981
EAFZ,2024-01-01 04:26:16,1,5.2,0.4389217793941498,4.8793845
NAFZ,2024-01-01 19:39:07,0,,0.33703067898750305,4.912001
EAFZ,2024-01-01 23:58:47,1,5.2,0.4197826087474823,4.8791633
AEGEAN,2024-01-02 13:10:18,1,5.1,0.322469025850296,4.895329
EAFZ,2024-01-02 14:49:31,1,5.2,0.39776939153671265,4.8793955
CENTRAL,2024-01-03 03:43:20,0,,0.2728596031665802,4.92774
EAFZ,2024-01-03 15:55:07,1,5.2,0.4019331932067871,4.880424
EAFZ,2024-01-03 22:48:05,1,5.2,0.3875122666358948,4.85673
EAFZ,2024-01-04 15:52:06,1,5.2,0.4044022560119629,4.855866
EAFZ,2024-01-05 09:39:10,1,5.2,0.44074884057044983,4.8547683
NAFZ,2024-01-05 22:07:13,0,,0.3515164852142334,4.914938
EAFZ,2024-01-06 00:15:04,1,5.2,0.3707766830921173,4.826823
AEGEAN,2024-01-06 04:19:05,1,5.1,0.31510815024375916,4.897791
EAFZ,2024-01-06 11:32:01,1,5.2,0.37900277972221375,4.824678
EAFZ,2024-01-06 20:40:13,1,5.2,0.48022595047950745,4.842564
AEGEAN,2024-01-07 05:19:32,1,5.1,0.33937281370162964,4.905331
EAFZ,2024-01-07 15:58:00,1,5.2,0.4607181251049042,4.844316
EAFZ,2024-01-07 22:14:05,1,5.2,0.463205486536026,4.838173
CENTRAL,2024-01-08 09:59:29,0,,0.2983507215976715,4.9281645
EAFZ,2024-01-09 01:09:21,1,5.2,0.46615177392959595,4.863357
NAFZ,2024-01-09 03:51:57,0,,0.33859705924987793,4.920865
EAFZ,2024-01-10 03:12:20,1,5.2,0.5475289821624756,4.865371
NAFZ,2024-01-10 04:53:39,0,,0.340550035238266,4.920822
AEGEAN,2024-01-10 21:40:23,1,5.1,0.3158729076385498,4.9084725
EAFZ,2024-01-11 12:39:56,1,5.2,0.48841217160224915,4.8705163
AEGEAN,2024-01-11 17:47:24,1,5.1,0.34574827551841736,4.908219
EAFZ,2024-01-13 00:07:31,1,5.2,0.4821055829524994,4.874487
EAFZ,2024-01-13 18:43:44,1,5.2,0.45379453897476196,4.8763757
NAFZ,2024-01-13 21:38:37,0,,0.31128358840942383,4.9225593
AEGEAN,2024-01-14 12:17:05,1,5.1,0.35063299536705017,4.9073615
EAFZ,2024-01-15 01:59:32,1,5.2,0.408101886510849,4.879435
AEGEAN,2024-01-15 14:54:34,1,5.1,0.37747177481651306,4.906643
EAFZ,2024-01-15 19:35:27,1,5.2,0.39171501994132996,4.8770504
CENTRAL,2024-01-16 07:27:59,0,,0.2907337248325348,4.938057
EAFZ,2024-01-16 19:45:53,1,5.2,0.369334876537323,4.879226
EAFZ,2024-01-17 10:51:24,1,5.2,0.37481892108917236,4.863437
AEGEAN,2024-01-17 21:27:32,1,5.1,0.38009002804756165,4.9007473
EAFZ,2024-01-18 01:48:51,1,5.2,0.39498114585876465,4.8317766
EAFZ,2024-01-18 12:59:25,1,5.2,0.4480937123298645,4.8543334
EAFZ,2024-01-18 21:21:59,1,5.2,0.5025098919868469,4.849659
EAFZ,2024-01-19 17:21:12,1,5.2,0.5433900356292725,4.850028
EAFZ,2024-01-20 05:07:53,1,5.2,0.5754828453063965,4.863841
CENTRAL,2024-01-20 22:45:49,0,,0.30196014046669006,4.936905
EAFZ,2024-01-21 02:12:32,1,5.2,0.5546550154685974,4.8642726
NAFZ,2024-01-21 15:31:59,0,,0.3203882575035095,4.9302273
AEGEAN,2024-01-21 16:01:05,1,5.1,0.35988324880599976,4.903074
EAFZ,2024-01-22 03:07:06,1,5.2,0.5381321907043457,4.863768
EAFZ,2024-01-22 17:44:49,1,5.2,0.497813880443573,4.8637886
EAFZ,2024-01-23 03:17:55,1,5.2,0.5036592483520508,4.862031
EAFZ,2024-01-23 14:01:55,1,5.2,0.4650278687477112,4.862824
EAFZ,2024-01-24 01:08:37,1,5.2,0.4429599344730377,4.8643675
EAFZ,2024-01-24 08:48:03,1,5.2,0.4510535001754761,4.8590813
EAFZ,2024-01-24 22:45:04,1,5.2,0.4062896966934204,4.841855
EAFZ,2024-01-25 10:23:11,1,5.2,0.41743963956832886,4.8389206
EAFZ,2024-01-25 13:21:30,0,,0.6028688549995422,4.8861723
NAFZ,2024-01-25 23:25:47,0,,0.31925809383392334,4.9317393
AEGEAN,2024-01-25 23:25:47,1,5.1,0.34395429491996765,4.9020596
EAFZ,2024-01-25 23:46:30,0,,0.6045843958854675,4.8844337
EAFZ,2024-01-26 07:31:35,0,,0.5775492787361145,4.883524
EAFZ,2024-01-26 17:55:07,0,,0.5995137095451355,4.8836823
EAFZ,2024-01-27 02:34:34,0,,0.590920627117157,4.881383
NAFZ,2024-01-27 03:27:47,0,,0.3092455267906189,4.913424
AEGEAN,2024-01-27 05:21:34,0,,0.42789170145988464,4.941274
AEGEAN,2024-01-27 05:36:42,0,,0.4694580137729645,4.9303126
AEGEAN,2024-01-27 09:49:50,0,,0.5272844433784485,4.9245443
EAFZ,2024-01-27 12:30:46,0,,0.5761406421661377,4.8829594
EAFZ,2024-01-27 22:29:51,0,,0.5937402844429016,4.8810744
AEGEAN,2024-01-28 01:03:09,0,,0.4574231505393982,4.9242454
EAFZ,2024-01-28 03:37:37,0,,0.6290947198867798,4.877282
CENTRAL,2024-01-28 11:07:16,0,,0.300862580537796,4.9355874
AEGEAN,2024-01-28 17:11:39,0,,0.4534626305103302,4.9249206
EAFZ,2024-01-29 00:36:33,0,,0.5312629342079163,4.8503757
NAFZ,2024-01-29 17:30:12,1,4.6,0.3223641514778137,4.9128647
EAFZ,2024-01-29 19:35:49,0,,0.5237054228782654,4.8259645
AEGEAN,2024-01-30 00:02:15,0,,0.47638416290283203,4.9240313
EAFZ,2024-01-30 06:34:33,0,,0.5285040140151978,4.8272195
EAFZ,2024-01-30 15:00:34,0,,0.5065147280693054,4.826136
AEGEAN,2024-01-30 19:44:43,0,,0.5024403929710388,4.9069295
CENTRAL,2024-01-31 11:23:35,0,,0.28891661763191223,4.932149
EAFZ,2024-01-31 16:11:03,0,,0.44521719217300415,4.826741
EAFZ,2024-02-01 08:58:40,0,,0.43881508708000183,4.82894
AEGEAN,2024-02-01 15:45:56,0,,0.533886194229126,4.901784
EAFZ,2024-02-02 05:51:55,0,,0.405525267124176,4.831673
EAFZ,2024-02-02 12:22:57,0,,0.471329003572464,4.8323326
AEGEAN,2024-02-02 21:45:36,0,,0.47943800687789917,4.838288
EAFZ,2024-02-03 09:47:49,0,,0.4826118052005768,4.841439
NAFZ,2024-02-03 16:15:20,1,4.6,0.30527448654174805,4.915009
EAFZ,2024-02-03 20:26:09,0,,0.5120136737823486,4.8395863
AEGEAN,2024-02-04 01:49:04,1,4.9,0.44781842827796936,4.8488326
EAFZ,2024-02-04 13:00:02,0,,0.5156344175338745,4.8407917
NAFZ,2024-02-04 18:11:02,1,4.6,0.3000412583351135,4.91281
AEGEAN,2024-02-04 20:42:35,1,4.9,0.44347047805786133,4.852945
EAFZ,2024-02-05 05:53:01,0,,0.5003211498260498,4.842564
EAFZ,2024-02-05 20:39:14,0,,0.4922346770763397,4.841227
AEGEAN,2024-02-06 17:38:23,1,4.9,0.4354146122932434,4.8566656
EAFZ,2024-02-06 23:45:20,0,,0.4543209373950958,4.843153
NAFZ,2024-02-07 05:07:29,1,4.6,0.3360612392425537,4.900982
EAFZ,2024-02-07 14:44:51,0,,0.4150676131248474,4.841746
CENTRAL,2024-02-07 23:52:14,0,,0.28290650248527527,4.9334154
AEGEAN,2024-02-08 07:55:47,1,4.9,0.4080771207809448,4.860583
EAFZ,2024-02-08 09:12:11,0,,0.3657244145870209,4.844063
EAFZ,2024-02-08 23:55:54,0,,0.36925509572029114,4.8265004
EAFZ,2024-02-09 09:57:27,0,,0.36513274908065796,4.826419
EAFZ,2024-02-09 23:57:28,0,,0.34999367594718933,4.825131
EAFZ,2024-02-10 11:55:01,0,,0.3537207245826721,4.8329234
NAFZ,2024-02-10 12:27:05,1,4.6,0.343079149723053,4.899098
AEGEAN,2024-02-11 07:10:51,1,4.9,0.38564276695251465,4.8640904
EAFZ,2024-02-11 17:29:44,0,,0.386170893907547,4.836065
EAFZ,2024-02-12 07:52:25,0,,0.3742137849330902,4.829594
NAFZ,2024-02-12 13:17:31,1,4.6,0.34380239248275757,4.876039
EAFZ,2024-02-12 21:48:08,0,,0.41889312863349915,4.8292737
AEGEAN,2024-02-13 01:03:39,1,4.9,0.380606472492218,4.86776
NAFZ,2024-02-13 03:01:54,1,4.6,0.35790643095970154,4.869755
EAFZ,2024-02-13 12:28:56,0,,0.42657458782196045,4.826397
NAFZ,2024-02-14 06:50:37,1,4.6,0.3567972779273987,4.868278
EAFZ,2024-02-14 17:31:58,0,,0.3762880563735962,4.8287787
AEGEAN,2024-02-15 02:31:36,1,4.9,0.3626040518283844,4.8694386
EAFZ,2024-02-15 04:02:38,0,,0.4040544033050537,4.829727
EAFZ,2024-02-15 18:48:24,0,,0.4153861999511719,4.830132
CENTRAL,2024-02-15 20:02:27,1,4.7,0.29109787940979004,4.9327545
NAFZ,2024-02-16 02:17:44,1,4.6,0.362454354763031,4.8673854
EAFZ,2024-02-16 13:01:38,0,,0.46897372603416443,4.851161
EAFZ,2024-02-16 20:12:40,0,,0.5212042927742004,4.8437195
EAFZ,2024-02-17 10:45:09,0,,0.504777193069458,4.8459444
AEGEAN,2024-02-17 21:37:31,1,4.9,0.3514963984489441,4.87305
NAFZ,2024-02-18 01:09:40,1,4.6,0.3691862225532532,4.86098
EAFZ,2024-02-18 03:44:22,0,,0.47826895117759705,4.847302
EAFZ,2024-02-18 16:09:57,0,,0.4654815196990967,4.847187
EAFZ,2024-02-19 13:46:09,0,,0.4806511700153351,4.856004
EAFZ,2024-02-20 01:35:43,0,,0.48229849338531494,4.857119
CENTRAL,2024-02-20 07:50:00,1,4.7,0.2833169996738434,4.931774
EAFZ,2024-02-20 14:44:12,0,,0.49846065044403076,4.8562975
AEGEAN,2024-02-20 22:40:40,1,4.9,0.33609095215797424,4.8759537
EAFZ,2024-02-21 03:36:19,0,,0.4772876501083374,4.854875
EAFZ,2024-02-21 16:06:49,0,,0.4451040029525757,4.8555655
NAFZ,2024-02-22 13:30:44,1,4.6,0.3021524250507355,4.866432
EAFZ,2024-02-22 14:46:28,0,,0.5398606061935425,4.858626
AEGEAN,2024-02-22 18:09:05,1,4.9,0.3219376802444458,4.871579
EAFZ,2024-02-23 09:53:29,0,,0.5124173164367676,4.859989
CENTRAL,2024-02-23 15:35:48,1,4.7,0.2916257381439209,4.930711
NAFZ,2024-02-23 17:04:19,1,4.6,0.3318665325641632,4.8861184
EAFZ,2024-02-23 18:05:17,0,,0.6104637980461121,4.857945
EAFZ,2024-02-24 08:10:44,0,,0.5091466903686523,4.8350043
AEGEAN,2024-02-24 11:08:11,1,4.9,0.32016539573669434,4.8710856
EAFZ,2024-02-24 19:06:31,0,,0.48521867394447327,4.8354897
EAFZ,2024-02-25 05:22:48,0,,0.413141667842865,4.828023
EAFZ,2024-02-25 22:17:34,0,,0.4227958917617798,4.830955
NAFZ,2024-02-26 09:03:12,1,4.6,0.3281432092189789,4.886136
EAFZ,2024-02-26 14:45:26,0,,0.42524072527885437,4.8313284
AEGEAN,2024-02-26 16:21:17,1,4.9,0.33960434794425964,4.8849306
CENTRAL,2024-02-26 23:00:46,1,4.7,0.285928338766098,4.905359
NAFZ,2024-02-27 13:31:00,1,4.9,0.33971384167671204,4.909712
EAFZ,2024-02-27 14:48:47,0,,0.435362309217453,4.8257494
AEGEAN,2024-02-27 15:15:36,1,4.9,0.308086097240448,4.881278
EAFZ,2024-02-27 23:41:29,0,,0.4648326635360718,4.824474
NAFZ,2024-02-28 15:18:52,1,4.9,0.3417512774467468,4.911708
EAFZ,2024-02-28 19:54:18,0,,0.46925127506256104,4.82772
EAFZ,2024-02-29 13:25:45,1,4.7,0.4610646367073059,4.8302183
AEGEAN,2024-02-29 15:52:07,1,4.9,0.3498527705669403,4.8813896
NAFZ,2024-03-01 13:04:31,1,4.9,0.3444620668888092,4.910962
EAFZ,2024-03-01 14:09:54,1,4.7,0.4870619773864746,4.854118
AEGEAN,2024-03-02 04:48:00,1,4.9,0.36237961053848267,4.8802495
NAFZ,2024-03-02 23:29:36,1,4.9,0.3292222023010254,4.9126787
EAFZ,2024-03-02 23:41:39,1,4.7,0.4561299681663513,4.859419
EAFZ,2024-03-03 13:13:36,1,4.7,0.4833715558052063,4.85917
CENTRAL,2024-03-03 22:51:15,1,4.7,0.31083980202674866,4.9066763
AEGEAN,2024-03-03 22:56:31,1,4.9,0.40628230571746826,4.876026
EAFZ,2024-03-04 01:26:50,1,4.7,0.507865309715271,4.87208
EAFZ,2024-03-04 17:51:10,1,4.7,0.5284827947616577,4.8691554
EAFZ,2024-03-05 06:32:32,1,4.7,0.5109965801239014,4.8702493
AEGEAN,2024-03-05 09:31:34,0,,0.4638715088367462,4.9211316
EAFZ,2024-03-05 15:37:22,1,4.7,0.5259132981300354,4.867966
NAFZ,2024-03-05 20:07:29,0,,0.33453935384750366,4.9260135
EAFZ,2024-03-05 23:53:38,1,4.7,0.5020009875297546,4.8635745
CENTRAL,2024-03-06 08:47:36,1,4.7,0.29279768466949463,4.9026647
EAFZ,2024-03-06 23:25:23,1,4.7,0.4714532792568207,4.8615103
AEGEAN,2024-03-07 04:27:18,0,,0.4637324810028076,4.919931
EAFZ,2024-03-07 21:53:49,1,4.7,0.4609001576900482,4.8624187
EAFZ,2024-03-08 17:56:44,1,4.7,0.4477234184741974,4.8639174
AEGEAN,2024-03-09 07:36:08,0,,0.4432813227176666,4.9214883
NAFZ,2024-03-09 18:25:48,0,,0.41573888063430786,4.9266977
EAFZ,2024-03-09 18:53:38,1,4.7,0.4281131625175476,4.865549
CENTRAL,2024-03-09 22:01:40,1,4.7,0.306768000125885,4.931955
EAFZ,2024-03-10 05:27:14,1,4.7,0.42983970046043396,4.8234406
AEGEAN,2024-03-10 15:58:31,0,,0.4505927562713623,4.9191813
EAFZ,2024-03-10 17:03:14,1,4.7,0.43880853056907654,4.8239055
EAFZ,2024-03-11 12:02:27,1,4.7,0.41817334294319153,4.826131
EAFZ,2024-03-12 04:43:57,1,4.7,0.42325761914253235,4.8280115
EAFZ,2024-03-13 03:03:34,1,4.7,0.41612204909324646,4.832277
NAFZ,2024-03-13 14:57:56,0,,0.3765094578266144,4.9328756
EAFZ,2024-03-13 15:44:20,1,4.7,0.4297584295272827,4.8283567
CENTRAL,2024-03-13 21:36:19,0,,0.3865765631198883,4.944129
EAFZ,2024-03-14 10:47:22,1,4.7,0.44065558910369873,4.830361
AEGEAN,2024-03-15 12:25:45,0,,0.43040284514427185,4.929324
EAFZ,2024-03-15 15:09:55,1,4.7,0.41472533345222473,4.8305645
EAFZ,2024-03-16 16:25:33,1,4.7,0.3794156610965729,4.8313518
AEGEAN,2024-03-17 07:01:55,0,,0.4193192720413208,4.9271026
EAFZ,2024-03-17 12:13:43,1,4.7,0.3578163981437683,4.829726
EAFZ,2024-03-18 08:39:02,1,4.7,0.3857261836528778,4.832242
NAFZ,2024-03-18 10:02:30,0,,0.36535951495170593,4.9366326
EAFZ,2024-03-19 07:43:04,1,4.7,0.39800959825515747,4.8343816
AEGEAN,2024-03-19 21:08:44,0,,0.3919529318809509,4.9308877
EAFZ,2024-03-20 02:05:09,1,4.7,0.4032782316207886,4.8275394
CENTRAL,2024-03-20 07:17:48,0,,0.37930959463119507,4.943959
NAFZ,2024-03-20 09:17:05,1,4.7,0.3514202833175659,4.937984
EAFZ,2024-03-21 01:04:13,1,4.7,0.40490391850471497,4.8544745
NAFZ,2024-03-21 05:48:54,1,4.7,0.3551352322101593,4.9375105
AEGEAN,2024-03-21 13:37:03,1,4.5,0.40026041865348816,4.930683
EAFZ,2024-03-21 16:44:46,1,4.7,0.39181628823280334,4.8536186
NAFZ,2024-03-22 02:08:03,1,4.7,0.35277801752090454,4.9362073
EAFZ,2024-03-23 08:12:40,1,4.7,0.3869979679584503,4.856874
AEGEAN,2024-03-23 12:08:09,1,4.5,0.3869416117668152,4.9076242
NAFZ,2024-03-24 11:55:49,1,4.7,0.3327248692512512,4.938111
EAFZ,2024-03-24 17:47:24,1,4.7,0.41246095299720764,4.857285
EAFZ,2024-03-25 08:51:34,1,4.7,0.4250915050506592,4.8586974
AEGEAN,2024-03-25 14:37:19,1,4.5,0.3469443619251251,4.9084888
CENTRAL,2024-03-26 01:04:20,0,,0.3541024625301361,4.945158
EAFZ,2024-03-26 09:02:06,1,4.7,0.4421018660068512,4.860483
AEGEAN,2024-03-26 13:44:20,1,4.5,0.2903940975666046,4.8861556
EAFZ,2024-03-26 23:00:47,1,4.7,0.40195590257644653,4.8567314
NAFZ,2024-03-27 07:21:34,1,4.7,0.31577759981155396,4.895996
EAFZ,2024-03-27 16:13:36,1,4.7,0.45119860768318176,4.857517
AEGEAN,2024-03-27 20:09:32,1,4.5,0.30703794956207275,4.886219
EAFZ,2024-03-28 08:10:58,1,4.7,0.4338512718677521,4.8566203
CENTRAL,2024-03-28 10:15:24,0,,0.34772631525993347,4.9446163
NAFZ,2024-03-29 06:55:53,1,4.7,0.32634323835372925,4.892346
AEGEAN,2024-03-29 13:05:01,1,4.5,0.2959335446357727,4.878178
EAFZ,2024-03-29 23:09:38,1,4.7,0.4274808466434479,4.8609214
EAFZ,2024-03-30 22:06:56,1,4.5,0.48090022802352905,4.891565
EAFZ,2024-03-31 05:33:21,1,4.5,0.5045182704925537,4.8862257
EAFZ,2024-04-01 00:55:17,1,4.5,0.5080905556678772,4.886804
AEGEAN,2024-04-01 06:04:08,1,4.5,0.2895106375217438,4.880187
EAFZ,2024-04-01 08:54:43,1,4.5,0.5005078315734863,4.8819547
NAFZ,2024-04-01 19:47:10,1,4.7,0.3328010141849518,4.891897
EAFZ,2024-04-01 20:31:04,1,4.5,0.5057040452957153,4.882365
EAFZ,2024-04-02 09:00:52,1,4.5,0.5010199546813965,4.8803697
CENTRAL,2024-04-02 12:06:41,0,,0.3483685851097107,4.9465446
EAFZ,2024-04-02 16:59:02,1,4.5,0.45127400755882263,4.879022
AEGEAN,2024-04-02 17:52:02,1,4.5,0.30209943652153015,4.8815403
EAFZ,2024-04-03 07:48:14,0,,0.4725381135940552,4.8714943
EAFZ,2024-04-04 00:10:08,0,,0.5521810054779053,4.859726
EAFZ,2024-04-04 08:47:08,0,,0.48558706045150757,4.860245
EAFZ,2024-04-04 15:37:58,0,,0.5638540387153625,4.854527
EAFZ,2024-04-04 18:17:41,0,,0.5838701725006104,4.8513856
NAFZ,2024-04-05 01:28:12,1,4.7,0.33368223905563354,4.8882756
EAFZ,2024-04-05 07:09:32,0,,0.5607814788818359,4.8530197
AEGEAN,2024-04-05 09:01:41,1,4.5,0.3060377836227417,4.885601
EAFZ,2024-04-05 18:41:38,0,,0.4937455654144287,4.8520865
EAFZ,2024-04-06 08:15:02,0,,0.47623705863952637,4.85532
EAFZ,2024-04-06 18:07:35,0,,0.4576259255409241,4.820733
NAFZ,2024-04-07 09:03:23,1,4.7,0.30704763531684875,4.888068
EAFZ,2024-04-07 21:55:59,0,,0.42417094111442566,4.8043714
EAFZ,2024-04-09 03:32:38,0,,0.42290550470352173,4.8125825
AEGEAN,2024-04-09 07:41:39,1,4.5,0.3103816509246826,4.8876143
EAFZ,2024-04-09 16:56:30,0,,0.4542256295681,4.8490734
EAFZ,2024-04-10 08:23:44,0,,0.44859397411346436,4.8529143
EAFZ,2024-04-10 14:45:32,0,,0.45895275473594666,4.851476
NAFZ,2024-04-10 16:24:32,1,4.7,0.29246076941490173,4.892024
EAFZ,2024-04-11 01:42:17,0,,0.4850727617740631,4.851117
AEGEAN,2024-04-11 11:45:26,1,4.5,0.31705841422080994,4.8848715
EAFZ,2024-04-11 21:50:51,0,,0.372781902551651,4.852506
EAFZ,2024-04-12 12:37:57,0,,0.498179167509079,4.8542995
EAFZ,2024-04-13 02:36:09,0,,0.5013917684555054,4.8491235
EAFZ,2024-04-13 15:27:39,0,,0.44127157330513,4.843297
EAFZ,2024-04-14 00:35:58,0,,0.4522123634815216,4.8433256
AEGEAN,2024-04-14 04:16:50,1,4.5,0.32464689016342163,4.889376
EAFZ,2024-04-14 18:09:26,0,,0.4720707833766937,4.844447
EAFZ,2024-04-15 08:54:54,0,,0.4142480790615082,4.8470244
EAFZ,2024-04-16 02:38:10,0,,0.42106473445892334,4.848679
EAFZ,2024-04-16 17:39:01,0,,0.4262434244155884,4.845766
EAFZ,2024-04-17 05:59:42,0,,0.44111281633377075,4.85583
AEGEAN,2024-04-17 20:43:17,1,4.5,0.3289988338947296,4.8955917
NAFZ,2024-04-17 22:06:59,1,5.6,0.2999097406864166,4.9343586
EAFZ,2024-04-18 00:43:21,0,,0.42656946182250977,4.8569283
CENTRAL,2024-04-18 08:59:56,0,,0.34361425042152405,4.9554462
NAFZ,2024-04-18 15:31:26,0,,0.3547796308994293,4.9759474
NAFZ,2024-04-18 17:10:34,0,,0.37898948788642883,4.9720173
NAFZ,2024-04-18 19:02:15,0,,0.45910969376564026,4.968711
NAFZ,2024-04-18 21:09:54,0,,0.48695239424705505,4.9621806
EAFZ,2024-04-18 23:07:06,0,,0.3951115310192108,4.85966
NAFZ,2024-04-18 23:35:39,0,,0.5277076959609985,4.954055
NAFZ,2024-04-19 02:44:52,0,,0.5950528979301453,4.9469557
NAFZ,2024-04-19 08:03:22,0,,0.6640772819519043,4.9323187
AEGEAN,2024-04-19 14:33:32,1,4.5,0.36860814690589905,4.91453
EAFZ,2024-04-19 16:34:45,0,,0.3764464855194092,4.8602123
NAFZ,2024-04-19 20:16:38,0,,0.73643958568573,4.882062
EAFZ,2024-04-20 19:33:41,0,,0.3531668484210968,4.8636827
NAFZ,2024-04-20 23:43:06,0,,0.6564456224441528,4.8363175
EAFZ,2024-04-22 04:23:55,0,,0.3708358407020569,4.8687606
AEGEAN,2024-04-22 06:58:03,1,4.5,0.36949440836906433,4.9165497
NAFZ,2024-04-22 10:38:48,0,,0.5879239439964294,4.852529
EAFZ,2024-04-23 14:16:49,0,,0.4334729313850403,4.8720264
NAFZ,2024-04-24 10:57:11,0,,0.5019544959068298,4.8675833
EAFZ,2024-04-24 15:23:51,0,,0.39091023802757263,4.8735166
AEGEAN,2024-04-25 05:36:21,1,4.5,0.37128227949142456,4.915763
EAFZ,2024-04-25 17:46:15,0,,0.39580824971199036,4.856901
NAFZ,2024-04-26 06:27:06,0,,0.4457787871360779,4.8632855
EAFZ,2024-04-26 17:35:41,0,,0.36850979924201965,4.8577523
AEGEAN,2024-04-26 17:42:18,1,4.5,0.3435010015964508,4.9129505
NAFZ,2024-04-27 06:38:24,0,,0.37261107563972473,4.8670363
CENTRAL,2024-04-27 08:01:45,0,,0.3068801760673523,4.959904
EAFZ,2024-04-27 08:34:28,0,,0.37979307770729065,4.8500357
EAFZ,2024-04-27 17:27:04,0,,0.37556272745132446,4.8491254
EAFZ,2024-04-28 06:55:00,0,,0.40917524695396423,4.842384
AEGEAN,2024-04-28 22:45:53,1,4.5,0.36161288619041443,4.912886
EAFZ,2024-04-28 23:52:54,0,,0.43379783630371094,4.84484
EAFZ,2024-04-29 13:09:23,0,,0.4185693562030792,4.836951
EAFZ,2024-04-29 23:52:37,0,,0.43156638741493225,4.8332095
AEGEAN,2024-04-30 14:30:13,1,4.5,0.34878799319267273,4.912893
EAFZ,2024-04-30 20:25:03,0,,0.43935203552246094,4.830568
NAFZ,2024-05-01 08:54:21,0,,0.32800745964050293,4.8805842
EAFZ,2024-05-01 16:27:02,0,,0.5029592514038086,4.8323913
EAFZ,2024-05-02 09:55:38,0,,0.4463626742362976,4.83294
CENTRAL,2024-05-02 19:47:57,0,,0.2966178357601166,4.9605985
EAFZ,2024-05-03 00:08:29,0,,0.43506714701652527,4.8438945
NAFZ,2024-05-03 13:35:51,0,,0.3151114881038666,4.8853364
EAFZ,2024-05-03 15:22:13,0,,0.4388301968574524,4.841602
EAFZ,2024-05-04 06:22:41,0,,0.44809404015541077,4.838377
AEGEAN,2024-05-04 15:18:43,1,4.5,0.33795425295829773,4.913854
EAFZ,2024-05-05 02:45:55,0,,0.4166968762874603,4.8446317
EAFZ,2024-05-05 14:48:04,0,,0.40613627433776855,4.8428874
AEGEAN,2024-05-07 06:57:04,1,4.5,0.32611849904060364,4.911478
EAFZ,2024-05-07 13:09:19,0,,0.3659557104110718,4.8526382
NAFZ,2024-05-07 19:08:57,0,,0.30694329738616943,4.891658
EAFZ,2024-05-08 04:38:52,0,,0.388590931892395,4.8508043
EAFZ,2024-05-08 19:48:12,0,,0.4082251489162445,4.8506846
EAFZ,2024-05-09 06:48:51,0,,0.4169325530529022,4.8451114
AEGEAN,2024-05-09 15:07:03,1,4.5,0.3217279613018036,4.8832536
CENTRAL,2024-05-09 21:53:41,0,,0.2629248797893524,4.926937
EAFZ,2024-05-10 03:37:58,0,,0.4232095777988434,4.8481793
EAFZ,2024-05-10 17:07:48,0,,0.4110824167728424,4.8464985
NAFZ,2024-05-10 22:18:16,0,,0.29767489433288574,4.8938975
EAFZ,2024-05-11 08:50:56,0,,0.3903101086616516,4.8454213
EAFZ,2024-05-12 08:43:41,0,,0.3813714385032654,4.84702
AEGEAN,2024-05-13 03:06:13,1,4.5,0.3046911358833313,4.883388
EAFZ,2024-05-13 07:08:09,0,,0.3802329897880554,4.8427196
NAFZ,2024-05-13 09:38:57,0,,0.2765617072582245,4.893123
EAFZ,2024-05-13 17:07:29,0,,0.40666714310646057,4.8267035
EAFZ,2024-05-14 02:38:29,0,,0.3963523805141449,4.8253746
EAFZ,2024-05-14 09:27:01,0,,0.3988461196422577,4.8237047
EAFZ,2024-05-15 04:26:30,0,,0.3718069791793823,4.8234506
AEGEAN,2024-05-15 04:30:09,1,4.5,0.3075770437717438,4.8835206
AEGEAN,2024-05-15 05:48:25,0,,0.35204851627349854,4.9124637
AEGEAN,2024-05-15 10:12:15,0,,0.406996488571167,4.9087625
EAFZ,2024-05-15 21:31:36,0,,0.3938979506492615,4.8247805
AEGEAN,2024-05-16 09:08:38,0,,0.3983074128627777,4.906329
EAFZ,2024-05-17 06:33:39,0,,0.410476952791214,4.8397455
CENTRAL,2024-05-17 13:12:02,0,,0.2800596356391907,4.9255595
NAFZ,2024-05-18 02:25:21,0,,0.2751888036727905,4.892805
EAFZ,2024-05-18 07:58:40,0,,0.3867194950580597,4.838591
EAFZ,2024-05-19 06:26:07,0,,0.41307491064071655,4.840682
EAFZ,2024-05-19 15:15:24,0,,0.38359588384628296,4.839561
NAFZ,2024-05-19 19:08:29,0,,0.27601009607315063,4.8923783
AEGEAN,2024-05-20 02:16:05,0,,0.3991265892982483,4.9069176
EAFZ,2024-05-20 03:46:20,0,,0.38956892490386963,4.84562
EAFZ,2024-05-20 13:52:03,0,,0.3722502887248993,4.851336
EAFZ,2024-05-21 07:07:51,0,,0.38097718358039856,4.849996
NAFZ,2024-05-21 12:58:59,0,,0.2843884229660034,4.8563933
EAFZ,2024-05-21 22:44:04,0,,0.3720204830169678,4.848241
AEGEAN,2024-05-22 10:16:54,0,,0.36983585357666016,4.9042416
EAFZ,2024-05-23 01:14:57,0,,0.3636780083179474,4.8481526
EAFZ,2024-05-24 02:47:33,0,,0.35567736625671387,4.8471103
AEGEAN,2024-05-24 10:11:54,0,,0.39555713534355164,4.9036107
NAFZ,2024-05-25 00:02:16,0,,0.31526562571525574,4.904604
EAFZ,2024-05-25 21:02:27,0,,0.41220760345458984,4.8504252
AEGEAN,2024-05-26 07:51:04,1,4.8,0.41440099477767944,4.9007993
EAFZ,2024-05-26 07:56:50,0,,0.44608715176582336,4.8532853
EAFZ,2024-05-26 18:45:23,0,,0.4107430577278137,4.8513455
EAFZ,2024-05-27 13:25:48,0,,0.36328133940696716,4.836663
NAFZ,2024-05-27 13:30:11,0,,0.3332843482494354,4.907139
CENTRAL,2024-05-27 13:57:49,0,,0.2582493722438812,4.925057
EAFZ,2024-05-28 06:58:33,0,,0.3413994312286377,4.836668
AEGEAN,2024-05-28 20:59:08,1,4.8,0.3837474286556244,4.902348
EAFZ,2024-05-29 06:51:48,0,,0.3317861258983612,4.8374953
EAFZ,2024-05-30 00:34:41,0,,0.33631566166877747,4.837539
NAFZ,2024-05-30 04:44:27,0,,0.3154403269290924,4.9080634
AEGEAN,2024-05-30 22:22:44,1,4.8,0.34606584906578064,4.8798585
EAFZ,2024-05-31 03:41:31,0,,0.3489018380641937,4.84895
EAFZ,2024-05-31 09:32:57,0,,0.3682232201099396,4.8418164
EAFZ,2024-05-31 22:35:52,0,,0.39476478099823,4.839715
CENTRAL,2024-06-01 05:40:48,0,,0.26452118158340454,4.928064
NAFZ,2024-06-02 03:59:51,0,,0.3683106601238251,4.9101305
EAFZ,2024-06-02 06:24:38,0,,0.39420610666275024,4.8461895
EAFZ,2024-06-03 00:54:56,0,,0.37667232751846313,4.8479943
EAFZ,2024-06-03 18:44:04,0,,0.37785643339157104,4.848222
AEGEAN,2024-06-04 03:55:10,1,4.8,0.3181162476539612,4.887558
NAFZ,2024-06-04 05:38:27,0,,0.35994166135787964,4.9077234
EAFZ,2024-06-04 13:10:17,0,,0.3754670321941376,4.8473535
EAFZ,2024-06-05 19:04:00,0,,0.37179163098335266,4.84963
EAFZ,2024-06-06 09:06:22,0,,0.37617048621177673,4.822872
EAFZ,2024-06-06 16:45:48,0,,0.419249951839447,4.8615274
CENTRAL,2024-06-07 02:06:24,0,,0.2739580571651459,4.9370627
NAFZ,2024-06-07 09:41:34,0,,0.3336702287197113,4.908043
EAFZ,2024-06-07 13:31:03,0,,0.4496041536331177,4.8638654
EAFZ,2024-06-07 21:49:39,0,,0.47549372911453247,4.8576345
EAFZ,2024-06-08 21:58:47,0,,0.46517589688301086,4.8593884
AEGEAN,2024-06-09 06:21:09,1,4.8,0.30870768427848816,4.892187
EAFZ,2024-06-09 19:21:55,0,,0.48216864466667175,4.861451
EAFZ,2024-06-10 07:59:13,0,,0.4929482042789459,4.8634267
EAFZ,2024-06-11 06:13:49,0,,0.49335354566574097,4.861052
AEGEAN,2024-06-11 07:07:08,1,4.8,0.3223569691181183,4.890872
EAFZ,2024-06-11 12:30:40,0,,0.5006813406944275,4.8588314
NAFZ,2024-06-12 11:54:08,0,,0.3411947786808014,4.91306
EAFZ,2024-06-12 14:03:38,0,,0.43508195877075195,4.8644915
EAFZ,2024-06-13 10:01:49,0,,0.4449020326137543,4.8640995
AEGEAN,2024-06-13 13:08:36,1,4.8,0.31145837903022766,4.8906174
CENTRAL,2024-06-13 16:34:06,0,,0.27031388878822327,4.933703
EAFZ,2024-06-14 16:29:06,0,,0.4132098853588104,4.8694043
EAFZ,2024-06-15 23:57:36,0,,0.3988795578479767,4.8698983
EAFZ,2024-06-17 02:04:18,0,,0.4329800009727478,4.8766036
NAFZ,2024-06-17 15:07:42,0,,0.3180871605873108,4.9188476
EAFZ,2024-06-17 22:54:54,0,,0.43350329995155334,4.877825
AEGEAN,2024-06-17 22:56:05,1,4.8,0.31553441286087036,4.895938
EAFZ,2024-06-18 12:05:32,0,,0.42714741826057434,4.8764286
EAFZ,2024-06-18 21:46:26,0,,0.4064148962497711,4.876679
EAFZ,2024-06-19 12:21:27,0,,0.41601797938346863,4.8741455
EAFZ,2024-06-20 13:41:52,0,,0.43277108669281006,4.875054
EAFZ,2024-06-21 00:23:33,0,,0.4450092613697052,4.8710246
EAFZ,2024-06-21 07:57:04,0,,0.4488448202610016,4.8644757
AEGEAN,2024-06-22 13:10:56,1,4.8,0.31747308373451233,4.8999
EAFZ,2024-06-22 18:29:30,0,,0.42899900674819946,4.8472524
NAFZ,2024-06-22 19:44:42,1,4.7,0.2914162874221802,4.893667
EAFZ,2024-06-23 10:54:16,0,,0.4246346056461334,4.8480334
CENTRAL,2024-06-23 19:14:26,0,,0.2722141146659851,4.935401
EAFZ,2024-06-23 20:34:15,0,,0.4437127113342285,4.8466997
AEGEAN,2024-06-23 23:23:16,1,4.8,0.31365230679512024,4.888142
EAFZ,2024-06-24 16:48:04,0,,0.4239649474620819,4.848314
AEGEAN,2024-06-24 23:01:20,1,4.7,0.36300966143608093,4.938166
EAFZ,2024-06-25 01:14:00,0,,0.46195104718208313,4.8480363
EAFZ,2024-06-25 16:23:33,0,,0.4580443501472473,4.8441916
NAFZ,2024-06-25 23:29:20,1,4.7,0.27497735619544983,4.8861065
AEGEAN,2024-06-26 11:09:38,1,4.7,0.36282679438591003,4.9336066
EAFZ,2024-06-26 17:55:49,0,,0.44469377398490906,4.848961
EAFZ,2024-06-27 07:53:29,0,,0.46619105339050293,4.8493094
EAFZ,2024-06-27 22:15:44,0,,0.4443064033985138,4.8442097
EAFZ,2024-06-28 10:30:32,0,,0.43472370505332947,4.8432207
EAFZ,2024-06-29 01:12:09,0,,0.43603795766830444,4.845496
NAFZ,2024-06-29 02:55:59,1,4.7,0.29316431283950806,4.8865004
EAFZ,2024-06-30 01:07:44,0,,0.42238882184028625,4.8465962
AEGEAN,2024-06-30 15:53:25,1,4.7,0.3896884322166443,4.932903
EAFZ,2024-07-01 08:16:33,0,,0.38211187720298767,4.8516045
NAFZ,2024-07-01 19:28:37,1,4.7,0.2650713622570038,4.884089
EAFZ,2024-07-02 15:54:16,0,,0.3757598102092743,4.8561335
EAFZ,2024-07-03 16:43:08,0,,0.3666080832481384,4.832545
EAFZ,2024-07-04 09:29:26,0,,0.41601476073265076,4.84759
CENTRAL,2024-07-04 13:28:23,0,,0.26189303398132324,4.9379683
EAFZ,2024-07-05 06:19:36,0,,0.4103240370750427,4.8483734
AEGEAN,2024-07-05 19:13:20,1,4.7,0.4051990807056427,4.937345
NAFZ,2024-07-06 00:15:22,1,4.7,0.27103179693222046,4.88892
EAFZ,2024-07-06 03:26:24,0,,0.40792322158813477,4.8500166
EAFZ,2024-07-07 05:04:42,0,,0.4001825451850891,4.8524094
EAFZ,2024-07-08 07:04:22,1,4.6,0.3850061595439911,4.8515196
EAFZ,2024-07-09 01:07:51,1,4.6,0.39461109042167664,4.8491807
AEGEAN,2024-07-09 09:11:51,1,4.7,0.4013344943523407,4.9398975
EAFZ,2024-07-09 12:55:52,1,4.6,0.4214217960834503,4.843286
NAFZ,2024-07-09 14:00:57,1,4.7,0.2628517746925354,4.8891983
EAFZ,2024-07-09 21:41:03,1,4.6,0.45685306191444397,4.860124
EAFZ,2024-07-10 09:54:31,1,4.6,0.4871566891670227,4.8630843
EAFZ,2024-07-10 17:35:16,1,4.6,0.49781742691993713,4.860632
CENTRAL,2024-07-11 15:24:03,0,,0.2591352164745331,4.9528856
EAFZ,2024-07-12 12:35:29,1,4.6,0.4723609983921051,4.8669796
AEGEAN,2024-07-12 18:35:17,1,4.7,0.40185287594795227,4.9384904
NAFZ,2024-07-13 11:33:10,1,4.7,0.27219709753990173,4.8900075
EAFZ,2024-07-13 15:19:53,1,4.6,0.4926139712333679,4.8668685
EAFZ,2024-07-14 07:03:49,1,4.6,0.4902004301548004,4.8642793
AEGEAN,2024-07-14 15:36:21,1,4.7,0.3941498398780823,4.934146
EAFZ,2024-07-15 08:33:27,1,4.6,0.5032787919044495,4.866462
EAFZ,2024-07-16 14:09:48,1,4.6,0.46669650077819824,4.8706403
NAFZ,2024-07-16 17:04:51,1,4.7,0.2749249041080475,4.8839393
AEGEAN,2024-07-17 06:09:23,1,4.7,0.3849450349807739,4.9362493
EAFZ,2024-07-17 11:59:19,1,4.6,0.42077603936195374,4.8734694
AEGEAN,2024-07-18 11:03:06,1,4.7,0.3330414593219757,4.917641
NAFZ,2024-07-18 17:29:19,1,4.7,0.2807103097438812,4.8796515
CENTRAL,2024-07-18 18:11:48,0,,0.26693034172058105,4.95209
EAFZ,2024-07-18 20:12:36,1,4.6,0.3930565416812897,4.839146
EAFZ,2024-07-19 09:44:36,1,4.6,0.36601722240448,4.8391542
EAFZ,2024-07-20 06:19:43,1,4.6,0.3384959399700165,4.834515
EAFZ,2024-07-21 02:55:08,1,4.6,0.3540797531604767,4.8623962
EAFZ,2024-07-21 11:41:04,1,4.6,0.35660994052886963,4.860451
NAFZ,2024-07-21 17:54:14,1,4.7,0.3005836606025696,4.905919
EAFZ,2024-07-22 00:35:31,1,4.6,0.36731287837028503,4.8575873
AEGEAN,2024-07-22 14:39:22,0,,0.35070866346359253,4.934655
EAFZ,2024-07-23 08:04:24,1,4.6,0.37061384320259094,4.8597527
EAFZ,2024-07-24 02:03:59,1,4.6,0.3702625632286072,4.8590283
NAFZ,2024-07-24 12:27:59,0,,0.31262651085853577,4.933715
EAFZ,2024-07-24 21:07:18,1,4.6,0.3958985209465027,4.8559113
AEGEAN,2024-07-24 21:18:50,0,,0.3335720896720886,4.9327583
NAFZ,2024-07-25 11:17:05,0,,0.321152925491333,4.9318414
EAFZ,2024-07-25 21:11:58,1,4.6,0.3677179217338562,4.858524
AEGEAN,2024-07-26 01:57:22,0,,0.3277704119682312,4.9264383
CENTRAL,2024-07-26 06:31:21,0,,0.3171561062335968,4.9507837
EAFZ,2024-07-26 11:17:50,1,4.6,0.39445939660072327,4.8560414
NAFZ,2024-07-27 14:16:46,0,,0.330431193113327,4.928662
EAFZ,2024-07-28 04:17:32,1,4.6,0.39535248279571533,4.865709
AEGEAN,2024-07-29 13:37:19,0,,0.3117023706436157,4.925247
EAFZ,2024-07-29 18:40:59,1,4.6,0.3840586245059967,4.871671
NAFZ,2024-07-30 09:10:39,0,,0.3326799273490906,4.9274683
EAFZ,2024-07-30 20:56:18,1,4.6,0.3769993484020233,4.872791
EAFZ,2024-07-31 09:22:25,1,4.6,0.3829960525035858,4.869207
EAFZ,2024-07-31 22:00:42,1,4.6,0.38641083240509033,4.8687925
AEGEAN,2024-08-01 09:18:06,0,,0.3071225881576538,4.922661
EAFZ,2024-08-01 15:45:21,1,4.6,0.39425167441368103,4.8780646
NAFZ,2024-08-01 17:14:37,0,,0.33437085151672363,4.924782
EAFZ,2024-08-02 05:15:17,1,4.6,0.3969355523586273,4.8759465
EAFZ,2024-08-03 05:17:27,1,4.6,0.40876132249832153,4.8775945
AEGEAN,2024-08-03 21:21:18,0,,0.3319289982318878,4.9252524
NAFZ,2024-08-04 04:33:59,0,,0.3284783661365509,4.922467
EAFZ,2024-08-04 14:23:13,1,4.6,0.3671225607395172,4.874845
NAFZ,2024-08-05 00:15:48,0,,0.3403448760509491,4.920935
AEGEAN,2024-08-05 01:00:41,0,,0.33144035935401917,4.9212837
EAFZ,2024-08-05 13:32:25,1,4.6,0.36484041810035706,4.87094
EAFZ,2024-08-06 11:47:50,1,4.6,0.3777152895927429,4.8718433
EAFZ,2024-08-07 02:57:34,0,,0.475763738155365,4.8828177
EAFZ,2024-08-07 15:56:05,0,,0.5014601349830627,4.8827643
AEGEAN,2024-08-08 17:07:11,0,,0.3346000611782074,4.925242
CENTRAL,2024-08-08 17:07:11,0,,0.29859188199043274,4.955631
EAFZ,2024-08-09 01:50:41,1,5.0,0.4684799611568451,4.885669
NAFZ,2024-08-10 05:57:21,0,,0.3497885465621948,4.9248576
AEGEAN,2024-08-10 11:53:52,0,,0.35077103972435,4.8995743
EAFZ,2024-08-10 18:33:19,1,5.0,0.44386395812034607,4.891261
CENTRAL,2024-08-11 10:25:26,0,,0.30697935819625854,4.953365
EAFZ,2024-08-12 00:47:30,1,5.0,0.46714580059051514,4.8915963
NAFZ,2024-08-12 05:18:15,0,,0.3243194818496704,4.8913918
EAFZ,2024-08-12 15:55:14,1,5.0,0.47470369935035706,4.889498
AEGEAN,2024-08-13 03:00:33,0,,0.37440118193626404,4.900677
EAFZ,2024-08-14 00:36:18,1,5.0,0.4860542416572571,4.8910794
AEGEAN,2024-08-14 11:33:43,0,,0.3675917088985443,4.899049
NAFZ,2024-08-15 04:03:06,0,,0.34045127034187317,4.899259
EAFZ,2024-08-15 11:02:13,1,5.0,0.4497999846935272,4.8926816
CENTRAL,2024-08-15 11:13:22,0,,0.32524052262306213,4.9507957
AEGEAN,2024-08-16 18:16:50,0,,0.3394196331501007,4.8968954
EAFZ,2024-08-16 23:11:48,1,5.0,0.3831191062927246,4.8534427
EAFZ,2024-08-17 20:55:27,1,5.0,0.3865261971950531,4.8449073
EAFZ,2024-08-18 03:42:39,1,5.0,0.43284258246421814,4.8559165
EAFZ,2024-08-18 19:51:59,1,5.0,0.4726705849170685,4.865687
AEGEAN,2024-08-19 03:10:33,0,,0.35746970772743225,4.895103
EAFZ,2024-08-19 06:07:42,1,5.0,0.45143136382102966,4.862315
EAFZ,2024-08-19 11:24:33,1,5.0,0.4821311831474304,4.8593197
NAFZ,2024-08-19 17:52:43,0,,0.35286346077919006,4.903707
EAFZ,2024-08-20 06:24:51,1,5.0,0.5084691643714905,4.8564415
CENTRAL,2024-08-20 17:08:06,0,,0.32333749532699585,4.9501605
EAFZ,2024-08-20 18:20:12,1,5.0,0.5194616913795471,4.8509607
EAFZ,2024-08-21 04:46:29,1,5.0,0.5735732913017273,4.841796
AEGEAN,2024-08-21 09:58:58,0,,0.3536708950996399,4.8980317
EAFZ,2024-08-21 16:01:52,1,5.0,0.5931006669998169,4.837918
EAFZ,2024-08-21 18:51:35,1,5.0,0.6443158984184265,4.836702
EAFZ,2024-08-22 00:19:34,1,5.0,0.6961915493011475,4.827135
EAFZ,2024-08-22 15:11:42,1,5.0,0.6686082482337952,4.8285236
EAFZ,2024-08-23 10:19:20,1,5.0,0.5984689593315125,4.8301973
EAFZ,2024-08-23 13:40:50,1,5.0,0.6281468868255615,4.8263035
EAFZ,2024-08-23 17:24:02,1,5.0,0.664512574672699,4.8216796
EAFZ,2024-08-23 18:56:46,1,5.0,0.7125001549720764,4.8202195
NAFZ,2024-08-23 19:30:27,0,,0.3202018141746521,4.905278
EAFZ,2024-08-24 03:03:07,1,5.0,0.6552851796150208,4.819039
EAFZ,2024-08-24 09:46:20,1,5.0,0.627593994140625,4.821478
EAFZ,2024-08-24 23:47:07,1,5.0,0.6079625487327576,4.825607
AEGEAN,2024-08-26 02:33:24,0,,0.3575621247291565,4.9049
EAFZ,2024-08-26 13:49:20,1,5.0,0.5413201451301575,4.834998
EAFZ,2024-08-27 08:21:11,1,5.0,0.4894457161426544,4.8350644
EAFZ,2024-08-27 20:06:54,1,5.0,0.4581444263458252,4.8098545
CENTRAL,2024-08-28 12:55:30,0,,0.32064107060432434,4.9473453
EAFZ,2024-08-28 13:08:21,1,5.0,0.42910751700401306,4.814877
AEGEAN,2024-08-29 00:59:09,0,,0.357244074344635,4.9033213
EAFZ,2024-08-29 11:38:07,1,5.0,0.39911535382270813,4.8340125
NAFZ,2024-08-30 05:12:08,0,,0.324394166469574,4.910103
EAFZ,2024-08-30 13:10:23,1,5.0,0.37347644567489624,4.8386154
EAFZ,2024-08-31 06:12:43,1,5.0,0.3417079746723175,4.8399053
AEGEAN,2024-09-01 00:16:42,0,,0.35060766339302063,4.8759294
EAFZ,2024-09-01 12:05:46,1,5.0,0.36190351843833923,4.8425756
EAFZ,2024-09-02 03:30:50,1,5.0,0.3569326400756836,4.839668
EAFZ,2024-09-02 20:59:43,1,5.0,0.37886735796928406,4.840222
NAFZ,2024-09-03 11:24:43,0,,0.29422226548194885,4.9100842
AEGEAN,2024-09-04 00:01:18,0,,0.3478754460811615,4.877847
EAFZ,2024-09-04 05:35:10,1,5.0,0.38978832960128784,4.843613
CENTRAL,2024-09-04 22:10:21,0,,0.29352718591690063,4.936442
EAFZ,2024-09-05 08:55:10,1,5.0,0.39029496908187866,4.844483
NAFZ,2024-09-05 16:58:13,0,,0.30127429962158203,4.913529
EAFZ,2024-09-06 08:35:22,1,5.0,0.3722578287124634,4.8455787
AEGEAN,2024-09-06 11:38:49,0,,0.361383855342865,4.8797827
EAFZ,2024-09-07 14:08:52,0,,0.42673447728157043,4.907535
EAFZ,2024-09-08 22:16:59,0,,0.4845094084739685,4.9104586
EAFZ,2024-09-09 08:55:07,0,,0.49669504165649414,4.906492
NAFZ,2024-09-09 19:56:24,0,,0.30289703607559204,4.910878
AEGEAN,2024-09-10 02:52:46,0,,0.3475485146045685,4.881974
EAFZ,2024-09-11 01:17:50,0,,0.45600005984306335,4.9115224
EAFZ,2024-09-11 19:21:53,0,,0.4511711895465851,4.911387
AEGEAN,2024-09-12 04:30:43,0,,0.30170491337776184,4.89542
EAFZ,2024-09-13 09:59:05,0,,0.43708378076553345,4.9120345
NAFZ,2024-09-13 17:59:47,0,,0.28325074911117554,4.9145956
CENTRAL,2024-09-14 02:59:43,0,,0.29468077421188354,4.9361467
AEGEAN,2024-09-15 08:18:09,0,,0.3038386106491089,4.8966045
EAFZ,2024-09-15 10:44:13,0,,0.4061628580093384,4.9137897
EAFZ,2024-09-16 23:37:56,1,5.9,0.4309513568878174,4.9174886
AEGEAN,2024-09-17 11:29:50,0,,0.2983054518699646,4.8974576
EAFZ,2024-09-18 00:42:28,1,5.9,0.4291207194328308,4.888532
EAFZ,2024-09-18 17:48:23,1,5.9,0.44055643677711487,4.885277
NAFZ,2024-09-19 13:58:54,1,4.7,0.2895587384700775,4.915935
EAFZ,2024-09-20 05:06:10,1,5.9,0.42881035804748535,4.889092
EAFZ,2024-09-21 12:31:50,1,5.9,0.4117627739906311,4.8884406
EAFZ,2024-09-22 12:33:00,1,5.9,0.41907042264938354,4.888863
AEGEAN,2024-09-23 07:08:38,0,,0.2990995943546295,4.9009037
EAFZ,2024-09-23 17:11:23,1,5.9,0.41233640909194946,4.8875623
NAFZ,2024-09-23 22:01:05,1,4.7,0.26006177067756653,4.9158244
EAFZ,2024-09-24 11:16:21,1,5.9,0.4126957952976227,4.883487
AEGEAN,2024-09-24 17:21:47,0,,0.2999427616596222,4.899647
EAFZ,2024-09-26 00:53:47,1,5.9,0.3606779873371124,4.8805494
EAFZ,2024-09-27 17:25:31,1,5.9,0.32455065846443176,4.848621
AEGEAN,2024-09-27 18:14:59,0,,0.3111184239387512,4.898854
CENTRAL,2024-09-27 19:56:12,0,,0.28663185238838196,4.9391336
EAFZ,2024-09-28 17:03:48,1,5.9,0.3358568549156189,4.8493423
EAFZ,2024-09-29 17:43:19,1,5.9,0.3606221079826355,4.8497133
EAFZ,2024-09-30 16:17:20,1,5.9,0.3701224625110626,4.8516545
NAFZ,2024-10-01 00:13:30,1,4.7,0.2620551586151123,4.919111
EAFZ,2024-10-01 03:53:06,1,5.9,0.3891606330871582,4.8223567
AEGEAN,2024-10-01 10:02:11,0,,0.32189691066741943,4.9006486
EAFZ,2024-10-01 16:59:52,1,5.9,0.35987237095832825,4.8266273
EAFZ,2024-10-03 01:53:01,1,5.9,0.33512359857559204,4.828692
EAFZ,2024-10-04 11:49:45,1,5.9,0.3415684401988983,4.837602
EAFZ,2024-10-05 21:53:51,1,5.9,0.3823258876800537,4.838185
NAFZ,2024-10-06 12:46:43,1,4.7,0.25184914469718933,4.9183874
EAFZ,2024-10-07 06:03:16,1,5.9,0.3592497706413269,4.854526
AEGEAN,2024-10-07 06:41:41,0,,0.3156713843345642,4.9040995
CENTRAL,2024-10-07 07:13:36,0,,0.27137047052383423,4.936407
EAFZ,2024-10-07 21:45:42,1,5.9,0.3894943296909332,4.8525834
EAFZ,2024-10-08 21:30:30,1,5.9,0.40184587240219116,4.8525457
NAFZ,2024-10-09 09:41:32,1,4.7,0.27087485790252686,4.918511
EAFZ,2024-10-09 18:05:29,1,5.9,0.38743966817855835,4.854565
AEGEAN,2024-10-10 07:08:36,0,,0.3059519827365875,4.904482
EAFZ,2024-10-10 10:17:00,1,5.9,0.3835063576698303,4.8550167
NAFZ,2024-10-11 15:59:57,1,4.7,0.27670395374298096,4.9179287
EAFZ,2024-10-11 22:14:31,1,5.9,0.31805574893951416,4.855667
AEGEAN,2024-10-12 15:25:57,0,,0.32711607217788696,4.9030776
EAFZ,2024-10-13 04:48:27,1,5.9,0.33033469319343567,4.8541927
EAFZ,2024-10-14 02:30:38,1,5.9,0.33715036511421204,4.8550835
AEGEAN,2024-10-14 09:25:01,0,,0.29782113432884216,4.898132
NAFZ,2024-10-14 17:41:49,1,4.7,0.3280673921108246,4.917057
EAFZ,2024-10-14 20:11:34,1,5.9,0.38255444169044495,4.8520374
EAFZ,2024-10-15 11:17:00,1,5.9,0.37501972913742065,4.8747354
CENTRAL,2024-10-15 15:19:26,0,,0.24220490455627441,4.8726764
EAFZ,2024-10-16 07:48:12,1,5.0,0.4640447795391083,4.94685
EAFZ,2024-10-16 08:10:19,1,5.0,0.5871379375457764,4.942208
EAFZ,2024-10-16 08:36:32,1,5.0,0.7002145051956177,4.936539
EAFZ,2024-10-16 11:35:18,1,5.0,0.7191031575202942,4.9293847
EAFZ,2024-10-16 14:58:21,1,5.0,0.7409483790397644,4.9170084
EAFZ,2024-10-16 20:24:14,1,5.0,0.7645607590675354,4.9108577
NAFZ,2024-10-17 09:25:20,1,4.7,0.3628069758415222,4.9445887
EAFZ,2024-10-17 10:20:14,1,5.0,0.72800213098526,4.909269
NAFZ,2024-10-17 19:14:11,1,4.7,0.3842483162879944,4.9378214
EAFZ,2024-10-18 02:19:55,1,5.0,0.6739523410797119,4.9096956
EAFZ,2024-10-18 22:44:13,1,5.0,0.6011062264442444,4.7962427
NAFZ,2024-10-19 07:41:25,1,4.7,0.4026831388473511,4.934637
AEGEAN,2024-10-19 08:01:43,0,,0.3011777997016907,4.899354
EAFZ,2024-10-19 20:32:44,1,5.0,0.5739409327507019,4.8476954
EAFZ,2024-10-20 14:48:26,1,5.0,0.47280189394950867,4.8541183
EAFZ,2024-10-21 04:25:45,1,5.0,0.4564697742462158,4.858057
NAFZ,2024-10-21 12:01:01,1,4.7,0.4123882055282593,4.925844
EAFZ,2024-10-21 18:55:18,1,5.0,0.49046584963798523,4.861485
AEGEAN,2024-10-22 05:05:47,0,,0.28376898169517517,4.898592
EAFZ,2024-10-22 14:29:54,1,5.0,0.4422265589237213,4.8646855
EAFZ,2024-10-23 09:20:24,1,5.0,0.44440630078315735,4.8657784
NAFZ,2024-10-23 10:35:26,1,4.7,0.4256206154823303,4.9192595
AEGEAN,2024-10-23 10:35:26,0,,0.307282954454422,4.898465
EAFZ,2024-10-24 05:04:17,1,5.0,0.4526509940624237,4.867779
EAFZ,2024-10-24 22:04:42,1,5.0,0.44227826595306396,4.867325
CENTRAL,2024-10-24 23:06:31,0,,0.21375904977321625,4.8781233
EAFZ,2024-10-25 20:12:30,1,5.0,0.40667808055877686,4.8430314
NAFZ,2024-10-26 10:01:56,1,4.7,0.40839049220085144,4.920448
AEGEAN,2024-10-26 14:55:46,0,,0.3068695366382599,4.897011
AEGEAN,2024-10-27 05:13:35,0,,0.2957833409309387,4.8543277
EAFZ,2024-10-27 08:59:44,1,5.0,0.44402840733528137,4.8481803
EAFZ,2024-10-27 18:37:47,1,5.0,0.46631407737731934,4.8998322
AEGEAN,2024-10-27 20:38:31,0,,0.34889650344848633,4.8976436
EAFZ,2024-10-28 02:22:59,1,5.0,0.5331932902336121,4.8981757
CENTRAL,2024-10-28 14:02:23,0,,0.2190757840871811,4.878652
EAFZ,2024-10-28 15:50:37,1,5.0,0.53756183385849,4.897254
EAFZ,2024-10-29 14:30:57,1,5.0,0.5074522495269775,4.8985667
AEGEAN,2024-10-29 15:47:38,0,,0.34751155972480774,4.897286
NAFZ,2024-10-29 17:24:08,1,4.7,0.3838787078857422,4.92184
AEGEAN,2024-10-30 13:43:39,0,,0.36724913120269775,4.8949313
EAFZ,2024-10-31 22:21:58,1,5.0,0.4148034453392029,4.905357
EAFZ,2024-11-01 23:22:02,1,5.0,0.44708263874053955,4.907012
AEGEAN,2024-11-02 02:58:21,0,,0.3619268834590912,4.8901753
CENTRAL,2024-11-02 21:14:15,0,,0.23454083502292633,4.9037046
EAFZ,2024-11-03 01:36:16,1,5.0,0.46515628695487976,4.9076905
EAFZ,2024-11-03 22:52:35,1,5.0,0.45118293166160583,4.905477
NAFZ,2024-11-04 00:15:10,1,4.7,0.37055298686027527,4.924936
AEGEAN,2024-11-04 05:40:11,0,,0.35221123695373535,4.8890314
EAFZ,2024-11-05 08:28:43,1,5.0,0.4150291681289673,4.8732204
AEGEAN,2024-11-05 14:58:49,0,,0.3380325436592102,4.884137
EAFZ,2024-11-06 09:48:38,1,5.0,0.388806015253067,4.8760643
AEGEAN,2024-11-07 21:20:39,0,,0.34284284710884094,4.8849416
NAFZ,2024-11-08 02:14:25,1,4.7,0.33022424578666687,4.8619547
EAFZ,2024-11-08 08:05:37,1,5.0,0.38365060091018677,4.879468
CENTRAL,2024-11-08 20:23:38,0,,0.2435940057039261,4.9015484
EAFZ,2024-11-09 03:03:52,1,4.9,0.4204830229282379,4.9143786
AEGEAN,2024-11-09 14:48:27,0,,0.34537604451179504,4.888678
EAFZ,2024-11-09 17:11:25,1,4.9,0.4388735592365265,4.9100637
EAFZ,2024-11-10 19:02:22,1,4.9,0.459977924823761,4.9100876
EAFZ,2024-11-11 18:24:00,1,4.9,0.46735525131225586,4.9102006
EAFZ,2024-11-12 15:55:06,1,4.9,0.4978901743888855,4.910425
AEGEAN,2024-11-13 05:02:54,0,,0.30432936549186707,4.862167
NAFZ,2024-11-13 08:23:16,1,4.7,0.3195803761482239,4.870322
EAFZ,2024-11-13 22:51:20,1,4.9,0.5105169415473938,4.9097223
EAFZ,2024-11-15 03:20:22,1,4.9,0.4923780858516693,4.910114
AEGEAN,2024-11-15 06:50:50,0,,0.32769498229026794,4.862236
EAFZ,2024-11-15 10:34:44,1,4.6,0.4902499318122864,4.903266
EAFZ,2024-11-16 03:30:22,1,4.6,0.4748961925506592,4.898494
NAFZ,2024-11-16 09:32:15,0,,0.37368738651275635,4.9370437
CENTRAL,2024-11-16 10:21:38,0,,0.24066616594791412,4.9030094
EAFZ,2024-11-17 08:12:27,1,4.6,0.4592599868774414,4.9012275
AEGEAN,2024-11-17 20:00:21,0,,0.33722546696662903,4.8672795
EAFZ,2024-11-18 06:04:29,1,4.6,0.4477786719799042,4.9005284
EAFZ,2024-11-18 16:47:44,1,4.6,0.4271584749221802,4.8976746
NAFZ,2024-11-19 07:46:15,0,,0.38301166892051697,4.9384847
EAFZ,2024-11-19 19:42:19,1,4.6,0.4206911325454712,4.898342
AEGEAN,2024-11-20 01:59:54,0,,0.3208827078342438,4.871218
NAFZ,2024-11-20 22:41:26,0,,0.384332537651062,4.9374332
EAFZ,2024-11-21 19:42:15,1,4.6,0.3959559500217438,4.9016666
EAFZ,2024-11-22 20:23:08,1,4.6,0.38654643297195435,4.9000516
NAFZ,2024-11-23 06:16:32,0,,0.3708277940750122,4.9363313
AEGEAN,2024-11-23 12:57:14,0,,0.320586621761322,4.8852763
EAFZ,2024-11-24 13:54:42,1,4.6,0.343946248292923,4.859924
EAFZ,2024-11-25 13:26:16,1,4.6,0.34866395592689514,4.8467584
AEGEAN,2024-11-25 21:50:49,0,,0.32794177532196045,4.885631
EAFZ,2024-11-26 13:53:12,0,,0.38501816987991333,4.8932233
NAFZ,2024-11-27 01:25:35,0,,0.3603737950325012,4.9357634
CENTRAL,2024-11-27 16:46:14,0,,0.24859006702899933,4.916011
EAFZ,2024-11-28 07:24:53,0,,0.380418062210083,4.895783
EAFZ,2024-11-29 13:28:04,0,,0.3802903890609741,4.897274
NAFZ,2024-11-29 16:07:03,0,,0.3546590805053711,4.93198
AEGEAN,2024-11-29 17:44:46,0,,0.3239654302597046,4.890011
AEGEAN,2024-11-30 07:55:26,0,,0.35894832015037537,4.887411
EAFZ,2024-12-01 00:18:52,0,,0.3781799077987671,4.89791
NAFZ,2024-12-01 20:28:54,0,,0.35071948170661926,4.9299803
EAFZ,2024-12-02 00:22:11,0,,0.36937570571899414,4.8933187
AEGEAN,2024-12-02 13:17:51,0,,0.3547154664993286,4.8859305
EAFZ,2024-12-02 20:25:17,0,,0.3609822690486908,4.8943653
EAFZ,2024-12-03 06:08:27,0,,0.36992889642715454,4.8864107
EAFZ,2024-12-03 22:20:19,0,,0.3885633945465088,4.886511
AEGEAN,2024-12-04 07:35:47,0,,0.35847365856170654,4.891735
CENTRAL,2024-12-04 07:35:47,0,,0.2476978898048401,4.91538
NAFZ,2024-12-05 07:26:07,0,,0.3295193314552307,4.9271593
EAFZ,2024-12-05 19:49:53,0,,0.3333853483200073,4.8634005
AEGEAN,2024-12-06 08:31:12,0,,0.36741501092910767,4.889875
EAFZ,2024-12-07 10:02:39,0,,0.31601834297180176,4.8318152
AEGEAN,2024-12-08 09:53:12,0,,0.42600753903388977,4.8878727
EAFZ,2024-12-08 14:57:17,0,,0.3202882707118988,4.8309565
EAFZ,2024-12-09 15:10:17,0,,0.3726631700992584,4.8362417
NAFZ,2024-12-09 16:47:21,1,4.5,0.301334410905838,4.879985
EAFZ,2024-12-10 10:31:30,0,,0.4467495381832123,4.840611
AEGEAN,2024-12-10 19:38:32,0,,0.3470991849899292,4.88373
EAFZ,2024-12-11 03:44:33,0,,0.41156908869743347,4.84099
EAFZ,2024-12-12 09:46:01,0,,0.398540198802948,4.8458223
AEGEAN,2024-12-12 13:23:30,0,,0.38739386200904846,4.904384
NAFZ,2024-12-13 08:19:32,1,4.5,0.29614096879959106,4.9158087
CENTRAL,2024-12-14 16:02:07,1,4.5,0.2604641914367676,4.917323
AEGEAN,2024-12-14 19:40:15,0,,0.36963555216789246,4.901469
EAFZ,2024-12-14 21:09:20,0,,0.3558259904384613,4.85132
EAFZ,2024-12-15 13:28:33,0,,0.35166770219802856,4.8492055
EAFZ,2024-12-16 07:55:12,0,,0.37482723593711853,4.846543
NAFZ,2024-12-17 03:01:03,1,4.5,0.31925541162490845,4.918817
EAFZ,2024-12-17 14:07:00,0,,0.41986265778541565,4.8465643
AEGEAN,2024-12-17 21:55:27,0,,0.3512101471424103,4.905761
EAFZ,2024-12-19 05:39:20,0,,0.37208643555641174,4.8439007
NAFZ,2024-12-19 22:29:33,1,4.5,0.3311189115047455,4.9183717
AEGEAN,2024-12-20 19:50:14,0,,0.37107351422309875,4.907881
EAFZ,2024-12-20 22:57:07,0,,0.3496454358100891,4.8355727
EAFZ,2024-12-21 23:56:09,0,,0.39727869629859924,4.8254237
NAFZ,2024-12-22 09:42:43,1,4.5,0.32726430892944336,4.9173875
EAFZ,2024-12-22 22:37:48,0,,0.352198988199234,4.8185177
AEGEAN,2024-12-23 20:39:41,1,5.2,0.34754106402397156,4.910959
CENTRAL,2024-12-24 15:33:03,1,4.5,0.2493516355752945,4.9172
AEGEAN,2024-12-24 17:05:51,1,5.2,0.36349913477897644,4.90893
EAFZ,2024-12-24 18:04:35,0,,0.4075508713722229,4.8260627
CENTRAL,2024-12-24 20:57:26,1,4.5,0.27339690923690796,4.9255967
AEGEAN,2024-12-25 03:23:25,1,5.2,0.3874579966068268,4.9058385
EAFZ,2024-12-25 05:27:05,0,,0.35385629534721375,4.828685
NAFZ,2024-12-25 12:13:10,1,4.5,0.3214162290096283,4.9192815
AEGEAN,2024-12-26 04:35:42,1,5.2,0.37987297773361206,4.902925
EAFZ,2024-12-26 06:27:46,0,,0.3531692326068878,4.829116
CENTRAL,2024-12-26 18:44:45,1,4.5,0.32611283659935,4.922346
AEGEAN,2024-12-26 19:58:45,1,5.2,0.3918517827987671,4.881777
EAFZ,2024-12-28 00:34:00,0,,0.3556363582611084,4.831606
AEGEAN,2024-12-28 04:32:14,1,5.2,0.39564597606658936,4.8786044
CENTRAL,2024-12-28 06:49:34,1,4.5,0.3307746946811676,4.918651
EAFZ,2024-12-28 11:52:04,0,,0.35853153467178345,4.8276815
NAFZ,2024-12-30 07:25:20,1,4.5,0.3085019886493683,4.9231234
AEGEAN,2024-12-30 07:32:40,1,5.2,0.4078466594219208,4.874941
EAFZ,2024-12-30 07:54:05,0,,0.35599464178085327,4.82663
EAFZ,2024-12-31 10:46:28,0,,0.42158275842666626,4.8837132
AEGEAN,2024-12-31 19:00:55,1,5.2,0.4024190306663513,4.862839
AEGEAN,2025-01-01 05:30:18,1,5.2,0.3297499418258667,4.8520637
CENTRAL,2025-01-01 05:30:18,1,4.5,0.33433860540390015,4.916308
AEGEAN,2025-01-02 09:18:19,1,5.2,0.3787812888622284,4.8563614
EAFZ,2025-01-02 09:43:08,0,,0.4183288514614105,4.8887057
EAFZ,2025-01-03 02:17:50,0,,0.42663508653640747,4.885081
AEGEAN,2025-01-03 11:54:12,1,5.2,0.3726431131362915,4.8582125
EAFZ,2025-01-04 05:36:12,0,,0.415695458650589,4.887321
CENTRAL,2025-01-04 16:06:01,0,,0.39053502678871155,4.939183
EAFZ,2025-01-05 04:39:41,0,,0.4815751612186432,4.885765
NAFZ,2025-01-05 09:39:20,1,4.5,0.29782572388648987,4.9259195
AEGEAN,2025-01-05 16:53:04,1,5.2,0.3680020868778229,4.864405
CENTRAL,2025-01-05 16:57:19,0,,0.3521958589553833,4.927204
EAFZ,2025-01-06 00:40:34,0,,0.3942226469516754,4.883706
AEGEAN,2025-01-06 02:14:19,1,5.2,0.3894411325454712,4.8691926
CENTRAL,2025-01-06 06:32:55,0,,0.39972296357154846,4.9213862
AEGEAN,2025-01-06 21:11:40,1,5.2,0.4267595112323761,4.867734
EAFZ,2025-01-07 04:43:26,0,,0.3859754502773285,4.886626
EAFZ,2025-01-08 09:52:04,0,,0.39706650376319885,4.8842654
AEGEAN,2025-01-08 14:38:34,1,5.2,0.4161450266838074,4.86527
NAFZ,2025-01-09 04:02:40,0,,0.3005411922931671,4.9316998
EAFZ,2025-01-09 11:16:21,0,,0.3716123700141907,4.8626623
NAFZ,2025-01-10 18:59:05,0,,0.30141133069992065,4.9266186
EAFZ,2025-01-11 03:29:01,0,,0.379351943731308,4.8615837
CENTRAL,2025-01-11 10:18:54,0,,0.36735212802886963,4.9129815
EAFZ,2025-01-11 16:41:04,0,,0.3521959185600281,4.8595076
AEGEAN,2025-01-12 00:50:57,1,5.2,0.41326791048049927,4.873357
EAFZ,2025-01-13 03:47:25,0,,0.39367517828941345,4.8617682
NAFZ,2025-01-13 14:10:02,0,,0.364706814289093,4.9279156
AEGEAN,2025-01-14 09:54:22,1,5.2,0.39890360832214355,4.8789783
EAFZ,2025-01-14 20:56:07,0,,0.3269706964492798,4.854412
AEGEAN,2025-01-15 11:41:20,1,5.2,0.37044793367385864,4.8787775
CENTRAL,2025-01-15 11:41:20,0,,0.3687582015991211,4.919622
EAFZ,2025-01-15 23:22:51,0,,0.3511027693748474,4.855725
EAFZ,2025-01-17 04:30:39,1,4.8,0.3628167510032654,4.8565564
EAFZ,2025-01-18 12:22:11,1,4.8,0.3623800277709961,4.8573494
NAFZ,2025-01-18 19:02:29,0,,0.3578867018222809,4.930956
AEGEAN,2025-01-18 23:59:34,1,5.2,0.3716340959072113,4.8839526
EAFZ,2025-01-19 18:17:12,1,4.8,0.3844071328639984,4.8587327
CENTRAL,2025-01-20 17:41:03,0,,0.3406296670436859,4.9244094
EAFZ,2025-01-20 18:09:33,1,4.8,0.4070867896080017,4.862241
AEGEAN,2025-01-20 23:49:19,1,5.2,0.36624675989151,4.8830566
EAFZ,2025-01-21 18:24:28,1,4.8,0.3882310688495636,4.864329
AEGEAN,2025-01-22 16:34:18,0,,0.4196733832359314,4.940788
EAFZ,2025-01-23 05:26:08,1,4.8,0.3768683671951294,4.8641605
AEGEAN,2025-01-24 03:06:31,0,,0.40399160981178284,4.941167
EAFZ,2025-01-24 10:45:10,1,4.8,0.3893115520477295,4.8629603
EAFZ,2025-01-26 04:40:52,1,4.8,0.37050825357437134,4.86482
NAFZ,2025-01-26 07:02:47,0,,0.34701573848724365,4.936715
CENTRAL,2025-01-26 10:49:01,0,,0.3253922760486603,4.9300117
AEGEAN,2025-01-27 10:14:10,0,,0.4123481512069702,4.945197
EAFZ,2025-01-27 11:08:31,1,4.8,0.37159496545791626,4.865238
AEGEAN,2025-01-28 15:50:18,0,,0.38554343581199646,4.9387927
NAFZ,2025-01-28 17:52:21,0,,0.33775296807289124,4.9346685
EAFZ,2025-01-28 21:35:12,1,4.8,0.37794461846351624,4.8644686
EAFZ,2025-01-30 09:44:37,1,4.8,0.3834913671016693,4.8664346
EAFZ,2025-01-31 09:10:42,1,4.8,0.3359664976596832,4.844949
AEGEAN,2025-01-31 09:58:07,0,,0.39548754692077637,4.9405665
NAFZ,2025-02-01 11:09:58,0,,0.33846724033355713,4.934461
AEGEAN,2025-02-01 19:23:21,0,,0.40160635113716125,4.9400616
EAFZ,2025-02-01 22:09:32,1,4.8,0.33732014894485474,4.8479886
AEGEAN,2025-02-04 02:19:53,0,,0.3627806007862091,4.93917
EAFZ,2025-02-04 02:47:26,1,4.8,0.3326648473739624,4.869624
AEGEAN,2025-02-05 18:39:18,0,,0.3602796792984009,4.9381704
EAFZ,2025-02-06 08:31:03,1,4.8,0.31952691078186035,4.872932
CENTRAL,2025-02-06 13:48:53,0,,0.31789737939834595,4.9371405
NAFZ,2025-02-07 06:46:15,0,,0.29940974712371826,4.934342
AEGEAN,2025-02-07 11:17:33,0,,0.3088999092578888,4.877393
EAFZ,2025-02-07 18:05:58,1,4.8,0.32794123888015747,4.87142
EAFZ,2025-02-09 00:04:16,1,4.8,0.3263836205005646,4.8689823
AEGEAN,2025-02-09 15:40:35,0,,0.31465232372283936,4.8801966
NAFZ,2025-02-10 02:34:15,0,,0.31603190302848816,4.907003
EAFZ,2025-02-10 06:09:10,1,4.8,0.3302389681339264,4.8672724
CENTRAL,2025-02-10 20:45:52,0,,0.3121878206729889,4.9116607
AEGEAN,2025-02-11 11:26:17,0,,0.3078187108039856,4.8802285
EAFZ,2025-02-12 05:51:51,1,4.8,0.313518226146698,4.865205
AEGEAN,2025-02-12 06:44:00,0,,0.3352243900299072,4.8808565
EAFZ,2025-02-13 08:18:11,1,4.8,0.3357801139354706,4.8682632
NAFZ,2025-02-13 20:18:08,0,,0.3181980550289154,4.90465
EAFZ,2025-02-14 00:36:17,1,4.8,0.36916983127593994,4.868188
EAFZ,2025-02-14 23:23:49,1,4.8,0.36813417077064514,4.861882
AEGEAN,2025-02-15 17:55:47,0,,0.33851534128189087,4.8842382
EAFZ,2025-02-16 01:21:43,0,,0.4193832576274872,4.90131
CENTRAL,2025-02-17 04:37:22,0,,0.29789915680885315,4.9158406
AEGEAN,2025-02-17 08:34:31,0,,0.3286835253238678,4.883587
NAFZ,2025-02-17 12:10:43,0,,0.305208683013916,4.9074893
EAFZ,2025-02-17 16:25:55,0,,0.4092158079147339,4.9054346
AEGEAN,2025-02-19 02:00:49,0,,0.3298117220401764,4.8819566
CENTRAL,2025-02-19 07:49:00,0,,0.2611546218395233,4.8754907
EAFZ,2025-02-19 09:30:30,0,,0.41007474064826965,4.9062033
AEGEAN,2025-02-20 08:04:00,0,,0.3267849385738373,4.8810377
NAFZ,2025-02-20 14:59:10,0,,0.2873348891735077,4.9038243
EAFZ,2025-02-21 00:51:31,0,,0.3799724280834198,4.908
CENTRAL,2025-02-21 12:48:52,0,,0.29465970396995544,4.8748646
AEGEAN,2025-02-21 18:26:14,0,,0.32763463258743286,4.880569
EAFZ,2025-02-22 03:55:23,0,,0.39508160948753357,4.9052773
AEGEAN,2025-02-22 12:36:04,0,,0.3362117111682892,4.8742723
CENTRAL,2025-02-22 12:52:46,0,,0.3035774528980255,4.871671
EAFZ,2025-02-24 00:09:08,0,,0.4048791527748108,4.9084983
NAFZ,2025-02-24 10:21:57,0,,0.2875789403915405,4.903315
AEGEAN,2025-02-25 08:30:08,0,,0.35037288069725037,4.8979564
EAFZ,2025-02-25 16:50:53,0,,0.4202820956707001,4.910954
EAFZ,2025-02-27 17:33:33,0,,0.35262224078178406,4.9141746
CENTRAL,2025-02-28 07:24:54,0,,0.2898924648761749,4.8843307
AEGEAN,2025-02-28 09:09:08,0,,0.33586278557777405,4.9014034
EAFZ,2025-02-28 14:58:10,0,,0.3477996289730072,4.89488
AEGEAN,2025-03-01 12:59:41,0,,0.35721322894096375,4.8955727
EAFZ,2025-03-01 18:41:08,0,,0.3421195149421692,4.891062
EAFZ,2025-03-02 16:55:37,0,,0.3572157323360443,4.888268
NAFZ,2025-03-04 08:23:21,0,,0.2749990224838257,4.886324
EAFZ,2025-03-04 11:44:38,0,,0.372601717710495,4.888961
AEGEAN,2025-03-06 06:20:18,0,,0.38434210419654846,4.902731
EAFZ,2025-03-06 16:16:53,0,,0.35155409574508667,4.8514886
CENTRAL,2025-03-06 21:09:13,0,,0.2795107066631317,4.9087586
EAFZ,2025-03-07 12:17:01,0,,0.2882106304168701,4.8502145
AEGEAN,2025-03-08 09:06:54,0,,0.3819635808467865,4.904977
NAFZ,2025-03-08 18:28:26,0,,0.2750570476055145,4.8869205
EAFZ,2025-03-09 01:58:46,0,,0.32056117057800293,4.8672376
AEGEAN,2025-03-10 02:51:24,0,,0.34815624356269836,4.906667
CENTRAL,2025-03-10 13:35:41,0,,0.3080582320690155,4.904508
EAFZ,2025-03-10 19:35:11,0,,0.3090319335460663,4.867607
AEGEAN,2025-03-11 04:09:28,0,,0.347243070602417,4.9058228
EAFZ,2025-03-11 06:21:31,0,,0.32306769490242004,4.865203
AEGEAN,2025-03-11 17:36:16,0,,0.3862583637237549,4.9067183
AEGEAN,2025-03-12 06:41:25,0,,0.3857163190841675,4.8823366
EAFZ,2025-03-12 09:18:43,0,,0.33443090319633484,4.865781
EAFZ,2025-03-13 09:35:04,0,,0.3415670692920685,4.8654885
NAFZ,2025-03-14 05:19:37,0,,0.295710951089859,4.8874
EAFZ,2025-03-14 13:26:18,0,,0.36041149497032166,4.863157
AEGEAN,2025-03-14 22:56:06,0,,0.3964783549308777,4.882548
CENTRAL,2025-03-15 23:34:00,0,,0.3236989378929138,4.9066725
EAFZ,2025-03-16 13:22:23,0,,0.3610953092575073,4.861327
EAFZ,2025-03-17 17:14:50,0,,0.3552711308002472,4.862122
EAFZ,2025-03-19 01:01:51,0,,0.3482767641544342,4.84872
AEGEAN,2025-03-19 04:35:26,0,,0.35206377506256104,4.8837724
EAFZ,2025-03-20 04:35:47,0,,0.33114758133888245,4.8137717
EAFZ,2025-03-20 17:23:03,0,,0.34952399134635925,4.827975
NAFZ,2025-03-20 18:33:47,1,4.6,0.3152562379837036,4.925096
EAFZ,2025-03-22 02:52:13,0,,0.34950336813926697,4.830493
CENTRAL,2025-03-22 20:07:05,0,,0.3394944369792938,4.9077444
AEGEAN,2025-03-22 21:43:21,0,,0.3425016403198242,4.8823376
EAFZ,2025-03-23 21:52:14,0,,0.3077346682548523,4.8343425
EAFZ,2025-03-24 16:17:47,0,,0.38392508029937744,4.8380227
AEGEAN,2025-03-24 22:23:38,0,,0.3437383770942688,4.8817487
EAFZ,2025-03-25 08:23:12,0,,0.36130568385124207,4.834242
NAFZ,2025-03-26 15:43:50,1,4.6,0.3130608797073364,4.928064
AEGEAN,2025-03-27 07:34:17,1,4.5,0.3323794901371002,4.874228
EAFZ,2025-03-27 10:11:50,0,,0.3790413439273834,4.8361754
CENTRAL,2025-03-27 16:23:59,0,,0.3373316526412964,4.9105177
NAFZ,2025-03-29 02:24:47,1,4.6,0.3159145414829254,4.925697
EAFZ,2025-03-29 12:26:24,1,4.9,0.3291727900505066,4.839342
EAFZ,2025-03-30 06:16:21,1,4.9,0.3597826063632965,4.8397512
EAFZ,2025-03-30 18:11:42,1,4.9,0.36580532789230347,4.835973
AEGEAN,2025-04-01 00:21:07,1,4.5,0.32423004508018494,4.8812165
EAFZ,2025-04-01 05:46:56,1,4.9,0.3769644498825073,4.836739
CENTRAL,2025-04-02 18:12:18,0,,0.3448789119720459,4.914041
AEGEAN,2025-04-03 05:43:13,1,4.5,0.29578959941864014,4.883635
EAFZ,2025-04-03 20:16:14,1,4.9,0.3606034815311432,4.83812
NAFZ,2025-04-04 09:13:55,1,4.6,0.3158130645751953,4.927911
EAFZ,2025-04-05 02:42:16,1,4.9,0.3359990417957306,4.836635
AEGEAN,2025-04-06 00:31:30,1,4.5,0.29272300004959106,4.8807793
EAFZ,2025-04-07 05:00:34,1,4.9,0.3076116740703583,4.846909
NAFZ,2025-04-07 17:39:59,1,4.6,0.32469987869262695,4.9258184
AEGEAN,2025-04-08 10:40:13,1,4.5,0.28958407044410706,4.8787684
EAFZ,2025-04-10 02:40:50,1,4.9,0.3130992352962494,4.8515143
CENTRAL,2025-04-10 15:14:37,0,,0.30461153388023376,4.919645
EAFZ,2025-04-11 20:36:13,1,4.9,0.3276926577091217,4.85112
AEGEAN,2025-04-12 01:12:05,1,4.5,0.32182788848876953,4.881333
NAFZ,2025-04-13 02:08:51,1,4.6,0.3354067802429199,4.9244733
EAFZ,2025-04-13 05:36:29,1,4.9,0.3369579315185547,4.8498883
AEGEAN,2025-04-14 03:30:25,1,4.5,0.31150853633880615,4.888409
EAFZ,2025-04-14 10:37:25,1,4.9,0.3143487274646759,4.8501525
EAFZ,2025-04-15 09:51:21,1,4.9,0.3298061788082123,4.8478956
EAFZ,2025-04-16 06:01:24,1,4.9,0.3683692514896393,4.8782806
CENTRAL,2025-04-16 08:52:10,0,,0.30036216974258423,4.918523
AEGEAN,2025-04-17 06:11:38,1,4.5,0.3230710029602051,4.8974195
NAFZ,2025-04-17 10:09:45,1,6.2,0.3018747568130493,4.944775
EAFZ,2025-04-17 10:53:49,1,4.9,0.39648011326789856,4.878451
EAFZ,2025-04-18 06:08:57,1,4.9,0.3516315817832947,4.8763375
AEGEAN,2025-04-18 11:18:08,1,4.5,0.32768669724464417,4.896041
EAFZ,2025-04-19 08:47:16,1,4.9,0.4366728663444519,4.8694944
AEGEAN,2025-04-19 15:01:31,1,4.5,0.42087239027023315,4.8890557
AEGEAN,2025-04-20 01:18:02,1,4.5,0.3788066804409027,4.886039
EAFZ,2025-04-20 17:44:23,1,4.9,0.43616119027137756,4.8691754
AEGEAN,2025-04-20 18:53:01,1,4.5,0.36393997073173523,4.880439
CENTRAL,2025-04-21 10:53:04,0,,0.2781723737716675,4.9167476
AEGEAN,2025-04-21 17:34:20,1,4.5,0.42653822898864746,4.891975
EAFZ,2025-04-21 17:59:42,1,4.9,0.45202696323394775,4.868055
AEGEAN,2025-04-21 23:21:47,1,4.5,0.41252580285072327,4.8824697
EAFZ,2025-04-23 09:02:16,1,4.9,0.40437817573547363,4.8690553
NAFZ,2025-04-23 09:13:05,1,6.2,0.2918216586112976,4.9458365
NAFZ,2025-04-23 09:59:29,1,4.8,0.4175514876842499,5.0111375
NAFZ,2025-04-23 10:13:56,1,4.9,0.5449523329734802,5.0000596
NAFZ,2025-04-23 10:26:33,1,4.9,0.6056203842163086,4.993363
NAFZ,2025-04-23 10:39:02,1,4.9,0.6743483543395996,4.9808116
NAFZ,2025-04-23 10:48:47,1,4.9,0.7654364705085754,4.9707212
NAFZ,2025-04-23 11:28:19,1,4.9,0.8390472531318665,4.9547524
NAFZ,2025-04-23 11:39:39,1,4.9,0.9037069082260132,4.9254794
NAFZ,2025-04-23 12:12:07,1,4.9,0.9569457173347473,4.7924676
NAFZ,2025-04-23 12:35:34,0,,0.956876277923584,4.7417307
NAFZ,2025-04-23 13:07:30,0,,0.964323103427887,4.750417
NAFZ,2025-04-23 13:45:40,0,,0.9567181468009949,4.755592
NAFZ,2025-04-23 14:13:00,0,,0.9575696587562561,4.759788
NAFZ,2025-04-23 16:05:47,0,,0.9509027004241943,4.773154
NAFZ,2025-04-23 16:43:22,0,,0.9474577307701111,4.773739
NAFZ,2025-04-23 18:32:15,0,,0.9443978071212769,4.783782
NAFZ,2025-04-23 20:28:30,0,,0.9250506162643433,4.790982
AEGEAN,2025-04-23 23:46:36,1,4.5,0.47010910511016846,4.8818965
NAFZ,2025-04-24 00:59:52,0,,0.9101516008377075,4.7501335
NAFZ,2025-04-24 04:22:19,0,,0.9052033424377441,4.775156
NAFZ,2025-04-24 10:44:59,0,,0.9077107310295105,4.7863197
NAFZ,2025-04-24 18:54:47,0,,0.8248746991157532,4.7960424
NAFZ,2025-04-25 01:22:16,0,,0.7903563380241394,4.802969
AEGEAN,2025-04-25 05:15:33,1,4.6,0.5388857126235962,4.8842416
AEGEAN,2025-04-25 08:04:57,0,,0.647083580493927,4.8783364
AEGEAN,2025-04-25 09:33:36,0,,0.736329197883606,4.8774776
NAFZ,2025-04-25 10:19:28,0,,0.7517487406730652,4.8113084
NAFZ,2025-04-25 14:29:26,0,,0.6413260102272034,4.81316
NAFZ,2025-04-25 18:06:56,0,,0.7258638143539429,4.822109
NAFZ,2025-04-25 19:54:38,0,,0.7480273842811584,4.8199425
AEGEAN,2025-04-26 03:46:02,0,,0.6211300492286682,4.8796306
NAFZ,2025-04-26 05:32:50,0,,0.7479998469352722,4.825773
AEGEAN,2025-04-26 10:18:31,0,,0.6265531182289124,4.876133
CENTRAL,2025-04-26 14:48:41,0,,0.263214111328125,4.917137
EAFZ,2025-04-26 17:24:58,1,4.9,0.39122244715690613,4.878108
NAFZ,2025-04-26 17:45:07,0,,0.7331866025924683,4.8263965
AEGEAN,2025-04-26 19:49:00,0,,0.5940699577331543,4.8731747
AEGEAN,2025-04-27 04:56:08,0,,0.5829552412033081,4.8741484
NAFZ,2025-04-27 10:44:33,0,,0.7240269184112549,4.8353796
AEGEAN,2025-04-27 16:12:05,0,,0.6200202107429504,4.8615084
NAFZ,2025-04-27 20:17:27,0,,0.7058948278427124,4.836483
AEGEAN,2025-04-28 00:53:42,0,,0.6527953147888184,4.8514986
AEGEAN,2025-04-28 03:36:22,0,,0.6566288471221924,4.8180776
EAFZ,2025-04-28 04:41:29,0,,0.3668334484100342,4.916395
AEGEAN,2025-04-28 04:46:55,0,,0.706356406211853,4.8186107
AEGEAN,2025-04-28 09:49:40,0,,0.6994724273681641,4.8087387
AEGEAN,2025-04-28 14:09:45,0,,0.7442744970321655,4.81
AEGEAN,2025-04-28 18:17:52,0,,0.6935893893241882,4.8060646
NAFZ,2025-04-28 19:04:59,0,,0.6884139180183411,4.8427134
AEGEAN,2025-04-29 04:29:20,0,,0.7573882341384888,4.8073235
AEGEAN,2025-04-29 08:51:13,0,,0.7716216444969177,4.801261
NAFZ,2025-04-29 14:59:28,0,,0.6946803331375122,4.849436
AEGEAN,2025-04-29 15:55:56,0,,0.7078866362571716,4.7999635
AEGEAN,2025-04-30 02:04:40,0,,0.6387103796005249,4.8059697
EAFZ,2025-04-30 03:20:12,0,,0.36180222034454346,4.9193687
NAFZ,2025-04-30 09:03:37,0,,0.675493597984314,4.8280625
AEGEAN,2025-04-30 09:35:47,0,,0.6600710153579712,4.8063164
AEGEAN,2025-04-30 21:25:28,0,,0.6492241024971008,4.8103876
EAFZ,2025-05-01 08:30:44,0,,0.4032577574253082,4.9203715
AEGEAN,2025-05-01 11:38:31,0,,0.6890732645988464,4.83421
NAFZ,2025-05-01 16:33:50,0,,0.4187577962875366,4.827253
NAFZ,2025-05-02 06:52:31,0,,0.39067137241363525,4.827927
EAFZ,2025-05-02 10:03:25,0,,0.3620861768722534,4.920284
AEGEAN,2025-05-02 10:31:10,0,,0.6188756227493286,4.8425045
AEGEAN,2025-05-02 17:37:45,0,,0.6055229902267456,4.8410945
AEGEAN,2025-05-03 09:15:32,0,,0.5766929388046265,4.8462796
NAFZ,2025-05-03 10:14:09,0,,0.39607977867126465,4.8406873
AEGEAN,2025-05-04 01:13:27,1,5.8,0.6190927028656006,4.849459
NAFZ,2025-05-04 08:30:52,0,,0.3910488486289978,4.8405986
EAFZ,2025-05-04 17:19:33,0,,0.4142366051673889,4.9223843
AEGEAN,2025-05-04 21:20:29,1,5.8,0.5538153052330017,4.8522105
EAFZ,2025-05-05 22:09:25,0,,0.392245888710022,4.922987
AEGEAN,2025-05-06 10:46:04,1,5.8,0.4928147494792938,4.8598833
NAFZ,2025-05-06 16:17:41,0,,0.3276137709617615,4.849037
EAFZ,2025-05-07 05:35:38,0,,0.3821111023426056,4.917846
EAFZ,2025-05-07 22:34:54,0,,0.3932584226131439,4.9138694
AEGEAN,2025-05-08 02:15:46,1,5.8,0.509103536605835,4.86683
CENTRAL,2025-05-08 02:56:10,1,5.8,0.27916908264160156,4.9204974
NAFZ,2025-05-08 05:47:13,0,,0.31968507170677185,4.850592
AEGEAN,2025-05-08 20:43:32,1,5.8,0.4370732605457306,4.8671265
AEGEAN,2025-05-10 00:26:39,1,5.8,0.4217713177204132,4.8660016
EAFZ,2025-05-10 02:01:42,0,,0.3178158104419708,4.848211
NAFZ,2025-05-10 11:43:59,0,,0.3151051998138428,4.8561463
EAFZ,2025-05-12 04:03:33,0,,0.32426291704177856,4.8493176
NAFZ,2025-05-12 09:44:36,0,,0.3645995855331421,4.8937044
AEGEAN,2025-05-12 14:53:56,1,5.8,0.3615192472934723,4.861319
EAFZ,2025-05-13 04:21:50,0,,0.3161372244358063,4.847344
AEGEAN,2025-05-13 11:32:51,1,5.8,0.3909098505973816,4.863688
NAFZ,2025-05-13 13:03:43,0,,0.35785844922065735,4.8935075
EAFZ,2025-05-15 08:03:29,0,,0.3124338686466217,4.848022
CENTRAL,2025-05-15 08:24:08,1,5.8,0.28034284710884094,4.9185705
NAFZ,2025-05-15 11:14:22,0,,0.36272138357162476,4.8977327
EAFZ,2025-05-16 11:35:06,0,,0.3098158836364746,4.8468413
NAFZ,2025-05-17 02:28:09,0,,0.35115671157836914,4.898696
AEGEAN,2025-05-17 03:59:52,1,5.8,0.36521872878074646,4.8422155
EAFZ,2025-05-17 19:05:44,0,,0.330377995967865,4.871163
AEGEAN,2025-05-18 07:29:53,1,5.8,0.3383549451828003,4.8718276
AEGEAN,2025-05-18 22:38:33,1,5.8,0.3862462341785431,4.866822
EAFZ,2025-05-19 13:02:28,0,,0.33839473128318787,4.8744173
AEGEAN,2025-05-19 21:32:09,1,5.8,0.406012624502182,4.8687835
NAFZ,2025-05-20 02:16:06,0,,0.35129544138908386,4.9032674
CENTRAL,2025-05-20 03:55:10,1,5.8,0.2886423170566559,4.9221873
AEGEAN,2025-05-20 20:14:26,1,5.8,0.40590378642082214,4.87021
EAFZ,2025-05-21 04:09:31,0,,0.3334007263183594,4.877529
AEGEAN,2025-05-22 01:09:34,1,5.8,0.36734601855278015,4.8702393
EAFZ,2025-05-22 16:19:26,0,,0.35165274143218994,4.8758264
NAFZ,2025-05-22 22:40:58,0,,0.331705242395401,4.90514
EAFZ,2025-05-23 04:50:26,0,,0.3829459249973297,4.8712645
AEGEAN,2025-05-23 08:23:34,1,5.8,0.38617390394210815,4.866984
AEGEAN,2025-05-23 19:15:52,1,5.8,0.38659927248954773,4.863694
CENTRAL,2025-05-24 10:31:28,1,5.8,0.2870381474494934,4.92027
EAFZ,2025-05-24 15:22:05,0,,0.40734314918518066,4.8699965
AEGEAN,2025-05-24 17:06:04,1,5.8,0.40621745586395264,4.854213
EAFZ,2025-05-25 17:19:46,1,4.5,0.40867680311203003,4.869435
NAFZ,2025-05-26 00:57:17,0,,0.3368883728981018,4.9077954
AEGEAN,2025-05-26 07:34:34,1,5.8,0.38514748215675354,4.8516307
EAFZ,2025-05-26 08:25:29,1,4.5,0.46484532952308655,4.865815
EAFZ,2025-05-27 13:51:07,1,4.5,0.4044521749019623,4.861746
CENTRAL,2025-05-28 11:41:33,1,5.8,0.2813701927661896,4.9184847
EAFZ,2025-05-28 12:15:21,1,4.5,0.3613032102584839,4.8587904
AEGEAN,2025-05-28 22:26:10,1,5.8,0.3459881842136383,4.8601007
EAFZ,2025-05-29 01:15:22,1,4.5,0.3863641917705536,4.852827
NAFZ,2025-05-29 02:29:59,0,,0.4505403935909271,4.9097714
EAFZ,2025-05-29 10:23:11,1,4.5,0.3810103237628937,4.8465524
EAFZ,2025-05-29 21:18:46,1,4.5,0.3981010913848877,4.8669076
EAFZ,2025-05-30 12:41:45,1,4.5,0.385312020778656,4.863629
AEGEAN,2025-05-30 14:09:23,1,5.8,0.38823631405830383,4.8573318
AEGEAN,2025-05-31 00:03:56,1,5.8,0.4852966070175171,4.854261
EAFZ,2025-05-31 08:55:14,1,4.5,0.40543150901794434,4.8625493
EAFZ,2025-06-01 03:50:39,1,4.5,0.39871394634246826,4.8640103
NAFZ,2025-06-01 07:15:32,0,,0.423639178276062,4.8920693
EAFZ,2025-06-01 09:55:36,1,4.5,0.4602312445640564,4.862008
EAFZ,2025-06-01 17:48:14,1,4.5,0.48748767375946045,4.856545
EAFZ,2025-06-01 23:11:28,1,4.5,0.5126134157180786,4.8528333
EAFZ,2025-06-02 22:38:56,1,4.5,0.4847956895828247,4.8581324
AEGEAN,2025-06-02 23:28:00,1,4.5,0.49347272515296936,4.9571476
CENTRAL,2025-06-03 00:06:58,0,,0.3596627712249756,5.0074635
AEGEAN,2025-06-03 23:45:18,1,4.5,0.46983852982521057,4.958093
EAFZ,2025-06-04 02:06:03,1,4.5,0.4476037323474884,4.8644376
NAFZ,2025-06-04 02:40:22,0,,0.3448861539363861,4.89225
EAFZ,2025-06-05 08:30:16,1,4.5,0.4353254437446594,4.867875
EAFZ,2025-06-06 07:47:07,1,4.5,0.45560261607170105,4.86736
AEGEAN,2025-06-07 10:18:26,1,4.5,0.4244635999202728,4.966116
NAFZ,2025-06-07 10:48:07,0,,0.3358868360519409,4.8887196
CENTRAL,2025-06-07 11:14:17,0,,0.3466259241104126,5.00729
EAFZ,2025-06-07 15:02:44,1,4.5,0.434908390045166,4.872355
AEGEAN,2025-06-08 10:17:23,1,4.5,0.40845987200737,4.9661207
AEGEAN,2025-06-08 17:40:29,1,4.5,0.46335434913635254,4.9618573
EAFZ,2025-06-08 18:59:01,1,4.5,0.34721246361732483,4.8304853
AEGEAN,2025-06-09 00:20:07,1,4.5,0.48670879006385803,4.955421
AEGEAN,2025-06-09 10:27:02,1,4.5,0.5397749543190002,4.9519415
AEGEAN,2025-06-09 17:54:42,1,4.5,0.5768319964408875,4.951477
EAFZ,2025-06-09 21:20:03,1,4.5,0.31123116612434387,4.8316417
AEGEAN,2025-06-10 10:15:21,0,,0.5756620764732361,4.881847
EAFZ,2025-06-10 12:56:19,1,4.5,0.3046988844871521,4.832085
AEGEAN,2025-06-10 19:52:58,0,,0.5695538520812988,4.87892
NAFZ,2025-06-11 00:02:16,0,,0.3314288556575775,4.8956757
AEGEAN,2025-06-11 09:22:36,0,,0.6289911866188049,4.85881
EAFZ,2025-06-12 03:03:53,1,4.5,0.37273043394088745,4.834803
AEGEAN,2025-06-12 08:48:03,0,,0.6090827584266663,4.8584723
EAFZ,2025-06-13 08:52:33,1,4.5,0.3290887773036957,4.865247
EAFZ,2025-06-13 19:53:49,1,4.5,0.3447457253932953,4.8629994
AEGEAN,2025-06-14 00:39:49,0,,0.5555170178413391,4.8678074
EAFZ,2025-06-14 12:15:32,1,4.5,0.35790368914604187,4.8611746
CENTRAL,2025-06-14 17:24:40,0,,0.36855757236480713,5.0075116
AEGEAN,2025-06-14 20:27:42,0,,0.45222902297973633,4.871975
EAFZ,2025-06-15 10:29:16,1,4.5,0.4500810205936432,4.860405
AEGEAN,2025-06-15 15:58:09,0,,0.45652273297309875,4.8721814
EAFZ,2025-06-16 15:25:16,1,4.5,0.4199259877204895,4.8603835
AEGEAN,2025-06-17 00:48:22,0,,0.49788302183151245,4.880489
EAFZ,2025-06-17 08:42:34,1,4.5,0.39775264263153076,4.859041
AEGEAN,2025-06-17 21:43:02,0,,0.47168371081352234,4.8348694
NAFZ,2025-06-18 09:59:24,0,,0.3256320655345917,4.90406
AEGEAN,2025-06-18 12:22:16,0,,0.4968096911907196,4.8409133
EAFZ,2025-06-18 19:19:54,1,4.5,0.40546512603759766,4.8619003
AEGEAN,2025-06-19 15:41:23,0,,0.47523075342178345,4.8439684
EAFZ,2025-06-19 19:56:10,1,4.5,0.4008429944515228,4.859413
AEGEAN,2025-06-20 22:43:07,0,,0.4369407594203949,4.845049
EAFZ,2025-06-21 08:18:45,1,4.5,0.38138335943222046,4.860813
AEGEAN,2025-06-22 06:39:41,0,,0.43083032965660095,4.843975
EAFZ,2025-06-22 11:28:19,1,4.5,0.36811330914497375,4.860509
NAFZ,2025-06-22 12:05:32,0,,0.31304359436035156,4.900144
AEGEAN,2025-06-22 20:36:42,0,,0.43019235134124756,4.842386
CENTRAL,2025-06-23 08:27:37,0,,0.35795316100120544,5.0064745
AEGEAN,2025-06-23 14:17:50,0,,0.4652717113494873,4.841503
EAFZ,2025-06-24 04:09:40,0,,0.38460615277290344,4.889893
EAFZ,2025-06-24 15:13:26,0,,0.37866267561912537,4.886046
NAFZ,2025-06-24 18:28:02,0,,0.3149445652961731,4.898893
AEGEAN,2025-06-24 18:33:04,0,,0.36348509788513184,4.841102
EAFZ,2025-06-25 13:31:24,0,,0.3916284739971161,4.885298
AEGEAN,2025-06-26 05:39:17,0,,0.37442484498023987,4.8431787
EAFZ,2025-06-27 07:49:00,0,,0.40656745433807373,4.8907866
AEGEAN,2025-06-27 14:40:26,0,,0.3523763418197632,4.839928
NAFZ,2025-06-27 15:42:01,0,,0.30270132422447205,4.880488
AEGEAN,2025-06-29 10:23:26,0,,0.33775457739830017,4.842588
NAFZ,2025-06-29 17:20:02,0,,0.30290213227272034,4.8845053
CENTRAL,2025-06-29 22:28:14,0,,0.3782629072666168,5.0056734
EAFZ,2025-06-30 06:37:31,0,,0.41572678089141846,4.8955083
NAFZ,2025-07-01 10:00:45,0,,0.3102547228336334,4.913158
AEGEAN,2025-07-01 13:47:16,0,,0.31734219193458557,4.845333
EAFZ,2025-07-01 19:52:06,0,,0.3821890950202942,4.897793
NAFZ,2025-07-02 22:23:55,0,,0.3170470893383026,4.915778
AEGEAN,2025-07-03 02:11:12,0,,0.328326940536499,4.835543
EAFZ,2025-07-03 05:10:57,0,,0.34019166231155396,4.897278
EAFZ,2025-07-04 22:20:40,0,,0.3668586313724518,4.8983464
NAFZ,2025-07-05 03:51:18,0,,0.3183812201023102,4.914178
EAFZ,2025-07-05 15:06:48,0,,0.3070821762084961,4.8672
AEGEAN,2025-07-06 10:52:22,0,,0.3352164030075073,4.8441777
EAFZ,2025-07-06 17:20:10,0,,0.3111686110496521,4.8695736
EAFZ,2025-07-07 10:38:14,0,,0.3219328224658966,4.86864
NAFZ,2025-07-08 04:26:28,0,,0.3162563443183899,4.907201
CENTRAL,2025-07-08 18:30:04,0,,0.3369276225566864,5.0093694
AEGEAN,2025-07-08 21:54:37,0,,0.28020453453063965,4.846225
EAFZ,2025-07-09 21:29:13,0,,0.3301648199558258,4.854755
EAFZ,2025-07-10 13:04:49,0,,0.37724965810775757,4.8472443
AEGEAN,2025-07-10 15:19:02,0,,0.2646805942058563,4.8456726
EAFZ,2025-07-11 17:14:10,0,,0.40986210107803345,4.845841
NAFZ,2025-07-11 17:36:26,0,,0.3140086829662323,4.9061604
AEGEAN,2025-07-12 01:26:27,1,6.1,0.28399965167045593,4.8473434
EAFZ,2025-07-13 19:45:09,0,,0.3736017942428589,4.8455143
NAFZ,2025-07-14 21:23:30,0,,0.34069719910621643,4.9064116
EAFZ,2025-07-15 08:15:04,0,,0.3376699686050415,4.8447504
CENTRAL,2025-07-15 18:19:09,0,,0.37274882197380066,5.010995
NAFZ,2025-07-16 07:46:58,0,,0.36323052644729614,4.905002
AEGEAN,2025-07-16 07:46:58,1,6.1,0.2888179123401642,4.8637714
EAFZ,2025-07-17 03:09:49,0,,0.30181315541267395,4.847552
EAFZ,2025-07-17 21:17:11,0,,0.32065093517303467,4.8371587
AEGEAN,2025-07-17 23:48:09,1,6.1,0.31474870443344116,4.861424
AEGEAN,2025-07-19 17:49:51,1,6.1,0.31188204884529114,4.860836
EAFZ,2025-07-20 07:30:55,0,,0.2830885052680969,4.8434424
EAFZ,2025-07-21 08:33:26,0,,0.3766772449016571,4.8419423
EAFZ,2025-07-22 04:01:25,0,,0.31069058179855347,4.843868
NAFZ,2025-07-22 20:42:56,0,,0.35909342765808105,4.912036
AEGEAN,2025-07-23 05:04:46,1,6.1,0.3167905807495117,4.8621078
EAFZ,2025-07-24 17:00:02,0,,0.3121669292449951,4.8523026
AEGEAN,2025-07-25 15:54:07,1,6.1,0.3012940585613251,4.861298
CENTRAL,2025-07-25 15:54:07,0,,0.3746661841869354,5.0134296
EAFZ,2025-07-27 02:22:51,0,,0.306104838848114,4.8556623
AEGEAN,2025-07-27 20:03:52,1,6.1,0.31902894377708435,4.869446
NAFZ,2025-07-27 20:56:07,0,,0.312055766582489,4.913272
EAFZ,2025-07-28 09:24:39,0,,0.3408135771751404,4.8526134
CENTRAL,2025-07-28 11:24:55,0,,0.33292356133461,4.92397
AEGEAN,2025-07-29 06:04:43,1,6.1,0.31969738006591797,4.870464
AEGEAN,2025-07-30 02:13:14,1,6.1,0.31917956471443176,4.866677
NAFZ,2025-07-30 05:03:56,0,,0.26799437403678894,4.8809366
EAFZ,2025-07-30 17:02:22,0,,0.33457326889038086,4.855377
AEGEAN,2025-08-01 02:58:49,1,6.1,0.31498071551322937,4.865213
AEGEAN,2025-08-01 06:08:41,1,6.1,0.3666067123413086,4.8727274
EAFZ,2025-08-01 17:34:37,0,,0.32655125856399536,4.859944
NAFZ,2025-08-01 21:29:49,0,,0.26756277680397034,4.8852654
AEGEAN,2025-08-02 07:43:28,1,6.1,0.35483115911483765,4.8694873
AEGEAN,2025-08-03 03:50:02,1,6.1,0.39912742376327515,4.86257
EAFZ,2025-08-03 09:41:48,0,,0.3232506513595581,4.8557425
EAFZ,2025-08-04 00:33:25,0,,0.3402877151966095,4.871993
AEGEAN,2025-08-04 14:59:30,1,6.1,0.4243858754634857,4.8600006
CENTRAL,2025-08-04 14:59:30,0,,0.3457309305667877,4.924082
NAFZ,2025-08-04 15:32:47,0,,0.25203871726989746,4.8764687
AEGEAN,2025-08-05 15:37:07,1,6.1,0.427015095949173,4.853879
NAFZ,2025-08-06 06:37:30,0,,0.24936343729496002,4.871943
EAFZ,2025-08-06 10:21:07,0,,0.3566334545612335,4.8745775
AEGEAN,2025-08-07 16:02:29,1,6.1,0.45755308866500854,4.8567724
EAFZ,2025-08-08 09:25:34,0,,0.33663395047187805,4.870397
EAFZ,2025-08-09 06:04:32,0,,0.3463595509529114,4.869028
CENTRAL,2025-08-09 22:52:43,0,,0.34374406933784485,4.9229507
AEGEAN,2025-08-10 02:22:43,1,6.1,0.48443320393562317,4.866282
AEGEAN,2025-08-10 10:52:46,1,6.1,0.4853762984275818,4.8620505
NAFZ,2025-08-10 14:35:47,0,,0.25339022278785706,4.8774757
AEGEAN,2025-08-10 17:01:21,1,4.5,0.6951858401298523,4.9636393
AEGEAN,2025-08-10 17:15:07,1,4.5,0.7771632671356201,4.953652
AEGEAN,2025-08-10 17:29:35,1,4.5,0.80027174949646,4.9515557
AEGEAN,2025-08-10 17:43:28,1,4.5,0.8499665260314941,4.9406095
AEGEAN,2025-08-10 17:56:13,1,4.5,0.8776498436927795,4.9298024
AEGEAN,2025-08-10 18:10:07,1,4.5,0.9218101501464844,4.9036736
AEGEAN,2025-08-10 18:25:54,1,4.5,0.9511948227882385,4.851807
AEGEAN,2025-08-10 18:41:17,1,4.5,0.9535467028617859,4.8198714
AEGEAN,2025-08-10 19:01:50,1,4.5,0.9537572860717773,4.6859083
AEGEAN,2025-08-10 19:25:59,1,4.5,0.9540835618972778,4.6920886
AEGEAN,2025-08-10 19:41:57,1,4.5,0.9503739476203918,4.6931806
AEGEAN,2025-08-10 20:05:41,1,4.5,0.9483126997947693,4.697397
AEGEAN,2025-08-10 20:37:32,1,4.5,0.9461382031440735,4.70617
AEGEAN,2025-08-10 21:01:47,1,4.5,0.9411081671714783,4.7099304
AEGEAN,2025-08-10 21:37:37,1,4.5,0.9504051804542542,4.715885
AEGEAN,2025-08-10 21:57:09,1,4.5,0.9484682679176331,4.714665
AEGEAN,2025-08-10 22:28:09,1,4.5,0.9481827616691589,4.7180576
AEGEAN,2025-08-10 23:15:52,1,4.5,0.9520509839057922,4.7173276
AEGEAN,2025-08-10 23:47:54,1,4.5,0.9498476386070251,4.7196546
AEGEAN,2025-08-11 00:06:30,1,4.5,0.950691282749176,4.719155
AEGEAN,2025-08-11 00:42:37,1,4.5,0.9523628354072571,4.7173123
AEGEAN,2025-08-11 01:02:35,1,4.5,0.9584375619888306,4.7258325
AEGEAN,2025-08-11 01:35:15,1,4.5,0.9534450769424438,4.725604
AEGEAN,2025-08-11 02:15:31,1,4.5,0.958888828754425,4.7418265
AEGEAN,2025-08-11 02:49:24,1,4.5,0.958332896232605,4.7411447
AEGEAN,2025-08-11 03:26:37,1,4.5,0.9509877562522888,4.7433233
AEGEAN,2025-08-11 04:09:29,1,4.5,0.9596759676933289,4.744778
AEGEAN,2025-08-11 05:01:36,1,4.5,0.9509701728820801,4.749227
AEGEAN,2025-08-11 05:32:50,1,4.5,0.9399011135101318,4.7482615
AEGEAN,2025-08-11 05:52:54,1,4.5,0.9459636807441711,4.7473965
AEGEAN,2025-08-11 06:31:45,1,4.5,0.9342136383056641,4.748329
AEGEAN,2025-08-11 07:04:21,1,4.5,0.9466148018836975,4.7203236
AEGEAN,2025-08-11 07:36:38,1,4.5,0.9465622901916504,4.7231526
AEGEAN,2025-08-11 08:01:38,1,4.5,0.937393844127655,4.7205806
AEGEAN,2025-08-11 08:37:27,1,4.5,0.9374932646751404,4.7201433
AEGEAN,2025-08-11 09:16:22,1,4.5,0.9340682029724121,4.720159
AEGEAN,2025-08-11 10:13:44,1,4.5,0.9425292015075684,4.723979
AEGEAN,2025-08-11 10:49:52,1,4.5,0.9381091594696045,4.725993
AEGEAN,2025-08-11 11:37:22,1,4.5,0.9470779895782471,4.7323284
AEGEAN,2025-08-11 12:33:24,1,4.5,0.9449673891067505,4.7344394
AEGEAN,2025-08-11 13:27:46,1,4.5,0.9432911276817322,4.7370543
AEGEAN,2025-08-11 14:14:26,1,4.5,0.936600387096405,4.7390513
AEGEAN,2025-08-11 14:57:17,1,4.5,0.9406363368034363,4.7390876
AEGEAN,2025-08-11 15:47:35,1,4.5,0.9358125925064087,4.7406898
AEGEAN,2025-08-11 16:25:25,1,4.5,0.9328347444534302,4.739344
AEGEAN,2025-08-11 16:59:25,1,4.5,0.9528340697288513,4.7570333
AEGEAN,2025-08-11 17:10:33,1,4.5,0.9609581232070923,4.7533417
AEGEAN,2025-08-11 17:24:15,1,4.8,0.9624125361442566,4.7530193
AEGEAN,2025-08-11 17:53:56,1,4.8,0.9607368111610413,4.74922
AEGEAN,2025-08-11 18:22:57,1,4.8,0.9528353214263916,4.746696
AEGEAN,2025-08-11 18:45:51,1,4.8,0.9568350315093994,4.7435017
AEGEAN,2025-08-11 19:25:39,1,4.8,0.95656418800354,4.741932
AEGEAN,2025-08-11 19:54:30,1,4.8,0.9604206681251526,4.7384996
AEGEAN,2025-08-11 20:48:35,1,4.8,0.9532248973846436,4.7440896
AEGEAN,2025-08-11 21:24:48,1,4.8,0.9515218138694763,4.7484813
EAFZ,2025-08-11 21:55:33,0,,0.35042572021484375,4.8725166
AEGEAN,2025-08-11 22:06:19,1,4.8,0.9466654658317566,4.734459
AEGEAN,2025-08-11 22:50:27,1,4.8,0.9506864547729492,4.7355356
AEGEAN,2025-08-11 23:09:58,1,4.8,0.9460998773574829,4.7348933
AEGEAN,2025-08-11 23:33:19,1,4.8,0.9457011222839355,4.7348866
AEGEAN,2025-08-12 00:04:42,1,4.8,0.940902829170227,4.733315
AEGEAN,2025-08-12 01:39:12,1,4.8,0.924528956413269,4.738932
AEGEAN,2025-08-12 02:05:07,1,4.8,0.9485712051391602,4.7064185
AEGEAN,2025-08-12 02:49:18,1,4.8,0.9516950845718384,4.7081294
AEGEAN,2025-08-12 03:53:14,1,4.8,0.941734254360199,4.7100797
AEGEAN,2025-08-12 05:05:18,1,4.8,0.937419593334198,4.7138753
AEGEAN,2025-08-12 06:29:22,1,4.8,0.9344696402549744,4.7176185
AEGEAN,2025-08-12 07:48:49,1,4.8,0.9370405077934265,4.723874
AEGEAN,2025-08-12 08:39:22,1,4.8,0.9308573603630066,4.7227774
AEGEAN,2025-08-12 09:26:02,1,4.8,0.9306753873825073,4.7231927
AEGEAN,2025-08-12 10:30:48,1,4.8,0.9130852222442627,4.724989
AEGEAN,2025-08-12 10:59:13,1,4.8,0.9359068274497986,4.7242246
AEGEAN,2025-08-12 11:59:26,1,4.8,0.9455105066299438,4.7260246
AEGEAN,2025-08-12 12:29:01,1,4.8,0.944047749042511,4.7231236
AEGEAN,2025-08-12 13:19:16,1,4.8,0.9442322850227356,4.720107
AEGEAN,2025-08-12 14:17:32,1,4.8,0.9442898035049438,4.719316
AEGEAN,2025-08-12 14:49:59,1,4.8,0.9410396218299866,4.7162147
AEGEAN,2025-08-12 15:48:41,1,4.8,0.9352016448974609,4.714647
AEGEAN,2025-08-12 16:42:57,1,4.8,0.926678478717804,4.716615
AEGEAN,2025-08-12 17:49:36,1,4.8,0.9315671920776367,4.717604
AEGEAN,2025-08-12 19:11:11,1,4.8,0.95828777551651,4.739776
AEGEAN,2025-08-12 20:13:17,1,4.8,0.9551388025283813,4.7446537
AEGEAN,2025-08-12 21:17:29,1,4.8,0.9531339406967163,4.747404
AEGEAN,2025-08-12 22:28:32,1,4.8,0.9524008631706238,4.753151
AEGEAN,2025-08-12 23:50:34,1,4.8,0.9433459639549255,4.7570753
AEGEAN,2025-08-13 01:24:52,1,4.8,0.9272362589836121,4.759706
AEGEAN,2025-08-13 03:32:17,1,4.8,0.8906934857368469,4.7641096
AEGEAN,2025-08-13 04:42:28,1,4.8,0.8817868232727051,4.7639666
EAFZ,2025-08-13 06:08:19,0,,0.3684276342391968,4.872827
AEGEAN,2025-08-13 06:32:06,1,4.8,0.861569881439209,4.7645903
AEGEAN,2025-08-13 08:46:55,1,4.8,0.8433681130409241,4.7678695
AEGEAN,2025-08-13 11:21:08,1,4.8,0.8390984535217285,4.7705708
AEGEAN,2025-08-13 12:44:14,1,4.8,0.872721254825592,4.74178
AEGEAN,2025-08-13 14:36:51,1,4.8,0.8698062300682068,4.743068
AEGEAN,2025-08-13 15:52:44,1,4.8,0.8810397982597351,4.74065
AEGEAN,2025-08-13 16:53:35,1,4.8,0.8886101841926575,4.7377415
AEGEAN,2025-08-13 17:41:48,1,4.8,0.9336212873458862,4.7742615
AEGEAN,2025-08-13 20:01:15,1,4.8,0.9227715730667114,4.779291
AEGEAN,2025-08-13 21:21:21,1,4.8,0.9226378798484802,4.7770324
AEGEAN,2025-08-13 22:38:40,1,4.8,0.9181619882583618,4.7723274
AEGEAN,2025-08-13 23:50:29,1,4.8,0.9144861698150635,4.773693
AEGEAN,2025-08-14 01:09:32,1,4.8,0.9089004993438721,4.7721214
AEGEAN,2025-08-14 02:30:43,1,4.8,0.8937839865684509,4.7720675
AEGEAN,2025-08-14 04:33:27,1,4.8,0.8764150142669678,4.775702
AEGEAN,2025-08-14 05:22:18,1,4.8,0.8898453116416931,4.7607813
AEGEAN,2025-08-14 06:23:31,1,4.8,0.9155508279800415,4.7327113
EAFZ,2025-08-14 07:51:22,0,,0.39355742931365967,4.8808956
AEGEAN,2025-08-14 08:43:35,1,4.8,0.9084568619728088,4.7326255
AEGEAN,2025-08-14 10:09:21,1,4.8,0.906963586807251,4.732009
AEGEAN,2025-08-14 12:30:32,1,4.8,0.9193992614746094,4.7219787
AEGEAN,2025-08-14 14:14:51,1,4.8,0.9163623452186584,4.7233033
AEGEAN,2025-08-14 15:30:49,1,4.8,0.941368579864502,4.7648535
AEGEAN,2025-08-14 17:32:33,1,4.8,0.9251552224159241,4.764586
AEGEAN,2025-08-14 20:31:41,1,4.8,0.9056623578071594,4.7705803
AEGEAN,2025-08-14 21:30:30,1,4.8,0.8685192465782166,4.7709436
EAFZ,2025-08-14 23:05:42,0,,0.40643468499183655,4.8785796
AEGEAN,2025-08-14 23:26:14,1,4.8,0.8694804310798645,4.769876
AEGEAN,2025-08-15 01:02:50,1,4.8,0.8415209054946899,4.7701683
AEGEAN,2025-08-15 03:00:11,1,4.8,0.8377372026443481,4.7679334
AEGEAN,2025-08-15 04:34:02,1,4.8,0.8166001439094543,4.767205
AEGEAN,2025-08-15 07:27:04,1,4.8,0.8130934834480286,4.757297
AEGEAN,2025-08-15 09:05:14,1,4.8,0.8463384509086609,4.759709
AEGEAN,2025-08-15 11:04:50,1,4.8,0.9244980812072754,4.782865
AEGEAN,2025-08-15 12:25:34,1,4.8,0.921204686164856,4.782344
AEGEAN,2025-08-15 14:59:33,1,4.8,0.9035040736198425,4.7844467
AEGEAN,2025-08-15 16:55:48,1,4.8,0.902297854423523,4.785841
AEGEAN,2025-08-15 20:24:33,1,4.8,0.8735031485557556,4.788693
AEGEAN,2025-08-15 22:20:45,1,4.8,0.8510840535163879,4.7903666
AEGEAN,2025-08-16 00:59:32,1,4.8,0.8279145956039429,4.7905245
AEGEAN,2025-08-16 03:54:39,1,4.8,0.8158261179924011,4.792988
AEGEAN,2025-08-16 07:35:57,1,4.8,0.8265722990036011,4.7582626
AEGEAN,2025-08-16 09:52:09,1,4.8,0.8615001440048218,4.7804217
EAFZ,2025-08-16 12:02:07,0,,0.39363381266593933,4.880486
AEGEAN,2025-08-16 12:08:25,1,4.8,0.8492152094841003,4.7830086
AEGEAN,2025-08-16 14:24:06,1,4.8,0.8444275856018066,4.7825646
AEGEAN,2025-08-16 17:02:37,1,4.8,0.8512903451919556,4.781627
AEGEAN,2025-08-16 19:14:02,1,4.8,0.832629919052124,4.781427
AEGEAN,2025-08-16 22:20:20,1,4.8,0.8301321864128113,4.7827806
AEGEAN,2025-08-17 00:10:37,1,4.8,0.8595282435417175,4.7813845
CENTRAL,2025-08-17 01:02:46,0,,0.316852867603302,4.9063315
AEGEAN,2025-08-17 02:31:37,1,4.8,0.8064082860946655,4.7781806
AEGEAN,2025-08-17 05:09:55,1,4.8,0.8176928758621216,4.7599444
AEGEAN,2025-08-17 07:19:38,1,4.8,0.8140682578086853,4.760043
EAFZ,2025-08-17 07:50:50,0,,0.4072287976741791,4.8758163
AEGEAN,2025-08-17 11:04:31,1,4.8,0.7940930724143982,4.762289
AEGEAN,2025-08-17 13:23:20,1,4.8,0.8397376537322998,4.7626476
NAFZ,2025-08-17 14:14:40,0,,0.24590948224067688,4.881843
AEGEAN,2025-08-17 17:43:21,1,4.8,0.8176518678665161,4.765677
AEGEAN,2025-08-17 21:11:11,1,4.8,0.8330713510513306,4.7671523
AEGEAN,2025-08-18 00:14:05,1,4.8,0.874269962310791,4.7733884
AEGEAN,2025-08-18 02:21:01,1,4.8,0.884290874004364,4.773259
AEGEAN,2025-08-18 04:15:43,1,4.8,0.8768524527549744,4.781595
EAFZ,2025-08-18 07:08:27,0,,0.42261871695518494,4.873224
AEGEAN,2025-08-18 08:26:12,1,4.8,0.8231508731842041,4.7836776
AEGEAN,2025-08-18 09:21:48,1,4.8,0.8948280215263367,4.7934804
AEGEAN,2025-08-18 09:54:19,1,4.8,0.9100180268287659,4.7913404
AEGEAN,2025-08-18 11:12:12,1,4.8,0.9217082858085632,4.784865
AEGEAN,2025-08-18 12:47:40,1,4.8,0.903852105140686,4.7814617
AEGEAN,2025-08-18 14:28:04,1,4.8,0.8899922966957092,4.776146
AEGEAN,2025-08-18 16:56:09,1,4.8,0.8851633667945862,4.7787757
EAFZ,2025-08-18 17:29:35,0,,0.3449181318283081,4.8718877
AEGEAN,2025-08-18 20:00:37,1,4.8,0.8751831650733948,4.7791066
AEGEAN,2025-08-18 22:29:11,1,4.8,0.8726178407669067,4.7774563
AEGEAN,2025-08-19 00:18:55,1,4.8,0.9077871441841125,4.7615952
AEGEAN,2025-08-19 02:19:02,1,4.8,0.9072607159614563,4.764909
AEGEAN,2025-08-19 04:07:50,1,4.8,0.9006119966506958,4.7659364
AEGEAN,2025-08-19 07:59:30,1,4.8,0.8859896063804626,4.769522
AEGEAN,2025-08-19 11:32:42,1,4.8,0.8849512934684753,4.778115
AEGEAN,2025-08-19 13:18:06,1,4.8,0.9004440307617188,4.776956
AEGEAN,2025-08-19 16:15:21,1,4.8,0.8914610147476196,4.7760186
AEGEAN,2025-08-19 18:19:24,1,4.8,0.8693854212760925,4.7757034
AEGEAN,2025-08-19 21:00:53,1,4.8,0.8816605806350708,4.777639
AEGEAN,2025-08-19 22:20:20,1,4.8,0.8939498066902161,4.79454
AEGEAN,2025-08-20 00:29:16,1,4.8,0.8811367750167847,4.7950478
AEGEAN,2025-08-20 03:27:17,1,4.8,0.8756651878356934,4.791224
AEGEAN,2025-08-20 08:19:13,1,4.8,0.8482362627983093,4.795738
AEGEAN,2025-08-20 09:35:03,1,4.8,0.8186872005462646,4.7943473
AEGEAN,2025-08-20 12:25:40,1,4.8,0.8386485576629639,4.7940664
AEGEAN,2025-08-20 17:09:18,1,4.8,0.7873644828796387,4.7983975
AEGEAN,2025-08-21 01:42:27,1,4.8,0.7763646841049194,4.8055573
AEGEAN,2025-08-21 03:54:59,1,4.8,0.7793689966201782,4.787264
AEGEAN,2025-08-21 05:07:31,1,4.8,0.7347010374069214,4.7862306
AEGEAN,2025-08-21 06:24:10,1,4.8,0.7675489187240601,4.7839932
AEGEAN,2025-08-21 08:59:30,1,4.8,0.7737215161323547,4.7819057
EAFZ,2025-08-21 11:23:03,0,,0.38796466588974,4.872183
AEGEAN,2025-08-21 12:31:46,1,4.8,0.7254348993301392,4.786596
NAFZ,2025-08-21 17:56:10,0,,0.2754540741443634,4.907247
AEGEAN,2025-08-21 19:10:29,1,4.8,0.6888679265975952,4.7909107
AEGEAN,2025-08-21 21:13:53,1,4.8,0.6943163275718689,4.78621
AEGEAN,2025-08-22 03:07:34,1,4.8,0.6735858917236328,4.7841873
EAFZ,2025-08-22 06:05:56,0,,0.4168432950973511,4.868648
AEGEAN,2025-08-22 07:34:25,1,4.8,0.6145573258399963,4.762732
AEGEAN,2025-08-22 13:10:37,1,4.8,0.6923039555549622,4.810456
AEGEAN,2025-08-22 14:48:23,1,4.8,0.6759995222091675,4.809836
AEGEAN,2025-08-22 17:36:15,1,4.8,0.7709987163543701,4.8089232
AEGEAN,2025-08-22 21:10:43,1,4.8,0.8124887943267822,4.8099766
AEGEAN,2025-08-23 00:25:41,1,4.8,0.7603428363800049,4.8058095
AEGEAN,2025-08-23 02:50:09,1,4.8,0.789276123046875,4.8048854
AEGEAN,2025-08-23 07:43:04,1,4.8,0.7537550926208496,4.806237
AEGEAN,2025-08-23 10:00:01,1,4.8,0.781207263469696,4.8035407
AEGEAN,2025-08-23 11:40:33,1,4.8,0.8732873797416687,4.789721
AEGEAN,2025-08-23 12:47:12,1,4.8,0.875710129737854,4.78903
AEGEAN,2025-08-23 12:59:33,1,4.8,0.910750150680542,4.784594
AEGEAN,2025-08-23 13:57:08,1,4.8,0.929839551448822,4.777341
EAFZ,2025-08-23 16:51:57,0,,0.4060267210006714,4.8619466
AEGEAN,2025-08-23 17:19:28,1,4.8,0.925934910774231,4.778261
AEGEAN,2025-08-23 18:53:38,1,4.8,0.919594407081604,4.7754545
AEGEAN,2025-08-23 22:41:06,1,4.8,0.9061817526817322,4.774334
AEGEAN,2025-08-24 00:14:33,1,4.8,0.9019774794578552,4.7725697
AEGEAN,2025-08-24 03:56:23,1,4.8,0.8759253025054932,4.7684565
AEGEAN,2025-08-24 05:54:58,1,4.8,0.8497768640518188,4.7706294
AEGEAN,2025-08-24 08:03:19,1,4.8,0.8029778003692627,4.7749367
AEGEAN,2025-08-24 14:37:16,1,4.8,0.819717288017273,4.7835693
AEGEAN,2025-08-24 18:57:31,1,4.8,0.8095881342887878,4.780161
AEGEAN,2025-08-24 19:14:11,1,4.9,0.8698241114616394,4.825089
AEGEAN,2025-08-24 19:27:45,1,4.9,0.9061208963394165,4.819342
AEGEAN,2025-08-24 20:50:37,1,4.9,0.9196212887763977,4.818166
AEGEAN,2025-08-24 22:46:48,1,4.9,0.923848569393158,4.8156223
AEGEAN,2025-08-25 00:15:23,1,4.9,0.922179102897644,4.8151107
AEGEAN,2025-08-25 02:40:11,1,4.9,0.9256417751312256,4.8148346
AEGEAN,2025-08-25 05:16:55,1,4.9,0.9145546555519104,4.806751
CENTRAL,2025-08-25 06:57:53,0,,0.2946435809135437,4.9076457
AEGEAN,2025-08-25 08:03:39,1,4.9,0.9060730338096619,4.80325
AEGEAN,2025-08-25 12:23:55,1,4.9,0.8810399770736694,4.7657523
EAFZ,2025-08-25 16:50:31,0,,0.41090160608291626,4.8715806
AEGEAN,2025-08-25 18:00:04,1,4.9,0.8220933675765991,4.765006
AEGEAN,2025-08-26 01:17:11,1,4.9,0.8561353087425232,4.788858
AEGEAN,2025-08-26 07:01:09,1,4.9,0.82757967710495,4.792863
AEGEAN,2025-08-26 10:51:25,1,4.9,0.770982027053833,4.795448
AEGEAN,2025-08-26 17:06:01,1,4.9,0.7384524345397949,4.7981634
EAFZ,2025-08-26 20:30:44,0,,0.3965032398700714,4.870605
AEGEAN,2025-08-26 20:31:32,1,4.9,0.7237012386322021,4.7983413
AEGEAN,2025-08-26 22:08:20,1,4.9,0.7444453835487366,4.797264
AEGEAN,2025-08-27 02:09:03,1,4.9,0.711885392665863,4.79656
AEGEAN,2025-08-27 04:16:25,1,4.9,0.8145555853843689,4.818124
NAFZ,2025-08-27 09:26:03,0,,0.299795925617218,4.908143
AEGEAN,2025-08-27 09:45:36,1,4.9,0.7835966348648071,4.8150887
AEGEAN,2025-08-27 11:07:26,1,4.9,0.840002179145813,4.807728
AEGEAN,2025-08-27 13:06:05,1,4.9,0.8626078963279724,4.8083673
AEGEAN,2025-08-27 16:42:29,1,4.9,0.867292582988739,4.803822
AEGEAN,2025-08-28 00:07:32,1,4.9,0.8164280652999878,4.810728
EAFZ,2025-08-28 03:17:12,0,,0.38632825016975403,4.871748
AEGEAN,2025-08-28 12:31:58,1,4.9,0.7649086713790894,4.822037
AEGEAN,2025-08-28 17:30:45,1,4.9,0.7750676870346069,4.8228145
AEGEAN,2025-08-28 21:32:50,1,4.9,0.7918881177902222,4.81347
EAFZ,2025-08-29 01:57:49,0,,0.3935238718986511,4.8720026
AEGEAN,2025-08-29 02:31:01,1,4.9,0.7710505127906799,4.7974815
AEGEAN,2025-08-29 13:30:06,1,4.9,0.723564863204956,4.8052177
AEGEAN,2025-08-29 16:10:27,1,4.9,0.669571042060852,4.8014727
AEGEAN,2025-08-29 21:11:44,1,4.9,0.6726902723312378,4.8053994
AEGEAN,2025-08-30 00:32:11,1,4.9,0.6346194744110107,4.8037057
AEGEAN,2025-08-30 08:05:22,1,4.9,0.6775457859039307,4.8012414
AEGEAN,2025-08-30 14:04:54,1,4.9,0.7501652836799622,4.797613
CENTRAL,2025-08-31 01:34:04,0,,0.28190991282463074,4.906709
AEGEAN,2025-08-31 01:44:11,1,4.9,0.7042880058288574,4.803145
AEGEAN,2025-08-31 06:29:17,1,4.9,0.6956387162208557,4.804534
AEGEAN,2025-08-31 14:04:39,1,4.9,0.7343187928199768,4.8031464
AEGEAN,2025-08-31 17:58:03,1,4.9,0.7412025928497314,4.803958
EAFZ,2025-08-31 22:28:19,0,,0.3717992305755615,4.879015
AEGEAN,2025-09-01 02:51:03,1,4.9,0.7420015335083008,4.8068953
AEGEAN,2025-09-01 06:06:23,1,4.9,0.7348537445068359,4.8061357
AEGEAN,2025-09-01 14:02:29,1,4.9,0.7089701294898987,4.806477
AEGEAN,2025-09-01 19:49:00,1,4.9,0.6697427034378052,4.806716
AEGEAN,2025-09-01 20:46:16,1,4.9,0.7817502021789551,4.8076124
AEGEAN,2025-09-02 03:48:50,1,4.9,0.7616322636604309,4.809783
AEGEAN,2025-09-02 10:00:05,1,4.9,0.7704617977142334,4.808675
AEGEAN,2025-09-02 20:15:16,1,4.9,0.7412815093994141,4.8138633
AEGEAN,2025-09-03 07:55:50,1,4.9,0.7369679808616638,4.814765
AEGEAN,2025-09-03 19:33:22,1,4.9,0.7276026010513306,4.8206406
AEGEAN,2025-09-04 02:48:46,1,4.9,0.7351096868515015,4.819718
AEGEAN,2025-09-04 06:24:11,1,4.9,0.7378106713294983,4.8194003
AEGEAN,2025-09-04 14:35:13,1,4.9,0.6711159944534302,4.8083754
AEGEAN,2025-09-04 22:18:50,1,4.9,0.663787841796875,4.8086057
AEGEAN,2025-09-05 03:57:00,1,4.9,0.6556522846221924,4.808059
NAFZ,2025-09-05 04:03:21,1,5.0,0.2974143922328949,4.91527
EAFZ,2025-09-05 10:15:56,0,,0.34726035594940186,4.883195
AEGEAN,2025-09-05 14:54:59,1,4.9,0.7493661046028137,4.826108
AEGEAN,2025-09-05 19:34:38,1,4.9,0.7152276039123535,4.824049
AEGEAN,2025-09-06 11:45:40,1,4.9,0.6877598166465759,4.825878
AEGEAN,2025-09-06 18:14:46,1,4.9,0.6791596412658691,4.8261123
AEGEAN,2025-09-07 07:06:32,1,4.9,0.6145792007446289,4.8295135
AEGEAN,2025-09-07 10:23:14,1,4.5,0.7665217518806458,4.866023
EAFZ,2025-09-07 13:04:53,0,,0.31945332884788513,4.8858585
AEGEAN,2025-09-07 13:55:11,1,4.5,0.7755982279777527,4.8636312
AEGEAN,2025-09-07 19:27:57,1,4.5,0.722689151763916,4.86393
AEGEAN,2025-09-07 21:37:45,1,4.9,0.7756048440933228,4.858363
AEGEAN,2025-09-08 01:28:15,1,4.9,0.7461346983909607,4.8579335
AEGEAN,2025-09-08 07:47:22,1,4.9,0.7334668636322021,4.848618
EAFZ,2025-09-08 11:15:16,0,,0.31889471411705017,4.884728
AEGEAN,2025-09-08 13:09:12,1,4.9,0.6774152517318726,4.849712
CENTRAL,2025-09-08 16:59:30,0,,0.27229809761047363,4.908447
AEGEAN,2025-09-08 17:23:10,1,4.9,0.7230415344238281,4.839427
AEGEAN,2025-09-08 23:59:36,1,4.9,0.6527407765388489,4.8259587
AEGEAN,2025-09-09 04:28:28,1,4.9,0.6140711307525635,4.8267345
NAFZ,2025-09-09 10:31:36,1,5.0,0.35742369294166565,4.9163604
EAFZ,2025-09-09 11:38:23,0,,0.323483943939209,4.8734016
AEGEAN,2025-09-09 14:50:43,1,4.9,0.5964918732643127,4.8311157
AEGEAN,2025-09-09 17:39:13,1,4.9,0.6375014781951904,4.789805
AEGEAN,2025-09-10 01:33:18,1,4.9,0.6613730192184448,4.792725
NAFZ,2025-09-10 02:46:23,1,5.0,0.3891020715236664,4.9142504
AEGEAN,2025-09-10 08:59:07,1,4.9,0.6258317828178406,4.793124
EAFZ,2025-09-10 13:41:57,0,,0.3283205032348633,4.872147
AEGEAN,2025-09-10 19:20:04,1,4.9,0.5998057126998901,4.7960453
AEGEAN,2025-09-11 10:01:56,1,4.9,0.5334221720695496,4.7897625
AEGEAN,2025-09-11 16:13:18,1,4.9,0.5418773293495178,4.791292
AEGEAN,2025-09-12 00:35:41,1,4.9,0.5678457617759705,4.792002
EAFZ,2025-09-12 05:27:14,0,,0.33005571365356445,4.872419
NAFZ,2025-09-12 06:32:24,1,5.0,0.39056724309921265,4.920018
AEGEAN,2025-09-12 13:00:18,1,4.9,0.564265787601471,4.783031
AEGEAN,2025-09-12 19:39:41,1,4.9,0.5739494562149048,4.7844286
AEGEAN,2025-09-13 06:30:25,1,4.9,0.5856121182441711,4.7867174
EAFZ,2025-09-13 06:59:56,0,,0.3248676657676697,4.864297
AEGEAN,2025-09-13 12:17:35,1,4.9,0.5741412043571472,4.786406
AEGEAN,2025-09-13 17:25:13,1,4.9,0.667569637298584,4.803018
EAFZ,2025-09-14 10:19:14,0,,0.33131179213523865,4.860275
AEGEAN,2025-09-14 11:03:45,1,4.9,0.6338943839073181,4.805412
AEGEAN,2025-09-14 20:25:22,1,4.9,0.49914881587028503,4.8044167
AEGEAN,2025-09-15 09:10:48,1,4.9,0.5729482769966125,4.8065886
NAFZ,2025-09-15 13:06:39,1,5.0,0.39824995398521423,4.9188523
AEGEAN,2025-09-15 23:20:44,1,4.9,0.5848878622055054,4.8106003
EAFZ,2025-09-16 02:47:44,0,,0.41068148612976074,4.861267
AEGEAN,2025-09-16 19:58:47,1,4.9,0.4464271068572998,4.817073
AEGEAN,2025-09-17 05:31:49,1,4.9,0.4834057092666626,4.816088
AEGEAN,2025-09-17 19:05:48,1,4.9,0.4503048360347748,4.820033
AEGEAN,2025-09-17 20:25:47,1,4.9,0.5427760481834412,4.8122754
AEGEAN,2025-09-18 03:29:42,1,4.9,0.5610583424568176,4.8091874
AEGEAN,2025-09-18 20:42:39,1,4.9,0.52961266040802,4.813052
CENTRAL,2025-09-18 20:42:39,0,,0.27178633213043213,4.9093637
EAFZ,2025-09-18 21:15:31,0,,0.39168742299079895,4.8643517
NAFZ,2025-09-19 09:16:53,1,5.0,0.32591795921325684,4.9123826
AEGEAN,2025-09-19 09:16:53,1,4.9,0.4938320219516754,4.8125844
AEGEAN,2025-09-19 17:54:02,1,4.9,0.5183642506599426,4.8083134
AEGEAN,2025-09-20 08:45:47,1,4.9,0.4698251485824585,4.804339
EAFZ,2025-09-20 16:57:58,0,,0.3806270658969879,4.8661623
AEGEAN,2025-09-20 17:47:56,1,4.9,0.47974005341529846,4.8037734
AEGEAN,2025-09-21 00:37:45,1,4.9,0.555780291557312,4.834507
NAFZ,2025-09-21 10:21:01,1,5.0,0.2535807490348816,4.907421
AEGEAN,2025-09-21 10:21:01,1,4.9,0.5104361772537231,4.834073
EAFZ,2025-09-21 17:53:22,0,,0.395668089389801,4.8656893
AEGEAN,2025-09-21 21:11:17,1,4.5,0.6216467618942261,4.8735003
AEGEAN,2025-09-21 21:25:08,1,4.5,0.7256976962089539,4.8674364
AEGEAN,2025-09-21 21:50:20,1,4.5,0.801776111125946,4.8611364
AEGEAN,2025-09-21 22:24:35,1,4.5,0.8333531022071838,4.8560443
AEGEAN,2025-09-21 23:12:30,1,4.5,0.8684966564178467,4.846036
AEGEAN,2025-09-22 00:59:26,1,4.5,0.8890748620033264,4.837706
AEGEAN,2025-09-22 03:05:57,1,4.5,0.8640152215957642,4.8306937
AEGEAN,2025-09-22 06:41:06,1,4.5,0.8780256509780884,4.8228126
AEGEAN,2025-09-22 09:17:29,1,4.5,0.9333917498588562,4.7862544
AEGEAN,2025-09-22 13:30:24,1,4.5,0.9103041887283325,4.7963743
AEGEAN,2025-09-22 17:38:56,1,4.5,0.8807629346847534,4.8038535
AEGEAN,2025-09-22 23:12:07,1,4.5,0.8424805998802185,4.8116374
AEGEAN,2025-09-23 03:33:16,1,4.5,0.8093645572662354,4.8160353
AEGEAN,2025-09-23 08:07:17,1,4.5,0.7718849182128906,4.8197994
AEGEAN,2025-09-23 19:33:37,1,4.5,0.6265630125999451,4.829096
EAFZ,2025-09-23 21:58:20,0,,0.38788488507270813,4.8677425
AEGEAN,2025-09-23 23:03:16,1,5.4,0.7618443965911865,4.829158
AEGEAN,2025-09-24 05:18:40,1,5.4,0.7965304851531982,4.831196
AEGEAN,2025-09-24 14:28:00,1,5.4,0.7249377965927124,4.8344455
AEGEAN,2025-09-24 17:13:12,1,5.4,0.6566576957702637,4.8322744
AEGEAN,2025-09-24 21:41:57,1,5.4,0.6868625283241272,4.8316007
EAFZ,2025-09-25 02:29:39,0,,0.37771087884902954,4.867377
NAFZ,2025-09-25 09:11:25,1,5.0,0.33496153354644775,4.9185085
CENTRAL,2025-09-25 14:17:17,1,4.5,0.24569490551948547,4.8965883
AEGEAN,2025-09-25 15:39:47,1,5.4,0.6590122580528259,4.840065
AEGEAN,2025-09-26 09:43:19,1,5.4,0.603161633014679,4.848354
EAFZ,2025-09-26 12:05:57,0,,0.3907736539840698,4.8718543
AEGEAN,2025-09-26 16:03:26,1,5.4,0.5850374698638916,4.8452473
AEGEAN,2025-09-27 02:55:38,1,5.4,0.5837315917015076,4.7986727
EAFZ,2025-09-27 20:08:35,0,,0.3861195147037506,4.872344
NAFZ,2025-09-27 21:19:02,1,5.0,0.35485395789146423,4.912859
AEGEAN,2025-09-28 01:17:27,1,5.4,0.5145921111106873,4.8063555
AEGEAN,2025-09-28 08:34:05,1,5.4,0.5674542188644409,4.8251395
AEGEAN,2025-09-28 10:14:15,1,4.5,0.6824338436126709,4.898147
AEGEAN,2025-09-28 10:37:25,1,4.5,0.7743395566940308,4.89501
AEGEAN,2025-09-28 11:08:34,1,4.5,0.8187658190727234,4.8866
AEGEAN,2025-09-28 12:09:49,1,4.5,0.8187540173530579,4.8766255
AEGEAN,2025-09-28 14:31:54,1,4.5,0.8236746191978455,4.8739605
AEGEAN,2025-09-28 16:39:06,1,4.5,0.8540908694267273,4.858352
AEGEAN,2025-09-28 18:21:10,1,4.5,0.8864217400550842,4.836932
AEGEAN,2025-09-28 22:59:42,1,4.9,0.8767969012260437,4.8314977
AEGEAN,2025-09-29 00:34:53,1,4.9,0.9080201387405396,4.792254
AEGEAN,2025-09-29 03:25:03,1,4.9,0.8895640969276428,4.798173
AEGEAN,2025-09-29 06:19:49,1,4.9,0.8693663477897644,4.8025227
AEGEAN,2025-09-29 09:57:00,1,4.9,0.8426693081855774,4.8068166
AEGEAN,2025-09-29 16:20:28,1,4.9,0.7999717593193054,4.8129454
AEGEAN,2025-09-29 22:25:10,1,4.9,0.749869167804718,4.8176007
AEGEAN,2025-09-30 00:45:26,1,4.9,0.739726185798645,4.8177185
AEGEAN,2025-09-30 04:08:58,1,4.9,0.7545344829559326,4.7543597
AEGEAN,2025-09-30 07:42:38,1,4.9,0.7456420660018921,4.7573133
AEGEAN,2025-09-30 16:04:09,1,4.9,0.7194855809211731,4.7824454
EAFZ,2025-09-30 21:22:30,0,,0.4070781171321869,4.8759465
AEGEAN,2025-09-30 23:39:18,1,4.9,0.6465339064598083,4.7867084
AEGEAN,2025-10-01 05:48:50,1,4.9,0.5989688038825989,4.7885394
AEGEAN,2025-10-01 09:37:35,1,4.9,0.6183087825775146,4.7868433
AEGEAN,2025-10-01 16:27:29,1,4.9,0.6052243709564209,4.787868
AEGEAN,2025-10-01 23:38:37,1,4.9,0.5401613116264343,4.7906547
AEGEAN,2025-10-02 06:05:13,1,4.9,0.5387483835220337,4.792756
NAFZ,2025-10-02 11:12:37,1,5.0,0.2759815752506256,4.9160028
NAFZ,2025-10-02 12:17:06,0,,0.3329145014286041,4.943137
EAFZ,2025-10-02 13:21:55,0,,0.3075803220272064,4.87171
NAFZ,2025-10-02 15:59:14,0,,0.39536142349243164,4.940174
AEGEAN,2025-10-02 23:22:04,1,4.9,0.4900739789009094,4.799905
AEGEAN,2025-10-03 05:04:20,1,4.9,0.5449473857879639,4.788632
NAFZ,2025-10-03 14:57:55,0,,0.40587860345840454,4.9360933
EAFZ,2025-10-03 15:33:26,0,,0.33478033542633057,4.868846
AEGEAN,2025-10-04 03:49:17,1,4.9,0.5889831781387329,4.8303294
AEGEAN,2025-10-04 11:28:59,1,4.9,0.5715044736862183,4.830229
AEGEAN,2025-10-04 18:17:07,1,4.9,0.5761536955833435,4.831005
NAFZ,2025-10-04 18:59:33,0,,0.41131240129470825,4.9305153
AEGEAN,2025-10-04 22:33:48,1,4.9,0.6196786761283875,4.8308244
EAFZ,2025-10-05 05:10:15,0,,0.3900514245033264,4.8694406
AEGEAN,2025-10-05 09:19:21,1,4.9,0.5641080141067505,4.833484
AEGEAN,2025-10-05 19:05:42,1,4.9,0.5486182570457458,4.8330226
AEGEAN,2025-10-06 02:06:05,1,4.9,0.5596890449523926,4.831817
AEGEAN,2025-10-06 08:32:35,1,4.9,0.5315279364585876,4.8310866
EAFZ,2025-10-06 09:59:14,0,,0.3999697268009186,4.870708
AEGEAN,2025-10-06 17:39:01,1,4.9,0.5849844217300415,4.805838
NAFZ,2025-10-07 03:13:47,0,,0.3975129723548889,4.9275575
EAFZ,2025-10-07 08:48:45,0,,0.3816061317920685,4.869828
AEGEAN,2025-10-07 15:40:58,1,4.9,0.5274865031242371,4.8119836
AEGEAN,2025-10-08 02:58:08,1,4.9,0.5165740251541138,4.814056
AEGEAN,2025-10-08 07:29:23,1,4.9,0.545137882232666,4.804622
AEGEAN,2025-10-09 00:07:35,1,4.5,0.641299307346344,4.873869
AEGEAN,2025-10-09 03:21:01,1,4.5,0.6368396282196045,4.8706255
AEGEAN,2025-10-09 07:29:52,1,4.5,0.6341068148612976,4.868681
AEGEAN,2025-10-09 13:05:06,1,4.5,0.6207433938980103,4.8687043
EAFZ,2025-10-09 20:24:17,0,,0.45566943287849426,4.8742456
NAFZ,2025-10-10 00:25:59,0,,0.396676629781723,4.9287105
AEGEAN,2025-10-10 00:25:59,1,4.5,0.6135058403015137,4.870514
AEGEAN,2025-10-10 04:47:42,1,4.5,0.6184583306312561,4.861479
AEGEAN,2025-10-10 19:06:21,1,4.5,0.6096736788749695,4.8631387
AEGEAN,2025-10-11 04:25:57,1,4.5,0.5821014642715454,4.864671
EAFZ,2025-10-11 16:48:22,0,,0.39820337295532227,4.873837
AEGEAN,2025-10-11 16:53:04,1,4.5,0.5608469247817993,4.7953773
CENTRAL,2025-10-12 03:40:58,1,4.5,0.2763259708881378,4.9402804
AEGEAN,2025-10-12 06:33:34,1,4.5,0.5794234275817871,4.829763
AEGEAN,2025-10-12 12:48:48,1,4.5,0.5230693817138672,4.829404
NAFZ,2025-10-12 18:26:45,0,,0.42135781049728394,4.9286685
AEGEAN,2025-10-13 00:24:34,1,4.5,0.4930919110774994,4.834712
AEGEAN,2025-10-13 18:41:08,1,4.5,0.48477983474731445,4.837065
EAFZ,2025-10-14 10:07:06,0,,0.3961150050163269,4.874799
AEGEAN,2025-10-14 15:34:13,1,4.5,0.447828084230423,4.843183
CENTRAL,2025-10-15 09:31:11,1,4.5,0.28573691844940186,4.938862
AEGEAN,2025-10-15 11:53:31,1,4.5,0.4421572983264923,4.8459487
EAFZ,2025-10-15 23:45:39,0,,0.3935498595237732,4.8750563
AEGEAN,2025-10-16 02:14:06,1,4.5,0.39687609672546387,4.8467655
AEGEAN,2025-10-16 15:47:50,1,4.5,0.5078153610229492,4.8466816
NAFZ,2025-10-17 04:56:40,0,,0.4005781412124634,4.9286957
AEGEAN,2025-10-17 17:23:05,1,4.5,0.3914509117603302,4.8452044
AEGEAN,2025-10-18 10:38:55,1,4.5,0.46289926767349243,4.848925
AEGEAN,2025-10-19 03:19:40,1,4.5,0.397268146276474,4.84958
EAFZ,2025-10-19 11:39:10,0,,0.3760388195514679,4.889922
AEGEAN,2025-10-20 03:29:37,1,4.5,0.43504223227500916,4.851227
EAFZ,2025-10-20 06:33:49,0,,0.36972054839134216,4.8882546
AEGEAN,2025-10-21 00:08:15,1,4.5,0.38380375504493713,4.8514752
NAFZ,2025-10-21 05:41:58,0,,0.32382577657699585,4.8885803
EAFZ,2025-10-21 06:14:24,0,,0.38841867446899414,4.8879404
AEGEAN,2025-10-22 00:43:30,1,4.5,0.40110722184181213,4.8220916
CENTRAL,2025-10-22 02:45:24,0,,0.26736775040626526,4.957802
EAFZ,2025-10-22 13:39:22,0,,0.38856959342956543,4.887723
AEGEAN,2025-10-22 17:43:38,1,6.1,0.43091949820518494,4.876697
EAFZ,2025-10-23 19:26:55,0,,0.35106247663497925,4.8855553
AEGEAN,2025-10-23 23:32:02,1,6.1,0.40397244691848755,4.879048
NAFZ,2025-10-24 03:07:20,0,,0.29630526900291443,4.873177
AEGEAN,2025-10-24 16:10:46,1,6.1,0.4128186106681824,4.8788385
EAFZ,2025-10-24 18:16:30,0,,0.4130544066429138,4.882224
AEGEAN,2025-10-25 04:10:15,1,6.1,0.4445224106311798,4.877182
AEGEAN,2025-10-26 04:35:20,1,6.1,0.432395875453949,4.8769937
EAFZ,2025-10-26 11:07:04,0,,0.3517003357410431,4.8802166
NAFZ,2025-10-26 16:44:51,0,,0.29404008388519287,4.881528
CENTRAL,2025-10-27 06:36:41,0,,0.30011606216430664,4.957199
AEGEAN,2025-10-27 11:36:13,1,6.1,0.44450220465660095,4.8749933
AEGEAN,2025-10-27 19:48:29,1,4.6,0.5783044695854187,4.9515047
AEGEAN,2025-10-27 20:02:07,1,4.6,0.7538995146751404,4.9468617
AEGEAN,2025-10-27 20:21:29,1,4.6,0.8347331881523132,4.9407897
AEGEAN,2025-10-27 20:28:36,1,4.6,0.8799927234649658,4.928732
AEGEAN,2025-10-27 20:49:14,1,4.6,0.9139444231987,4.9190855
AEGEAN,2025-10-27 20:58:12,1,4.6,0.9300472736358643,4.915877
AEGEAN,2025-10-27 21:12:12,1,4.6,0.9336264133453369,4.890984
AEGEAN,2025-10-27 21:40:08,1,4.6,0.9621110558509827,4.8277655
AEGEAN,2025-10-27 22:00:39,1,4.6,0.9574945569038391,4.703574
AEGEAN,2025-10-27 22:23:11,1,4.6,0.9549745321273804,4.7098646
AEGEAN,2025-10-27 22:40:48,1,4.6,0.9634708166122437,4.6981544
AEGEAN,2025-10-27 22:55:53,1,4.6,0.965259850025177,4.704351
AEGEAN,2025-10-27 23:19:28,1,4.6,0.9662916660308838,4.705962
AEGEAN,2025-10-27 23:30:13,1,4.6,0.9726435542106628,4.7249503
AEGEAN,2025-10-27 23:48:08,1,4.6,0.9733900427818298,4.7269154
AEGEAN,2025-10-28 00:04:32,1,4.6,0.9713147282600403,4.724101
AEGEAN,2025-10-28 00:41:09,1,4.6,0.9658309817314148,4.72783
AEGEAN,2025-10-28 01:03:05,1,4.6,0.9697710871696472,4.72725
AEGEAN,2025-10-28 01:21:00,1,4.6,0.9674349427223206,4.72666
AEGEAN,2025-10-28 01:46:58,1,4.6,0.9638407826423645,4.729982
AEGEAN,2025-10-28 02:12:55,1,4.6,0.9628040194511414,4.7304626
AEGEAN,2025-10-28 02:36:30,1,4.6,0.9615844488143921,4.727307
AEGEAN,2025-10-28 02:56:35,1,4.6,0.960206925868988,4.727731
AEGEAN,2025-10-28 03:19:11,1,4.6,0.9557338356971741,4.729157
AEGEAN,2025-10-28 03:50:45,1,4.6,0.9590413570404053,4.72922
AEGEAN,2025-10-28 04:18:59,1,4.6,0.9566104412078857,4.716426
EAFZ,2025-10-28 04:44:59,0,,0.37476226687431335,4.879279
AEGEAN,2025-10-28 04:47:43,1,4.6,0.9550768136978149,4.7184625
AEGEAN,2025-10-28 05:06:49,1,4.6,0.9581928849220276,4.717397
AEGEAN,2025-10-28 05:44:53,1,4.6,0.968940019607544,4.7280416
AEGEAN,2025-10-28 06:21:33,1,4.6,0.9664689302444458,4.7299023
AEGEAN,2025-10-28 06:49:41,1,4.6,0.9595851302146912,4.730823
AEGEAN,2025-10-28 07:19:00,1,4.8,0.9667525887489319,4.7516546
AEGEAN,2025-10-28 07:51:35,1,4.8,0.9623531103134155,4.751578
AEGEAN,2025-10-28 08:26:54,1,4.9,0.960407555103302,4.761245
AEGEAN,2025-10-28 09:11:40,1,4.9,0.9611387848854065,4.7641244
AEGEAN,2025-10-28 09:36:34,1,4.9,0.9566128849983215,4.764545
AEGEAN,2025-10-28 10:29:38,1,4.9,0.9526479244232178,4.76696
AEGEAN,2025-10-28 11:06:51,1,4.9,0.9487637877464294,4.767007
AEGEAN,2025-10-28 11:31:21,1,4.9,0.9431196451187134,4.7662835
AEGEAN,2025-10-28 12:02:40,1,4.9,0.9384989738464355,4.7667866
AEGEAN,2025-10-28 12:53:53,1,4.9,0.9382701516151428,4.768895
AEGEAN,2025-10-28 13:40:51,1,4.9,0.9488954544067383,4.733481
AEGEAN,2025-10-28 14:18:29,1,4.9,0.9434304237365723,4.732578
AEGEAN,2025-10-28 14:44:06,1,4.9,0.9460399150848389,4.7319517
AEGEAN,2025-10-28 15:26:25,1,4.9,0.9379028677940369,4.7316294
AEGEAN,2025-10-28 16:26:08,1,4.9,0.9336556792259216,4.7336907
AEGEAN,2025-10-28 17:07:30,1,4.9,0.9429931640625,4.736055
AEGEAN,2025-10-28 18:19:03,1,4.9,0.936798095703125,4.735107
AEGEAN,2025-10-28 19:16:21,1,4.9,0.9452908039093018,4.7351484
AEGEAN,2025-10-28 20:16:06,1,4.9,0.9424968957901001,4.7358317
AEGEAN,2025-10-28 21:19:36,1,4.9,0.9348288178443909,4.7391553
AEGEAN,2025-10-28 21:54:10,1,4.9,0.9281042218208313,4.7394357
AEGEAN,2025-10-28 23:18:09,1,4.9,0.9158204793930054,4.7427406
AEGEAN,2025-10-29 00:42:22,1,4.9,0.9131139516830444,4.744919
AEGEAN,2025-10-29 01:39:40,1,4.9,0.9197767972946167,4.741181
AEGEAN,2025-10-29 02:20:35,1,4.9,0.9211708307266235,4.7394867
AEGEAN,2025-10-29 03:03:17,1,4.9,0.9220317602157593,4.7382364
AEGEAN,2025-10-29 04:07:06,1,4.9,0.9160835146903992,4.7379084
AEGEAN,2025-10-29 05:24:01,1,4.9,0.9372653365135193,4.738915
AEGEAN,2025-10-29 06:32:50,1,4.9,0.9292888045310974,4.740349
AEGEAN,2025-10-29 07:44:46,1,4.9,0.9417711496353149,4.741667
AEGEAN,2025-10-29 08:41:14,1,4.9,0.9443936944007874,4.7407784
AEGEAN,2025-10-29 09:46:27,1,4.9,0.9304986596107483,4.7414994
AEGEAN,2025-10-29 11:04:00,1,4.9,0.9364628195762634,4.7457557
AEGEAN,2025-10-29 11:49:40,1,4.9,0.926345705986023,4.7467766
AEGEAN,2025-10-29 13:24:39,1,4.9,0.9127256870269775,4.7484503
AEGEAN,2025-10-29 13:56:04,1,4.9,0.9231573343276978,4.745844
AEGEAN,2025-10-29 15:10:59,1,4.9,0.9247219562530518,4.7465234
EAFZ,2025-10-29 16:09:49,0,,0.4088284969329834,4.8694463
AEGEAN,2025-10-29 16:42:41,1,4.9,0.9208786487579346,4.7386103
AEGEAN,2025-10-29 18:04:09,1,4.9,0.9199982285499573,4.737605
AEGEAN,2025-10-29 18:55:57,1,4.9,0.9085376262664795,4.73805
AEGEAN,2025-10-29 20:43:19,1,4.9,0.9123271107673645,4.7430344
AEGEAN,2025-10-29 21:28:23,1,4.9,0.9278871417045593,4.7400208
AEGEAN,2025-10-29 23:26:20,1,4.9,0.9242332577705383,4.7451067
AEGEAN,2025-10-30 01:52:49,1,4.9,0.8942539095878601,4.7499948
AEGEAN,2025-10-30 03:23:43,1,4.9,0.9028522372245789,4.749358
AEGEAN,2025-10-30 04:30:12,1,4.9,0.8934779167175293,4.749925
AEGEAN,2025-10-30 05:20:34,1,4.9,0.8858872652053833,4.749681
AEGEAN,2025-10-30 06:37:30,1,4.9,0.8960095643997192,4.750022
AEGEAN,2025-10-30 08:06:06,1,4.9,0.8895765542984009,4.741345
AEGEAN,2025-10-30 10:12:15,1,4.9,0.8552207350730896,4.743563
AEGEAN,2025-10-30 12:08:15,1,4.9,0.8810041546821594,4.737156
AEGEAN,2025-10-30 13:47:26,1,4.9,0.8949434161186218,4.733886
AEGEAN,2025-10-30 17:35:28,1,4.9,0.8847265243530273,4.739863
AEGEAN,2025-10-30 20:24:23,1,4.9,0.8574835658073425,4.7463694
AEGEAN,2025-10-30 23:20:56,1,4.9,0.895249605178833,4.7788568
AEGEAN,2025-10-31 02:54:27,1,4.9,0.8960712552070618,4.783737
AEGEAN,2025-10-31 04:18:50,1,4.9,0.911977231502533,4.7897563
AEGEAN,2025-10-31 06:08:23,1,4.9,0.9108939170837402,4.7897882
AEGEAN,2025-10-31 09:07:59,1,4.9,0.8873853087425232,4.79152
AEGEAN,2025-10-31 12:02:35,1,4.9,0.8606627583503723,4.793897
EAFZ,2025-10-31 13:41:10,0,,0.4223962128162384,4.8733196
AEGEAN,2025-10-31 14:28:09,1,4.9,0.8530743718147278,4.791399
AEGEAN,2025-10-31 18:16:35,1,4.9,0.8522331118583679,4.7930045
AEGEAN,2025-10-31 23:07:30,1,4.9,0.8322917819023132,4.7961574
AEGEAN,2025-11-01 01:37:48,1,4.9,0.8416305780410767,4.7941623
AEGEAN,2025-11-01 05:25:46,1,4.9,0.8748232126235962,4.7984724
AEGEAN,2025-11-01 07:12:12,1,4.9,0.8604602217674255,4.798558
AEGEAN,2025-11-01 09:15:12,1,4.9,0.8725093007087708,4.796874
AEGEAN,2025-11-01 11:20:56,1,4.9,0.8496950268745422,4.7954903
AEGEAN,2025-11-01 15:09:07,1,4.9,0.8291746973991394,4.7979035
EAFZ,2025-11-01 16:58:03,0,,0.3637600839138031,4.8734093
NAFZ,2025-11-01 18:56:37,0,,0.28546449542045593,4.887724
AEGEAN,2025-11-01 20:09:45,1,4.9,0.7902410626411438,4.798922
AEGEAN,2025-11-02 00:17:18,1,4.9,0.8018243908882141,4.797134
AEGEAN,2025-11-02 04:24:28,1,4.9,0.7439436912536621,4.798397
AEGEAN,2025-11-02 07:04:58,1,4.9,0.7862097024917603,4.762825
AEGEAN,2025-11-02 10:54:50,1,4.9,0.7743865847587585,4.7621913
AEGEAN,2025-11-02 12:45:33,1,4.9,0.8433542847633362,4.804932
AEGEAN,2025-11-02 14:29:09,1,4.9,0.8206430077552795,4.8047776
AEGEAN,2025-11-02 16:29:40,1,4.9,0.8227639198303223,4.802068
AEGEAN,2025-11-02 20:43:21,1,4.9,0.8185221552848816,4.802402
CENTRAL,2025-11-02 22:36:35,0,,0.27889537811279297,4.9571342
AEGEAN,2025-11-03 00:07:44,1,4.9,0.7948945760726929,4.8008437
AEGEAN,2025-11-03 04:28:31,1,4.9,0.7674627304077148,4.8001113
AEGEAN,2025-11-03 11:52:53,1,4.9,0.6942217946052551,4.807904
AEGEAN,2025-11-03 12:49:11,1,4.5,0.8712930083274841,4.831552
AEGEAN,2025-11-03 14:58:45,1,4.5,0.8680078983306885,4.832191
EAFZ,2025-11-03 19:17:10,0,,0.3904417157173157,4.8757753
AEGEAN,2025-11-03 19:41:04,1,4.5,0.830355167388916,4.8361096
AEGEAN,2025-11-03 23:08:34,1,4.5,0.8122539520263672,4.8379707
AEGEAN,2025-11-04 03:57:29,1,4.5,0.7949082851409912,4.8384814
AEGEAN,2025-11-04 09:32:16,1,4.5,0.8025567531585693,4.838743
AEGEAN,2025-11-04 14:34:50,1,4.5,0.7877656817436218,4.8397555
AEGEAN,2025-11-04 19:17:05,1,4.5,0.7850728034973145,4.8382816
NAFZ,2025-11-04 20:20:28,0,,0.29059523344039917,4.886415
AEGEAN,2025-11-05 00:04:43,1,4.5,0.7642377018928528,4.812642
AEGEAN,2025-11-05 06:12:23,1,4.5,0.7121046185493469,4.8164577
EAFZ,2025-11-05 13:17:15,0,,0.3514295518398285,4.877721
AEGEAN,2025-11-05 16:03:43,1,4.5,0.7014901041984558,4.82121
AEGEAN,2025-11-06 02:26:31,1,4.5,0.7189927101135254,4.7883825
AEGEAN,2025-11-06 10:52:58,1,4.5,0.6695424318313599,4.8070436
AEGEAN,2025-11-06 17:26:17,1,4.5,0.7477954030036926,4.8315334
AEGEAN,2025-11-06 20:55:03,1,4.5,0.7535838484764099,4.8305106
AEGEAN,2025-11-06 23:39:35,1,4.5,0.7778691649436951,4.8293004
AEGEAN,2025-11-07 04:32:22,1,4.5,0.7812143564224243,4.829015
AEGEAN,2025-11-07 09:13:10,1,4.5,0.7481174468994141,4.827796
AEGEAN,2025-11-07 10:58:38,1,4.5,0.7753469944000244,4.8217115
EAFZ,2025-11-07 12:55:24,0,,0.3493851125240326,4.880339
AEGEAN,2025-11-07 14:32:50,1,4.5,0.7814792990684509,4.814522
AEGEAN,2025-11-07 19:40:46,1,4.5,0.7033252716064453,4.8090215
AEGEAN,2025-11-08 00:24:12,1,4.5,0.718532145023346,4.803596
AEGEAN,2025-11-08 04:07:47,1,4.5,0.7241343855857849,4.805707
NAFZ,2025-11-08 06:38:51,0,,0.2821541726589203,4.8868513
AEGEAN,2025-11-08 09:22:28,1,4.5,0.6746423840522766,4.8074203
AEGEAN,2025-11-08 10:02:30,1,4.5,0.7717653512954712,4.780379
AEGEAN,2025-11-08 14:59:08,1,4.5,0.7759098410606384,4.7803464
AEGEAN,2025-11-08 20:49:53,1,4.5,0.7389846444129944,4.7858295
EAFZ,2025-11-09 06:20:11,0,,0.3218013048171997,4.880312
AEGEAN,2025-11-09 06:27:11,1,4.5,0.7011764049530029,4.791896
AEGEAN,2025-11-09 12:27:44,1,4.5,0.7561265826225281,4.8293614
AEGEAN,2025-11-09 19:14:06,1,4.5,0.7189202904701233,4.8309183
AEGEAN,2025-11-09 22:14:58,1,4.5,0.8024463653564453,4.8300967
AEGEAN,2025-11-09 23:41:20,1,4.5,0.798988401889801,4.827336
AEGEAN,2025-11-10 02:50:04,1,4.9,0.8178507089614868,4.8294463
AEGEAN,2025-11-10 03:26:22,1,4.9,0.8620178699493408,4.825236
AEGEAN,2025-11-10 03:53:56,1,4.9,0.9090400338172913,4.815773
AEGEAN,2025-11-10 04:18:03,1,4.9,0.9093499779701233,4.8065996
AEGEAN,2025-11-10 04:52:29,1,4.9,0.9258831739425659,4.7958536
AEGEAN,2025-11-10 06:44:57,1,4.9,0.9384315609931946,4.7839513
AEGEAN,2025-11-10 07:16:35,1,4.9,0.9485684037208557,4.774589
AEGEAN,2025-11-10 08:18:37,1,4.9,0.9443942308425903,4.773639
AEGEAN,2025-11-10 10:05:32,1,4.9,0.9453151822090149,4.763268
AEGEAN,2025-11-10 12:12:44,1,4.9,0.9320878386497498,4.769993
AEGEAN,2025-11-10 13:40:31,1,4.9,0.9196361303329468,4.7743363
AEGEAN,2025-11-10 18:23:21,1,4.7,0.9359996914863586,4.8098383
AEGEAN,2025-11-10 18:54:01,1,4.7,0.9373341202735901,4.808441
AEGEAN,2025-11-10 19:42:44,1,4.7,0.9404730796813965,4.806834
AEGEAN,2025-11-10 20:23:31,1,4.7,0.9323279857635498,4.8076186
AEGEAN,2025-11-10 21:17:37,1,4.7,0.9335511922836304,4.806169
AEGEAN,2025-11-10 22:44:18,1,4.7,0.9265772700309753,4.8055353
AEGEAN,2025-11-11 00:43:03,1,4.7,0.9223725199699402,4.8047028
EAFZ,2025-11-11 02:44:25,0,,0.3633870482444763,4.87545
AEGEAN,2025-11-11 02:45:48,1,4.7,0.9173652529716492,4.8008513
AEGEAN,2025-11-11 04:57:36,1,4.7,0.9248539805412292,4.7711463
AEGEAN,2025-11-11 07:10:52,1,4.7,0.9032257795333862,4.777346
AEGEAN,2025-11-11 11:34:16,1,4.7,0.8690948486328125,4.7862887
AEGEAN,2025-11-11 13:54:41,1,4.7,0.8461861610412598,4.790273
AEGEAN,2025-11-11 17:01:31,1,4.7,0.8280268907546997,4.785027
AEGEAN,2025-11-11 19:30:20,1,4.7,0.7926145792007446,4.785632
AEGEAN,2025-11-11 22:05:10,1,4.7,0.8144659399986267,4.7862606
AEGEAN,2025-11-11 23:31:55,1,4.7,0.8037769198417664,4.779608
AEGEAN,2025-11-12 05:04:19,1,4.7,0.8206104040145874,4.760362
AEGEAN,2025-11-12 07:43:06,1,4.7,0.7958559393882751,4.7617636
AEGEAN,2025-11-12 12:51:35,1,4.7,0.8197945952415466,4.7630987
AEGEAN,2025-11-12 14:53:54,1,4.7,0.8208691477775574,4.763861
AEGEAN,2025-11-12 16:54:44,1,4.7,0.8632860779762268,4.77713
EAFZ,2025-11-12 17:01:20,0,,0.3165002465248108,4.8701797
NAFZ,2025-11-12 17:34:49,0,,0.3012560307979584,4.8903913
AEGEAN,2025-11-12 21:06:26,1,4.7,0.8410047888755798,4.77922
AEGEAN,2025-11-13 02:58:43,1,4.7,0.8100895285606384,4.7843676
AEGEAN,2025-11-13 03:26:15,1,4.9,0.8933468461036682,4.825088
AEGEAN,2025-11-13 03:45:16,1,4.9,0.9251188635826111,4.8168955
AEGEAN,2025-11-13 03:58:56,1,4.9,0.9346843361854553,4.8130193
AEGEAN,2025-11-13 04:55:17,1,4.9,0.9213182330131531,4.8040195
AEGEAN,2025-11-13 06:08:25,1,4.9,0.9192394614219666,4.8019943
AEGEAN,2025-11-13 08:10:07,1,4.9,0.913521945476532,4.8012676
AEGEAN,2025-11-13 12:31:56,1,4.9,0.9047655463218689,4.7975574
AEGEAN,2025-11-13 16:52:00,1,4.9,0.893039345741272,4.799824
AEGEAN,2025-11-13 22:31:55,1,4.9,0.8960020542144775,4.7794824
AEGEAN,2025-11-14 02:57:17,1,4.9,0.8245702385902405,4.786129
AEGEAN,2025-11-14 11:06:14,1,4.9,0.7481001615524292,4.79605
AEGEAN,2025-11-14 20:32:42,1,4.9,0.665138840675354,4.7755613
EAFZ,2025-11-14 23:20:05,0,,0.351655513048172,4.8710384
AEGEAN,2025-11-15 03:08:34,1,4.9,0.7541356086730957,4.8120036
AEGEAN,2025-11-15 09:46:13,1,4.9,0.7933106422424316,4.830974
AEGEAN,2025-11-15 18:04:03,1,4.9,0.7552155256271362,4.833465
NAFZ,2025-11-15 18:39:51,0,,0.2827114760875702,4.8895116
AEGEAN,2025-11-15 21:26:41,1,4.9,0.755121111869812,4.833356
AEGEAN,2025-11-16 02:47:20,1,4.9,0.7329760789871216,4.832019
AEGEAN,2025-11-16 10:41:09,1,4.9,0.6962268948554993,4.836042
AEGEAN,2025-11-16 19:52:59,1,4.9,0.6828874945640564,4.836383
AEGEAN,2025-11-17 02:30:37,1,4.9,0.6752519011497498,4.83498
AEGEAN,2025-11-17 06:46:18,1,4.9,0.7040337324142456,4.833357
AEGEAN,2025-11-17 12:17:32,1,4.9,0.7261210680007935,4.8135257
AEGEAN,2025-11-17 16:31:11,1,4.9,0.7112067937850952,4.810204
EAFZ,2025-11-18 03:21:25,0,,0.3323376774787903,4.8713303
AEGEAN,2025-11-18 04:02:15,1,4.9,0.6266258955001831,4.8165894
NAFZ,2025-11-18 13:16:29,0,,0.29984503984451294,4.889252
AEGEAN,2025-11-18 13:34:35,1,4.9,0.5776949524879456,4.8190646
AEGEAN,2025-11-18 23:04:50,1,4.9,0.5489861369132996,4.8194933
AEGEAN,2025-11-19 20:57:11,1,4.9,0.5132789611816406,4.8261952
EAFZ,2025-11-20 00:39:36,0,,0.34076371788978577,4.872019
AEGEAN,2025-11-20 09:08:16,1,4.9,0.503687858581543,4.803942
CENTRAL,2025-11-20 11:23:26,1,4.9,0.27969473600387573,4.9607825
AEGEAN,2025-11-21 00:24:43,1,4.9,0.5605332851409912,4.8086696
EAFZ,2025-11-21 07:26:04,0,,0.3603735566139221,4.9012628
AEGEAN,2025-11-21 09:08:30,1,4.9,0.5527339577674866,4.8084283
AEGEAN,2025-11-21 18:29:04,1,4.9,0.5516453981399536,4.825807
AEGEAN,2025-11-21 21:08:20,1,4.9,0.6082369089126587,4.8226056
AEGEAN,2025-11-22 03:27:41,1,4.9,0.6255760192871094,4.821893
AEGEAN,2025-11-22 13:44:44,1,4.9,0.5778537392616272,4.8208146
AEGEAN,2025-11-22 23:13:11,1,4.9,0.5658106803894043,4.81737
AEGEAN,2025-11-23 01:03:49,1,4.9,0.6318201422691345,4.811572
EAFZ,2025-11-23 06:02:52,0,,0.34927311539649963,4.9023004
AEGEAN,2025-11-23 13:48:04,1,4.9,0.602155327796936,4.80922
AEGEAN,2025-11-23 19:20:31,1,4.9,0.6111211180686951,4.807702
NAFZ,2025-11-24 01:08:01,0,,0.3021422028541565,4.892787
CENTRAL,2025-11-24 03:31:15,1,4.9,0.28723660111427307,4.9589295
AEGEAN,2025-11-24 04:11:42,1,4.9,0.5858719944953918,4.8062906
AEGEAN,2025-11-24 20:16:21,1,4.9,0.5465475916862488,4.813107
AEGEAN,2025-11-25 12:24:20,1,4.9,0.5881323218345642,4.8189507
EAFZ,2025-11-25 14:15:45,0,,0.3301945626735687,4.9036856
AEGEAN,2025-11-26 02:07:11,1,4.9,0.5585591793060303,4.820911
AEGEAN,2025-11-26 11:09:20,1,4.9,0.5690498352050781,4.796381
AEGEAN,2025-11-27 05:21:27,1,4.9,0.49119630455970764,4.827268
AEGEAN,2025-11-27 18:47:34,1,4.9,0.5080666542053223,4.8280683
AEGEAN,2025-11-28 11:03:45,1,4.9,0.49815189838409424,4.832238
NAFZ,2025-11-28 23:08:08,0,,0.28608575463294983,4.8863916
AEGEAN,2025-11-29 00:00:38,1,4.9,0.452561616897583,4.8331723
AEGEAN,2025-11-29 14:39:27,1,4.9,0.5493955016136169,4.8332987
EAFZ,2025-11-29 14:58:08,0,,0.32906651496887207,4.9074597
CENTRAL,2025-11-30 05:48:57,1,4.9,0.31226974725723267,4.9554243
AEGEAN,2025-11-30 08:36:37,1,4.9,0.5387912392616272,4.842512
NAFZ,2025-11-30 21:34:26,0,,0.29918017983436584,4.8817334
AEGEAN,2025-12-01 01:18:16,1,4.9,0.4492492377758026,4.8437133
AEGEAN,2025-12-01 13:51:49,1,4.9,0.44725731015205383,4.8433886
EAFZ,2025-12-01 15:11:05,0,,0.3618209660053253,4.908475
AEGEAN,2025-12-01 23:16:57,1,4.9,0.46309414505958557,4.842156
AEGEAN,2025-12-02 05:50:22,1,4.9,0.4735846221446991,4.839614
AEGEAN,2025-12-03 03:57:08,1,4.9,0.4443729519844055,4.841101
AEGEAN,2025-12-03 17:37:06,1,4.9,0.43909183144569397,4.8413773
AEGEAN,2025-12-04 06:02:03,1,4.9,0.4689539074897766,4.8394136
EAFZ,2025-12-04 09:17:42,0,,0.30636921525001526,4.9089937
AEGEAN,2025-12-05 01:14:06,1,4.9,0.45247316360473633,4.8078957
NAFZ,2025-12-05 12:33:06,0,,0.320575475692749,4.8902493
AEGEAN,2025-12-05 17:29:28,1,4.9,0.42866113781929016,4.808747
AEGEAN,2025-12-06 03:06:13,1,4.9,0.4933535158634186,4.8187075
AEGEAN,2025-12-06 13:35:33,1,4.9,0.5135811567306519,4.815923
EAFZ,2025-12-06 14:37:16,1,4.7,0.3452186584472656,4.9082108
CENTRAL,2025-12-06 16:55:41,1,4.9,0.3299767076969147,4.952424
AEGEAN,2025-12-07 03:06:07,1,4.9,0.4406556785106659,4.8125753
AEGEAN,2025-12-07 14:37:53,1,4.9,0.4334050118923187,4.80908
AEGEAN,2025-12-07 18:18:47,1,4.9,0.4783134162425995,4.8101096
AEGEAN,2025-12-08 00:15:25,1,4.9,0.4646558165550232,4.810198
AEGEAN,2025-12-08 03:28:35,1,4.9,0.5170813202857971,4.80377
EAFZ,2025-12-08 11:49:20,1,4.7,0.3313179016113281,4.908814
AEGEAN,2025-12-08 21:36:49,1,4.9,0.4963143467903137,4.805214
AEGEAN,2025-12-09 10:18:13,1,4.9,0.476251482963562,4.803423
NAFZ,2025-12-09 12:34:14,0,,0.3289308249950409,4.9172425
EAFZ,2025-12-09 16:51:21,1,4.7,0.33729076385498047,4.86167
CENTRAL,2025-12-09 18:45:58,0,,0.36330944299697876,4.9710355
AEGEAN,2025-12-10 01:06:53,1,4.9,0.4857967495918274,4.805112
AEGEAN,2025-12-10 13:20:11,1,4.9,0.6186766028404236,4.8262124
AEGEAN,2025-12-11 01:06:25,1,4.9,0.639946460723877,4.826356
EAFZ,2025-12-11 05:53:27,1,4.7,0.31315773725509644,4.8653045
AEGEAN,2025-12-11 07:32:24,0,,0.7195917963981628,4.873973
AEGEAN,2025-12-11 15:50:33,0,,0.6989366412162781,4.8750944
AEGEAN,2025-12-11 19:40:15,0,,0.6265324354171753,4.8755784
EAFZ,2025-12-12 04:45:33,1,4.7,0.30742132663726807,4.860196
AEGEAN,2025-12-12 16:54:49,0,,0.6098393201828003,4.876465
EAFZ,2025-12-12 22:11:09,1,4.7,0.33259978890419006,4.85271
AEGEAN,2025-12-13 19:55:01,0,,0.5994335412979126,4.881862
NAFZ,2025-12-14 01:01:42,0,,0.321738064289093,4.918101
EAFZ,2025-12-14 08:06:11,1,4.7,0.3472774624824524,4.8511224
AEGEAN,2025-12-14 08:39:22,0,,0.5897486805915833,4.8812146
AEGEAN,2025-12-15 00:38:23,0,,0.521018385887146,4.8822694
NAFZ,2025-12-15 19:55:17,0,,0.32985660433769226,4.9161625
AEGEAN,2025-12-16 00:11:19,0,,0.5098371505737305,4.8859076
AEGEAN,2025-12-16 19:53:16,0,,0.42519786953926086,4.8324337
EAFZ,2025-12-17 01:15:09,1,4.7,0.3407236933708191,4.8746257
AEGEAN,2025-12-17 02:14:58,0,,0.43732666969299316,4.8317075
CENTRAL,2025-12-17 11:01:35,0,,0.34572723507881165,4.972105
AEGEAN,2025-12-18 04:03:32,0,,0.4532076120376587,4.8383217
EAFZ,2025-12-18 20:30:47,1,4.7,0.330180287361145,4.870617
AEGEAN,2025-12-18 23:06:31,0,,0.44019564986228943,4.83546
NAFZ,2025-12-19 00:24:13,0,,0.3122763931751251,4.9161034
EAFZ,2025-12-19 17:22:25,1,4.7,0.34442993998527527,4.878492
AEGEAN,2025-12-19 19:16:36,0,,0.4130825698375702,4.8364534
AEGEAN,2025-12-20 20:09:58,0,,0.407412588596344,4.829715
AEGEAN,2025-12-21 17:07:33,0,,0.4490997791290283,4.8291254
EAFZ,2025-12-21 22:18:26,1,4.7,0.3671398162841797,4.8832693
NAFZ,2025-12-22 09:58:20,0,,0.30907028913497925,4.9129014
AEGEAN,2025-12-22 18:59:56,1,4.5,0.43391257524490356,4.830721
AEGEAN,2025-12-23 08:45:04,1,4.5,0.4358091652393341,4.8303003
EAFZ,2025-12-23 21:29:36,1,4.7,0.353828489780426,4.884668
CENTRAL,2025-12-24 20:35:32,0,,0.35728150606155396,4.9722357
AEGEAN,2025-12-25 16:43:30,1,4.5,0.3892275393009186,4.8347774
EAFZ,2025-12-26 12:01:29,1,4.7,0.3151511549949646,4.8896627
AEGEAN,2025-12-26 15:15:02,1,4.5,0.3772672414779663,4.828433
NAFZ,2025-12-26 19:00:50,0,,0.3095172047615051,4.9119673
AEGEAN,2025-12-27 04:00:33,1,4.5,0.377827912569046,4.8268466
AEGEAN,2025-12-27 16:54:13,1,4.5,0.38537970185279846,4.8255186
AEGEAN,2025-12-27 23:19:17,1,4.5,0.43714043498039246,4.821917
EAFZ,2025-12-28 11:19:08,1,4.7,0.32438603043556213,4.891932
AEGEAN,2025-12-28 21:13:58,1,4.5,0.417171835899353,4.8234363
EAFZ,2025-12-29 19:29:35,1,4.7,0.3253529667854309,4.890207
AEGEAN,2025-12-29 22:27:26,1,4.5,0.41634416580200195,4.846525
CENTRAL,2025-12-30 21:16:57,0,,0.3300928473472595,4.972339
AEGEAN,2025-12-31 02:15:02,1,4.5,0.3971579372882843,4.8473296
EAFZ,2025-12-31 18:14:23,1,4.7,0.3056148290634155,4.886167
NAFZ,2025-12-31 18:18:25,0,,0.29785364866256714,4.9152055
AEGEAN,2025-12-31 22:51:12,1,4.5,0.4170965850353241,4.840992
AEGEAN,2026-01-01 10:01:07,1,4.5,0.42544499039649963,4.8377047
AEGEAN,2026-01-01 15:25:06,1,4.5,0.4292057454586029,4.8364315
AEGEAN,2026-01-02 13:44:58,1,4.5,0.44133898615837097,4.8402104
EAFZ,2026-01-02 22:34:34,1,4.7,0.3010095953941345,4.8879547
AEGEAN,2026-01-03 05:59:23,1,4.5,0.4153493344783783,4.841317
CENTRAL,2026-01-03 17:02:37,0,,0.37906426191329956,4.9631715
EAFZ,2026-01-03 23:24:29,0,,0.3816593885421753,4.9146986
AEGEAN,2026-01-04 13:42:48,1,4.5,0.38458681106567383,4.8420715
AEGEAN,2026-01-05 04:24:48,1,4.5,0.3840363025665283,4.824173
EAFZ,2026-01-05 08:11:46,0,,0.36544865369796753,4.9117093
NAFZ,2026-01-06 11:19:10,0,,0.3073272407054901,4.9141703
AEGEAN,2026-01-06 13:16:30,1,4.5,0.37688249349594116,4.8246756
AEGEAN,2026-01-07 09:44:50,1,4.5,0.4425256848335266,4.824586
EAFZ,2026-01-07 17:08:44,0,,0.3577355444431305,4.9104357
AEGEAN,2026-01-08 04:31:28,1,4.5,0.45353958010673523,4.8273034
AEGEAN,2026-01-08 16:38:33,1,4.5,0.408222496509552,4.8276362
EAFZ,2026-01-09 04:51:49,0,,0.38131657242774963,4.908112
AEGEAN,2026-01-09 09:00:17,1,4.5,0.4062151610851288,4.808021
CENTRAL,2026-01-09 21:34:29,0,,0.3529985249042511,4.9641886
AEGEAN,2026-01-09 23:56:32,1,4.5,0.38613876700401306,4.806267
EAFZ,2026-01-10 00:02:34,0,,0.3997311592102051,4.9058256
AEGEAN,2026-01-10 23:09:58,1,4.5,0.4160815179347992,4.850935
EAFZ,2026-01-11 09:06:15,0,,0.41142770648002625,4.907767
AEGEAN,2026-01-11 22:08:21,1,4.5,0.4049188494682312,4.8577766
NAFZ,2026-01-12 00:52:11,1,4.9,0.2817672789096832,4.8788266
AEGEAN,2026-01-13 09:14:22,1,4.5,0.4080756604671478,4.859388
EAFZ,2026-01-13 23:37:52,0,,0.3782377243041992,4.9110055
AEGEAN,2026-01-14 23:55:33,1,4.5,0.4715185761451721,4.863767
EAFZ,2026-01-15 10:18:14,0,,0.395363450050354,4.909019
NAFZ,2026-01-15 18:18:15,1,4.9,0.31369081139564514,4.87693
AEGEAN,2026-01-16 04:38:08,1,4.5,0.4280678331851959,4.865562
EAFZ,2026-01-17 08:37:25,0,,0.3662259876728058,4.876703
AEGEAN,2026-01-17 19:58:39,1,4.5,0.42824316024780273,4.869529
CENTRAL,2026-01-18 06:23:14,0,,0.3461063802242279,4.966383
AEGEAN,2026-01-18 23:09:30,1,4.5,0.4114644527435303,4.8716025
EAFZ,2026-01-19 01:10:41,0,,0.36415785551071167,4.878673
NAFZ,2026-01-20 18:10:07,1,4.9,0.30304938554763794,4.875404
AEGEAN,2026-01-20 20:23:46,1,4.5,0.39372673630714417,4.876321
AEGEAN,2026-01-21 14:55:03,1,4.5,0.44155198335647583,4.866205
EAFZ,2026-01-21 15:06:14,0,,0.3709048330783844,4.880203
AEGEAN,2026-01-21 17:01:24,1,5.1,0.4867936968803406,4.8913593
AEGEAN,2026-01-21 20:01:56,1,5.1,0.5450661778450012,4.885818
AEGEAN,2026-01-21 20:46:57,1,5.1,0.6239932179450989,4.878786
AEGEAN,2026-01-21 23:12:52,1,5.1,0.7115021347999573,4.871294
AEGEAN,2026-01-22 04:53:54,1,5.1,0.7456667423248291,4.8617735
AEGEAN,2026-01-22 18:08:25,1,5.1,0.7111956477165222,4.8494782
CENTRAL,2026-01-23 05:04:52,0,,0.31261470913887024,4.964484
AEGEAN,2026-01-23 10:27:39,1,5.1,0.6966425180435181,4.842287
AEGEAN,2026-01-23 21:30:43,0,,0.8077667355537415,4.864712
AEGEAN,2026-01-23 22:28:14,0,,0.8254308700561523,4.864645
EAFZ,2026-01-23 22:46:39,1,4.5,0.3656162917613983,4.8824716
AEGEAN,2026-01-24 01:42:09,0,,0.821739912033081,4.865333
AEGEAN,2026-01-24 06:27:45,0,,0.7922154068946838,4.8692303
AEGEAN,2026-01-24 10:15:13,0,,0.8159580826759338,4.868845
AEGEAN,2026-01-24 19:46:44,0,,0.7844047546386719,4.871699
AEGEAN,2026-01-25 05:06:52,0,,0.7704030275344849,4.8693147
EAFZ,2026-01-25 13:41:13,1,4.5,0.33088868856430054,4.8834395
AEGEAN,2026-01-25 14:29:24,0,,0.7753446698188782,4.865084
AEGEAN,2026-01-26 00:08:53,0,,0.7531940937042236,4.823302
AEGEAN,2026-01-26 06:06:16,0,,0.6965255737304688,4.835797
AEGEAN,2026-01-26 15:12:03,0,,0.622287929058075,4.839651
EAFZ,2026-01-26 16:11:41,1,4.5,0.36677172780036926,4.885915
NAFZ,2026-01-26 23:13:29,1,4.9,0.2639428377151489,4.8817005
AEGEAN,2026-01-26 23:39:33,0,,0.6829510927200317,4.841294
AEGEAN,2026-01-27 16:02:59,0,,0.59862220287323,4.8448787
EAFZ,2026-01-27 19:49:42,1,4.5,0.3269011378288269,4.8843403
AEGEAN,2026-01-28 13:43:04,0,,0.5709466934204102,4.8517656
CENTRAL,2026-01-28 19:43:44,0,,0.27015241980552673,4.930628
AEGEAN,2026-01-29 18:46:16,0,,0.439618319272995,4.858701
NAFZ,2026-01-29 19:06:41,1,4.9,0.3077464997768402,4.897336
AEGEAN,2026-01-30 03:17:30,0,,0.5395777821540833,4.859142
AEGEAN,2026-01-30 16:15:52,0,,0.515514612197876,4.860581
EAFZ,2026-01-30 17:53:41,1,4.5,0.3136066198348999,4.888565
AEGEAN,2026-01-31 10:54:15,0,,0.48430386185646057,4.835187
AEGEAN,2026-02-01 11:16:21,0,,0.4533674418926239,4.8387017
NAFZ,2026-02-02 01:18:34,1,4.9,0.3040032684803009,4.8948784
AEGEAN,2026-02-02 01:31:19,0,,0.5209879875183105,4.8384743
EAFZ,2026-02-02 06:46:34,1,4.5,0.3151070177555084,4.8889756
CENTRAL,2026-02-02 15:26:09,0,,0.28633517026901245,4.9283733
AEGEAN,2026-02-02 17:10:40,0,,0.46823400259017944,4.8406086
AEGEAN,2026-02-03 07:40:02,0,,0.42525115609169006,4.838597
EAFZ,2026-02-03 17:12:33,1,4.5,0.3068794906139374,4.884908
NAFZ,2026-02-04 07:25:13,1,4.9,0.3218258023262024,4.893686
EAFZ,2026-02-05 05:24:58,1,4.5,0.36641019582748413,4.886972
AEGEAN,2026-02-05 12:13:32,0,,0.4142250120639801,4.844402
EAFZ,2026-02-06 00:08:43,1,4.5,0.3672068417072296,4.8832397
AEGEAN,2026-02-06 12:53:35,0,,0.3900514245033264,4.8432407
AEGEAN,2026-02-07 06:40:37,1,5.1,0.3895089328289032,4.8291163
AEGEAN,2026-02-07 16:37:36,1,5.1,0.47081539034843445,4.861127
AEGEAN,2026-02-08 05:00:25,1,5.1,0.46566030383110046,4.8599067
NAFZ,2026-02-08 19:24:27,0,,0.3272504508495331,4.9483504
EAFZ,2026-02-09 12:53:43,1,4.5,0.3822590708732605,4.888067
AEGEAN,2026-02-09 16:51:41,1,5.1,0.471891313791275,4.8633075
CENTRAL,2026-02-09 20:10:26,0,,0.2855973541736603,4.927057
AEGEAN,2026-02-10 16:07:55,1,5.1,0.4585800766944885,4.8644605
NAFZ,2026-02-11 06:21:37,1,5.5,0.3803197741508484,4.9479074
AEGEAN,2026-02-11 12:24:33,1,5.1,0.46604812145233154,4.865141
EAFZ,2026-02-12 04:28:16,1,4.5,0.344247043132782,4.8731194
AEGEAN,2026-02-13 04:50:07,1,5.1,0.41349366307258606,4.8640547
EAFZ,2026-02-13 16:36:58,1,4.5,0.3250489830970764,4.8729796
NAFZ,2026-02-14 00:07:58,1,5.5,0.37962448596954346,4.9472146
EAFZ,2026-02-14 08:39:21,1,4.5,0.34758126735687256,4.866663
NAFZ,2026-02-15 01:24:26,1,5.5,0.4138384461402893,4.942886
AEGEAN,2026-02-15 03:55:58,1,5.1,0.4394535720348358,4.867926
EAFZ,2026-02-15 04:28:10,1,4.5,0.3496851921081543,4.855582
CENTRAL,2026-02-16 02:52:04,0,,0.2840120196342468,4.9282227
EAFZ,2026-02-16 10:46:21,1,4.5,0.34641069173812866,4.8535213
AEGEAN,2026-02-16 18:24:18,1,5.1,0.40515387058258057,4.8719373
AEGEAN,2026-02-17 03:10:44,1,5.1,0.4507804811000824,4.832239
NAFZ,2026-02-18 03:44:46,1,5.5,0.32805463671684265,4.937732
AEGEAN,2026-02-18 03:56:50,1,5.1,0.3829602599143982,4.8330517
AEGEAN,2026-02-18 11:31:58,1,5.1,0.3581829071044922,4.8156953
EAFZ,2026-02-19 01:38:15,1,4.5,0.30456849932670593,4.8162813
CENTRAL,2026-02-19 05:07:29,0,,0.28148767352104187,4.9268613
AEGEAN,2026-02-19 08:17:29,1,5.1,0.43865591287612915,4.850345
NAFZ,2026-02-19 13:49:14,1,5.5,0.33901822566986084,4.9351172
AEGEAN,2026-02-19 20:15:03,1,5.1,0.37479937076568604,4.8494825
EAFZ,2026-02-20 23:45:27,1,4.5,0.27978071570396423,4.8178086
AEGEAN,2026-02-21 02:32:19,1,5.1,0.37187737226486206,4.847483
EAFZ,2026-02-21 21:43:22,1,4.7,0.34293612837791443,4.8924427
AEGEAN,2026-02-22 06:21:54,1,5.1,0.4126127064228058,4.8467407
NAFZ,2026-02-22 10:54:28,1,5.5,0.33332785964012146,4.9347506
AEGEAN,2026-02-22 17:43:33,1,5.1,0.48757296800613403,4.8415866
EAFZ,2026-02-23 04:42:16,1,4.7,0.4031698405742645,4.8888445
AEGEAN,2026-02-23 06:40:21,1,5.1,0.5021352171897888,4.8422
CENTRAL,2026-02-23 11:30:32,0,,0.27209240198135376,4.926142
AEGEAN,2026-02-23 21:22:39,1,5.1,0.5189955830574036,4.840361
AEGEAN,2026-02-25 03:06:45,1,5.1,0.5002244710922241,4.845229
EAFZ,2026-02-25 09:16:11,1,4.7,0.3687482476234436,4.892508
AEGEAN,2026-02-26 00:07:20,1,5.1,0.5390258431434631,4.839973
EAFZ,2026-02-27 15:59:52,0,,0.38815057277679443,4.9083548
AEGEAN,2026-02-27 17:18:07,1,5.1,0.5103760957717896,4.8470116
AEGEAN,2026-03-01 05:03:25,1,5.1,0.5074514150619507,4.8474846
EAFZ,2026-03-01 13:50:30,0,,0.37759920954704285,4.9130473
CENTRAL,2026-03-01 23:33:21,0,,0.26785004138946533,4.9130526
AEGEAN,2026-03-02 06:48:36,1,5.1,0.46514660120010376,4.846847
NAFZ,2026-03-03 00:40:20,1,5.5,0.3057735562324524,4.9439907
EAFZ,2026-03-03 09:08:27,0,,0.42453861236572266,4.915646
AEGEAN,2026-03-03 18:44:49,1,5.1,0.4082312285900116,4.8504243
EAFZ,2026-03-04 12:36:42,0,,0.44133371114730835,4.911955
AEGEAN,2026-03-04 17:56:00,1,5.1,0.3620196282863617,4.8502517
CENTRAL,2026-03-05 04:58:08,0,,0.3132423758506775,4.902035
AEGEAN,2026-03-05 21:18:12,1,5.1,0.35222893953323364,4.8494654
EAFZ,2026-03-06 16:20:55,0,,0.44834181666374207,4.9129806
AEGEAN,2026-03-07 05:58:32,1,5.1,0.3275623917579651,4.8444786
NAFZ,2026-03-07 07:05:40,1,5.5,0.2808826267719269,4.904813
EAFZ,2026-03-08 04:59:30,0,,0.3766086995601654,4.913508
AEGEAN,2026-03-08 13:37:24,1,5.1,0.32555216550827026,4.8579683
AEGEAN,2026-03-09 06:23:31,0,,0.4031737744808197,4.915527
AEGEAN,2026-03-09 06:42:03,0,,0.49667710065841675,4.9113064
AEGEAN,2026-03-09 07:05:03,0,,0.6381101012229919,4.906068
AEGEAN,2026-03-09 08:05:20,0,,0.6772267818450928,4.89877
AEGEAN,2026-03-09 08:56:20,0,,0.7197462916374207,4.8927264
AEGEAN,2026-03-09 10:31:04,0,,0.7782037854194641,4.879225
AEGEAN,2026-03-09 12:42:44,0,,0.8350836038589478,4.857148
AEGEAN,2026-03-09 16:15:54,0,,0.8508126735687256,4.838602
AEGEAN,2026-03-09 20:20:25,0,,0.9111194014549255,4.776944
EAFZ,2026-03-09 21:23:12,0,,0.3596651256084442,4.914804
AEGEAN,2026-03-10 06:29:22,0,,0.8404078483581543,4.7958097
AEGEAN,2026-03-10 15:48:27,0,,0.7447385191917419,4.8065553
NAFZ,2026-03-10 22:33:18,1,5.5,0.27738502621650696,4.900148
AEGEAN,2026-03-11 06:10:49,0,,0.7738932371139526,4.818642
EAFZ,2026-03-11 18:57:20,0,,0.3650290369987488,4.9147596
AEGEAN,2026-03-12 15:01:16,1,4.8,0.6368104815483093,4.838139
NAFZ,2026-03-13 00:52:22,0,,0.3495444655418396,4.972446
NAFZ,2026-03-13 01:40:40,0,,0.35495346784591675,4.9688344
NAFZ,2026-03-13 07:01:35,0,,0.40207985043525696,4.965625
AEGEAN,2026-03-13 09:34:45,1,4.8,0.5404355525970459,4.84563
NAFZ,2026-03-13 14:39:58,0,,0.3821556866168976,4.9653144
EAFZ,2026-03-14 02:48:50,0,,0.358365923166275,4.895717
NAFZ,2026-03-14 04:49:15,0,,0.40483948588371277,4.9555593
NAFZ,2026-03-15 00:58:48,0,,0.41339319944381714,4.9430966
AEGEAN,2026-03-15 09:48:04,1,4.8,0.45747339725494385,4.8597865
EAFZ,2026-03-16 03:52:18,0,,0.3593456745147705,4.8945527
AEGEAN,2026-03-16 06:03:47,1,4.8,0.4350276291370392,4.8635497
NAFZ,2026-03-16 15:19:17,0,,0.4209611415863037,4.9341507
CENTRAL,2026-03-16 23:08:44,0,,0.32250356674194336,4.9274626
AEGEAN,2026-03-17 20:27:57,1,4.8,0.39005592465400696,4.8608274
NAFZ,2026-03-18 00:10:39,0,,0.43173354864120483,4.924547
AEGEAN,2026-03-19 05:20:57,1,4.8,0.38704246282577515,4.863429
AEGEAN,2026-03-19 20:12:35,1,4.8,0.389588326215744,4.8641095
AEGEAN,2026-03-20 04:52:02,1,4.8,0.3812404274940491,4.862898
AEGEAN,2026-03-20 21:17:34,1,4.8,0.42245638370513916,4.860915
EAFZ,2026-03-21 02:08:57,0,,0.32298967242240906,4.8861666
AEGEAN,2026-03-21 10:33:20,1,4.8,0.4427315294742584,4.8591223
AEGEAN,2026-03-22 10:41:28,1,4.8,0.4909113049507141,4.85559
NAFZ,2026-03-23 06:06:34,0,,0.34589317440986633,4.848645
AEGEAN,2026-03-23 23:54:30,1,4.8,0.4645770788192749,4.859488
CENTRAL,2026-03-24 05:26:28,0,,0.3017801344394684,4.9282184
EAFZ,2026-03-24 14:37:26,0,,0.318930447101593,4.8906183
AEGEAN,2026-03-25 11:54:51,1,4.8,0.4489896297454834,4.858968
EAFZ,2026-03-26 08:10:56,0,,0.42170286178588867,4.9040475
AEGEAN,2026-03-26 11:44:02,1,4.8,0.47258755564689636,4.8578334
NAFZ,2026-03-26 19:21:26,0,,0.326585590839386,4.859933
EAFZ,2026-03-28 00:59:42,0,,0.3406701385974884,4.904495
AEGEAN,2026-03-29 00:22:09,1,4.8,0.45563438534736633,4.866044
NAFZ,2026-03-29 23:07:02,0,,0.3131575286388397,4.865779
EAFZ,2026-03-30 04:23:37,0,,0.3600502014160156,4.9054146
AEGEAN,2026-03-30 10:56:20,1,4.8,0.417317658662796,4.85137
AEGEAN,2026-03-31 21:09:25,1,4.8,0.40362057089805603,4.8537664
EAFZ,2026-03-31 22:33:35,0,,0.3143976926803589,4.9026666
NAFZ,2026-04-01 10:31:07,0,,0.29881200194358826,4.856449
AEGEAN,2026-04-02 10:22:11,1,4.8,0.33989959955215454,4.855565
CENTRAL,2026-04-02 10:22:11,0,,0.3000609874725342,4.9301877
AEGEAN,2026-04-02 22:42:54,1,4.8,0.36462703347206116,4.8825846
AEGEAN,2026-04-03 07:00:38,1,4.8,0.37470734119415283,4.878346
EAFZ,2026-04-03 08:49:27,0,,0.3152308762073517,4.904355
NAFZ,2026-04-03 21:39:46,0,,0.29195815324783325,4.8600755
EAFZ,2026-04-04 18:44:29,0,,0.31851378083229065,4.9045444
AEGEAN,2026-04-05 02:42:16,1,4.8,0.3675040602684021,4.879732
AEGEAN,2026-04-05 20:40:57,1,4.8,0.3635004162788391,4.8777404
NAFZ,2026-04-06 06:13:48,0,,0.2877177894115448,4.862971
CENTRAL,2026-04-06 16:59:24,0,,0.308683842420578,4.9286513
EAFZ,2026-04-07 01:21:52,0,,0.3263120949268341,4.8994956
AEGEAN,2026-04-07 07:17:00,1,4.8,0.36409881711006165,4.8742647
EAFZ,2026-04-07 20:22:58,0,,0.3466782569885254,4.8924165
AEGEAN,2026-04-09 06:56:23,1,4.8,0.35711216926574707,4.8772335
EAFZ,2026-04-09 19:37:49,0,,0.4106951653957367,4.8464303
NAFZ,2026-04-10 14:03:22,0,,0.2923246920108795,4.9013014
EAFZ,2026-04-11 03:10:39,0,,0.3516165614128113,4.8442917
AEGEAN,2026-04-11 09:33:01,1,4.8,0.3552304208278656,4.8792434
AEGEAN,2026-04-11 14:36:30,0,,0.4399259686470032,4.903064
AEGEAN,2026-04-11 15:33:58,0,,0.5194730758666992,4.9010234
AEGEAN,2026-04-11 20:14:37,0,,0.5032651424407959,4.900749
AEGEAN,2026-04-12 04:48:19,0,,0.517157793045044,4.8936877
AEGEAN,2026-04-12 11:29:37,0,,0.5438240766525269,4.89053
CENTRAL,2026-04-12 11:29:37,0,,0.276603102684021,4.930293
AEGEAN,2026-04-14 00:01:45,0,,0.5128626823425293,4.891737
EAFZ,2026-04-14 03:11:58,0,,0.32139918208122253,4.8456454
NAFZ,2026-04-14 05:20:37,0,,0.2933220863342285,4.9040294
AEGEAN,2026-04-14 19:14:33,0,,0.5280206203460693,4.8827453
CENTRAL,2026-04-15 08:54:05,0,,0.3210822641849518,4.9289303
EAFZ,2026-04-15 11:55:24,0,,0.3295428156852722,4.8461995
EAFZ,2026-04-16 02:09:07,0,,0.40219050645828247,4.841529
NAFZ,2026-04-16 15:34:14,0,,0.303951233625412,4.900706
EAFZ,2026-04-17 06:37:45,0,,0.4243156313896179,4.8412976
AEGEAN,2026-04-18 03:13:38,0,,0.4804253578186035,4.8912864
EAFZ,2026-04-18 11:31:58,0,,0.48466920852661133,4.8390203
NAFZ,2026-04-18 12:58:10,0,,0.32835260033607483,4.902425
AEGEAN,2026-04-19 06:21:49,0,,0.4574705958366394,4.8445344
EAFZ,2026-04-20 04:05:14,0,,0.35138633847236633,4.842992
EAFZ,2026-04-21 18:07:27,1,5.6,0.30757802724838257,4.835921
AEGEAN,2026-04-21 22:50:58,0,,0.36994075775146484,4.848179
CENTRAL,2026-04-22 06:12:23,0,,0.3037961423397064,4.929748
AEGEAN,2026-04-22 19:46:21,0,,0.32125452160835266,4.846966
NAFZ,2026-04-22 23:50:06,0,,0.3128480613231659,4.904308
EAFZ,2026-04-23 01:58:25,1,5.6,0.3932643234729767,4.8353033
EAFZ,2026-04-24 18:38:25,1,5.6,0.4072973430156708,4.845684
AEGEAN,2026-04-24 19:24:49,0,,0.32750415802001953,4.8516517
EAFZ,2026-04-25 13:38:08,1,5.6,0.3630646765232086,4.841762
AEGEAN,2026-04-26 05:41:42,0,,0.3239789307117462,4.856718
EAFZ,2026-04-26 22:40:51,1,5.6,0.3733672499656677,4.886581
NAFZ,2026-04-27 11:49:16,0,,0.32822781801223755,4.907289
AEGEAN,2026-04-27 13:52:39,0,,0.3372099697589874,4.8560886
EAFZ,2026-04-27 15:11:15,1,5.6,0.3872717320919037,4.886231
EAFZ,2026-04-28 18:06:02,1,5.6,0.36047884821891785,4.8837023
NAFZ,2026-04-29 13:56:57,0,,0.3145955204963684,4.9062204
EAFZ,2026-04-29 18:15:26,1,5.6,0.37860730290412903,4.8809566
CENTRAL,2026-04-29 20:30:52,0,,0.2915711998939514,4.930287
EAFZ,2026-04-30 21:57:47,1,5.6,0.3724544942378998,4.88281
AEGEAN,2026-04-30 22:08:42,0,,0.32950931787490845,4.8621736
AEGEAN,2026-05-02 05:53:20,0,,0.3173443377017975,4.837158
NAFZ,2026-05-03 04:29:18,0,,0.3138810396194458,4.9077086
EAFZ,2026-05-03 04:32:05,1,5.6,0.3573530912399292,4.885292
EAFZ,2026-05-03 11:44:31,1,5.6,0.3915213346481323,4.880072
AEGEAN,2026-05-03 16:37:32,0,,0.3232492506504059,4.836587
CENTRAL,2026-05-03 16:37:32,0,,0.2671685516834259,4.880041
EAFZ,2026-05-05 06:52:24,1,5.6,0.38382256031036377,4.8830156
NAFZ,2026-05-05 08:06:40,0,,0.317371666431427,4.9013515
EAFZ,2026-05-06 02:22:21,1,5.6,0.4200749695301056,4.88065
AEGEAN,2026-05-06 03:47:23,0,,0.33963772654533386,4.836497
EAFZ,2026-05-07 13:35:37,1,5.6,0.3863612115383148,4.84266
AEGEAN,2026-05-07 19:18:33,0,,0.3380037844181061,4.8470216
CENTRAL,2026-05-07 22:35:22,0,,0.27949851751327515,4.8795214
EAFZ,2026-05-08 07:47:49,1,5.6,0.4052444100379944,4.8443875
NAFZ,2026-05-08 23:11:19,0,,0.32824814319610596,4.9010506
AEGEAN,2026-05-09 09:35:07,0,,0.34146538376808167,4.8460474
EAFZ,2026-05-09 17:04:56,1,5.6,0.3684815466403961,4.844464
AEGEAN,2026-05-10 10:33:47,0,,0.33778131008148193,4.8440757
CENTRAL,2026-05-10 10:58:56,0,,0.2661426365375519,4.8760314
EAFZ,2026-05-10 13:59:39,1,5.6,0.3411315083503723,4.840657
EAFZ,2026-05-11 07:00:18,1,5.6,0.36910033226013184,4.836375
NAFZ,2026-05-11 13:31:45,0,,0.3145376741886139,4.8982973
EAFZ,2026-05-11 20:59:12,1,5.6,0.36867570877075195,4.8394265
EAFZ,2026-05-12 10:54:14,1,5.6,0.37650546431541443,4.8345532
AEGEAN,2026-05-12 14:20:22,0,,0.34931039810180664,4.8872724
EAFZ,2026-05-13 07:20:50,1,5.6,0.3639572560787201,4.8267097
EAFZ,2026-05-14 10:08:41,1,5.6,0.354812353849411,4.8266034
AEGEAN,2026-05-15 10:36:35,0,,0.3358250558376312,4.886682
NAFZ,2026-05-16 16:33:47,0,,0.2885375916957855,4.886382
AEGEAN,2026-05-17 00:04:02,0,,0.332039475440979,4.886314
CENTRAL,2026-05-17 00:04:02,0,,0.24899442493915558,4.8673124
EAFZ,2026-05-17 02:53:32,1,5.6,0.3330322206020355,4.831834
EAFZ,2026-05-18 17:18:05,1,5.6,0.3376917839050293,4.8352604
EAFZ,2026-05-19 13:54:56,1,5.6,0.3652806878089905,4.8364983
EAFZ,2026-05-20 06:17:21,1,4.9,0.4260203242301941,4.935394
EAFZ,2026-05-20 07:21:06,1,4.9,0.4803617000579834,4.9345365
AEGEAN,2026-05-20 11:35:44,0,,0.3472033739089966,4.891494
NAFZ,2026-05-20 13:30:51,0,,0.2791895568370819,4.8858376
EAFZ,2026-05-20 16:47:34,1,4.9,0.5268418788909912,4.934802
EAFZ,2026-05-21 15:02:33,1,4.9,0.513062596321106,4.934577
EAFZ,2026-05-23 12:42:16,1,4.9,0.46169760823249817,4.9391913
AEGEAN,2026-05-23 19:12:20,0,,0.342495322227478,4.8942804
EAFZ,2026-05-24 01:47:21,1,4.6,0.5092616677284241,4.9292846
EAFZ,2026-05-24 04:43:31,1,4.6,0.5450189113616943,4.9190254
EAFZ,2026-05-24 14:41:27,1,4.6,0.554375171661377,4.9186497
NAFZ,2026-05-25 04:53:19,0,,0.27848389744758606,4.8873587
EAFZ,2026-05-25 14:45:31,1,4.6,0.5074297785758972,4.8887653
EAFZ,2026-05-25 23:34:48,1,4.6,0.5111380815505981,4.8901496
EAFZ,2026-05-26 10:15:28,1,4.6,0.5625366568565369,4.8906198
EAFZ,2026-05-27 13:46:54,1,4.6,0.5485122203826904,4.8906984
AEGEAN,2026-05-27 14:59:03,0,,0.34096285700798035,4.89625
AEGEAN,2026-05-28 06:09:17,0,,0.34112557768821716,4.89532
